nohup: ignoring input
[action][watch] scan round=1
[action] start split=train, total=651
[action] 2018_SF_IF_Adelina: using keyframes from keyframe_selector/outputs/fs1000_all_frame_indices/2018_SF_IF_Adelina/selected_frame_indices.csv (121 rows)
[action] saved ../FS1000 Dataset/static_resnet50_keyframe_cache/static_resnet50_keyframe_2018_SF_IF_Adelina_T121.npy, shape=(121, 2048)
[action] 2018_SF_IF_Allison: using keyframes from keyframe_selector/outputs/fs1000_all_frame_indices/2018_SF_IF_Allison/selected_frame_indices.csv (121 rows)
[action] saved ../FS1000 Dataset/static_resnet50_keyframe_cache/static_resnet50_keyframe_2018_SF_IF_Allison_T121.npy, shape=(121, 2048)
[action] 2018_SF_IF_Betina: using keyframes from keyframe_selector/outputs/fs1000_all_frame_indices/2018_SF_IF_Betina/selected_frame_indices.csv (121 rows)
[action] saved ../FS1000 Dataset/static_resnet50_keyframe_cache/static_resnet50_keyframe_2018_SF_IF_Betina_T121.npy, shape=(121, 2048)
[action] 2018_SF_IF_Piper: using keyframes from keyframe_selector/outputs/fs1000_all_frame_indices/2018_SF_IF_Piper/selected_frame_indices.csv (120 rows)
[action] saved ../FS1000 Dataset/static_resnet50_keyframe_cache/static_resnet50_keyframe_2018_SF_IF_Piper_T120.npy, shape=(120, 2048)
[action] 2018_SF_IR_Adelina: using keyframes from keyframe_selector/outputs/fs1000_all_frame_indices/2018_SF_IR_Adelina/selected_frame_indices.csv (86 rows)
[action] saved ../FS1000 Dataset/static_resnet50_keyframe_cache/static_resnet50_keyframe_2018_SF_IR_Adelina_T86.npy, shape=(86, 2048)
[action] 2018_SF_IR_Allison: using keyframes from keyframe_selector/outputs/fs1000_all_frame_indices/2018_SF_IR_Allison/selected_frame_indices.csv (86 rows)
[action] saved ../FS1000 Dataset/static_resnet50_keyframe_cache/static_resnet50_keyframe_2018_SF_IR_Allison_T86.npy, shape=(86, 2048)
[action] 2018_SF_IR_Olivia: using keyframes from keyframe_selector/outputs/fs1000_all_frame_indices/2018_SF_IR_Olivia/selected_frame_indices.csv (87 rows)
[action] saved ../FS1000 Dataset/static_resnet50_keyframe_cache/static_resnet50_keyframe_2018_SF_IR_Olivia_T87.npy, shape=(87, 2048)
[action] 2018_SF_IR_Victoria: using keyframes from keyframe_selector/outputs/fs1000_all_frame_indices/2018_SF_IR_Victoria/selected_frame_indices.csv (88 rows)
[action] saved ../FS1000 Dataset/static_resnet50_keyframe_cache/static_resnet50_keyframe_2018_SF_IR_Victoria_T88.npy, shape=(88, 2048)
[action] 2018_SF_IR_Marie: using keyframes from keyframe_selector/outputs/fs1000_all_frame_indices/2018_SF_IR_Marie/selected_frame_indices.csv (86 rows)
[action] saved ../FS1000 Dataset/static_resnet50_keyframe_cache/static_resnet50_keyframe_2018_SF_IR_Marie_T86.npy, shape=(86, 2048)
[action] 2018_SF_IR_Rachel: using keyframes from keyframe_selector/outputs/fs1000_all_frame_indices/2018_SF_IR_Rachel/selected_frame_indices.csv (87 rows)
[action] saved ../FS1000 Dataset/static_resnet50_keyframe_cache/static_resnet50_keyframe_2018_SF_IR_Rachel_T87.npy, shape=(87, 2048)
[action] 2018_SF_IR_Gabriella: using keyframes from keyframe_selector/outputs/fs1000_all_frame_indices/2018_SF_IR_Gabriella/selected_frame_indices.csv (83 rows)
[action] saved ../FS1000 Dataset/static_resnet50_keyframe_cache/static_resnet50_keyframe_2018_SF_IR_Gabriella_T83.npy, shape=(83, 2048)
[action] 2018_SF_LF_Kaori: using keyframes from keyframe_selector/outputs/fs1000_all_frame_indices/2018_SF_LF_Kaori/selected_frame_indices.csv (119 rows)
[action] saved ../FS1000 Dataset/static_resnet50_keyframe_cache/static_resnet50_keyframe_2018_SF_LF_Kaori_T119.npy, shape=(119, 2048)
[action] 2018_SF_LF_Alina: using keyframes from keyframe_selector/outputs/fs1000_all_frame_indices/2018_SF_LF_Alina/selected_frame_indices.csv (121 rows)
[action] saved ../FS1000 Dataset/static_resnet50_keyframe_cache/static_resnet50_keyframe_2018_SF_LF_Alina_T121.npy, shape=(121, 2048)
[action] 2018_SF_IF_Alexandra_Ivan: using keyframes from keyframe_selector/outputs/fs1000_all_frame_indices/2018_SF_IF_Alexandra_Ivan/selected_frame_indices.csv (119 rows)
[action] saved ../FS1000 Dataset/static_resnet50_keyframe_cache/static_resnet50_keyframe_2018_SF_IF_Alexandra_Ivan_T119.npy, shape=(119, 2048)
[action] 2018_SF_IF_Charlene_Marco: using keyframes from keyframe_selector/outputs/fs1000_all_frame_indices/2018_SF_IF_Charlene_Marco/selected_frame_indices.csv (125 rows)
[action] saved ../FS1000 Dataset/static_resnet50_keyframe_cache/static_resnet50_keyframe_2018_SF_IF_Charlene_Marco_T125.npy, shape=(125, 2048)
[action] 2018_SF_IF_Kaitlin_Jean-Luc: using keyframes from keyframe_selector/outputs/fs1000_all_frame_indices/2018_SF_IF_Kaitlin_Jean-Luc/selected_frame_indices.csv (113 rows)
[action] saved ../FS1000 Dataset/static_resnet50_keyframe_cache/static_resnet50_keyframe_2018_SF_IF_Kaitlin_Jean-Luc_T113.npy, shape=(113, 2048)
[action] 2018_SF_IF_Tiffani_Jonathan: using keyframes from keyframe_selector/outputs/fs1000_all_frame_indices/2018_SF_IF_Tiffani_Jonathan/selected_frame_indices.csv (123 rows)
[action] saved ../FS1000 Dataset/static_resnet50_keyframe_cache/static_resnet50_keyframe_2018_SF_IF_Tiffani_Jonathan_T123.npy, shape=(123, 2048)
[action] 2018_SF_IF_Vixtoria_Nikita: using keyframes from keyframe_selector/outputs/fs1000_all_frame_indices/2018_SF_IF_Vixtoria_Nikita/selected_frame_indices.csv (118 rows)
[action] saved ../FS1000 Dataset/static_resnet50_keyframe_cache/static_resnet50_keyframe_2018_SF_IF_Vixtoria_Nikita_T118.npy, shape=(118, 2048)
[action] 2018_SE_MS_Javier: using keyframes from keyframe_selector/outputs/fs1000_all_frame_indices/2018_SE_MS_Javier/selected_frame_indices.csv (82 rows)
[action] saved ../FS1000 Dataset/static_resnet50_keyframe_cache/static_resnet50_keyframe_2018_SE_MS_Javier_T82.npy, shape=(82, 2048)
[action] 2018_SE_MS_Kevin: using keyframes from keyframe_selector/outputs/fs1000_all_frame_indices/2018_SE_MS_Kevin/selected_frame_indices.csv (82 rows)
[action] saved ../FS1000 Dataset/static_resnet50_keyframe_cache/static_resnet50_keyframe_2018_SE_MS_Kevin_T82.npy, shape=(82, 2048)
[action] 2018_SE_MS_Maxim: using keyframes from keyframe_selector/outputs/fs1000_all_frame_indices/2018_SE_MS_Maxim/selected_frame_indices.csv (85 rows)
[action] saved ../FS1000 Dataset/static_resnet50_keyframe_cache/static_resnet50_keyframe_2018_SE_MS_Maxim_T85.npy, shape=(85, 2048)
[action] 2018_SE_MS_Michal: using keyframes from keyframe_selector/outputs/fs1000_all_frame_indices/2018_SE_MS_Michal/selected_frame_indices.csv (86 rows)
[action] saved ../FS1000 Dataset/static_resnet50_keyframe_cache/static_resnet50_keyframe_2018_SE_MS_Michal_T86.npy, shape=(86, 2048)
[action] 2018_SE_MS_Matteo: using keyframes from keyframe_selector/outputs/fs1000_all_frame_indices/2018_SE_MS_Matteo/selected_frame_indices.csv (85 rows)
[action] saved ../FS1000 Dataset/static_resnet50_keyframe_cache/static_resnet50_keyframe_2018_SE_MS_Matteo_T85.npy, shape=(85, 2048)
[action] 2018_SE_MS_Vladimir: using keyframes from keyframe_selector/outputs/fs1000_all_frame_indices/2018_SE_MS_Vladimir/selected_frame_indices.csv (81 rows)
[action] saved ../FS1000 Dataset/static_resnet50_keyframe_cache/static_resnet50_keyframe_2018_SE_MS_Vladimir_T81.npy, shape=(81, 2048)
[action] 2018_SE_MS_Morisi: using keyframes from keyframe_selector/outputs/fs1000_all_frame_indices/2018_SE_MS_Morisi/selected_frame_indices.csv (84 rows)
[action] saved ../FS1000 Dataset/static_resnet50_keyframe_cache/static_resnet50_keyframe_2018_SE_MS_Morisi_T84.npy, shape=(84, 2048)
[action] 2018_SE_MS_Paul: using keyframes from keyframe_selector/outputs/fs1000_all_frame_indices/2018_SE_MS_Paul/selected_frame_indices.csv (83 rows)
[action] saved ../FS1000 Dataset/static_resnet50_keyframe_cache/static_resnet50_keyframe_2018_SE_MS_Paul_T83.npy, shape=(83, 2048)
[action] 2018_SE_MS_Sondre: using keyframes from keyframe_selector/outputs/fs1000_all_frame_indices/2018_SE_MS_Sondre/selected_frame_indices.csv (82 rows)
[action] saved ../FS1000 Dataset/static_resnet50_keyframe_cache/static_resnet50_keyframe_2018_SE_MS_Sondre_T82.npy, shape=(82, 2048)
[action] 2018_SE_MS_Luc: using keyframes from keyframe_selector/outputs/fs1000_all_frame_indices/2018_SE_MS_Luc/selected_frame_indices.csv (82 rows)
[action] saved ../FS1000 Dataset/static_resnet50_keyframe_cache/static_resnet50_keyframe_2018_SE_MS_Luc_T82.npy, shape=(82, 2048)
[action] 2018_SE_MS_Slavik: using keyframes from keyframe_selector/outputs/fs1000_all_frame_indices/2018_SE_MS_Slavik/selected_frame_indices.csv (82 rows)
[action] saved ../FS1000 Dataset/static_resnet50_keyframe_cache/static_resnet50_keyframe_2018_SE_MS_Slavik_T82.npy, shape=(82, 2048)
[action] 2018_SE_MS_Nikolaj: using keyframes from keyframe_selector/outputs/fs1000_all_frame_indices/2018_SE_MS_Nikolaj/selected_frame_indices.csv (82 rows)
[action] saved ../FS1000 Dataset/static_resnet50_keyframe_cache/static_resnet50_keyframe_2018_SE_MS_Nikolaj_T82.npy, shape=(82, 2048)
[action] 2018_SE_MS_Yakau: using keyframes from keyframe_selector/outputs/fs1000_all_frame_indices/2018_SE_MS_Yakau/selected_frame_indices.csv (87 rows)
[action] saved ../FS1000 Dataset/static_resnet50_keyframe_cache/static_resnet50_keyframe_2018_SE_MS_Yakau_T87.npy, shape=(87, 2048)
[action] 2018_SE_MS_Lukas: using keyframes from keyframe_selector/outputs/fs1000_all_frame_indices/2018_SE_MS_Lukas/selected_frame_indices.csv (81 rows)
[action] saved ../FS1000 Dataset/static_resnet50_keyframe_cache/static_resnet50_keyframe_2018_SE_MS_Lukas_T81.npy, shape=(81, 2048)
[action] 2018_SE_MS_Roman: using keyframes from keyframe_selector/outputs/fs1000_all_frame_indices/2018_SE_MS_Roman/selected_frame_indices.csv (81 rows)
[action] saved ../FS1000 Dataset/static_resnet50_keyframe_cache/static_resnet50_keyframe_2018_SE_MS_Roman_T81.npy, shape=(81, 2048)
[action] 2018_SE_MS_Michael: using keyframes from keyframe_selector/outputs/fs1000_all_frame_indices/2018_SE_MS_Michael/selected_frame_indices.csv (83 rows)
[action] saved ../FS1000 Dataset/static_resnet50_keyframe_cache/static_resnet50_keyframe_2018_SE_MS_Michael_T83.npy, shape=(83, 2048)
[action] done split=train, processed=34, existing=135, waiting_keyframes=482
[action] start split=val, total=160
[action] 2018_SE_MS_Mikhail: using keyframes from keyframe_selector/outputs/fs1000_all_frame_indices/2018_SE_MS_Mikhail/selected_frame_indices.csv (80 rows)
[action] saved ../FS1000 Dataset/static_resnet50_keyframe_cache/static_resnet50_keyframe_2018_SE_MS_Mikhail_T80.npy, shape=(80, 2048)
[action] 2018_SF_IF_Marie: using keyframes from keyframe_selector/outputs/fs1000_all_frame_indices/2018_SF_IF_Marie/selected_frame_indices.csv (117 rows)
[action] saved ../FS1000 Dataset/static_resnet50_keyframe_cache/static_resnet50_keyframe_2018_SF_IF_Marie_T117.npy, shape=(117, 2048)
[action] 2018_SE_MS_Matyas: using keyframes from keyframe_selector/outputs/fs1000_all_frame_indices/2018_SE_MS_Matyas/selected_frame_indices.csv (80 rows)
[action] saved ../FS1000 Dataset/static_resnet50_keyframe_cache/static_resnet50_keyframe_2018_SE_MS_Matyas_T80.npy, shape=(80, 2048)
[action] 2018_SF_IF_Madison_Zachary: using keyframes from keyframe_selector/outputs/fs1000_all_frame_indices/2018_SF_IF_Madison_Zachary/selected_frame_indices.csv (120 rows)
[action] saved ../FS1000 Dataset/static_resnet50_keyframe_cache/static_resnet50_keyframe_2018_SF_IF_Madison_Zachary_T120.npy, shape=(120, 2048)
[action] 2018_SF_IR_Kaitlin: using keyframes from keyframe_selector/outputs/fs1000_all_frame_indices/2018_SF_IR_Kaitlin/selected_frame_indices.csv (88 rows)
[action] saved ../FS1000 Dataset/static_resnet50_keyframe_cache/static_resnet50_keyframe_2018_SF_IR_Kaitlin_T88.npy, shape=(88, 2048)
[action] 2018_SF_IR_Betina: using keyframes from keyframe_selector/outputs/fs1000_all_frame_indices/2018_SF_IR_Betina/selected_frame_indices.csv (88 rows)
[action] saved ../FS1000 Dataset/static_resnet50_keyframe_cache/static_resnet50_keyframe_2018_SF_IR_Betina_T88.npy, shape=(88, 2048)
[action] 2018_SE_MS_Thomas: using keyframes from keyframe_selector/outputs/fs1000_all_frame_indices/2018_SE_MS_Thomas/selected_frame_indices.csv (83 rows)
[action] saved ../FS1000 Dataset/static_resnet50_keyframe_cache/static_resnet50_keyframe_2018_SE_MS_Thomas_T83.npy, shape=(83, 2048)
[action] 2018_SF_IR_Piper: using keyframes from keyframe_selector/outputs/fs1000_all_frame_indices/2018_SF_IR_Piper/selected_frame_indices.csv (85 rows)
[action] saved ../FS1000 Dataset/static_resnet50_keyframe_cache/static_resnet50_keyframe_2018_SF_IR_Piper_T85.npy, shape=(85, 2048)
[action] 2018_SF_LF_Elizaveta: using keyframes from keyframe_selector/outputs/fs1000_all_frame_indices/2018_SF_LF_Elizaveta/selected_frame_indices.csv (121 rows)
[action] saved ../FS1000 Dataset/static_resnet50_keyframe_cache/static_resnet50_keyframe_2018_SF_LF_Elizaveta_T121.npy, shape=(121, 2048)
[action] 2018_SF_IF_Kaitlin: using keyframes from keyframe_selector/outputs/fs1000_all_frame_indices/2018_SF_IF_Kaitlin/selected_frame_indices.csv (122 rows)
[action] saved ../FS1000 Dataset/static_resnet50_keyframe_cache/static_resnet50_keyframe_2018_SF_IF_Kaitlin_T122.npy, shape=(122, 2048)
[action] 2018_SF_IF_Gabriella: using keyframes from keyframe_selector/outputs/fs1000_all_frame_indices/2018_SF_IF_Gabriella/selected_frame_indices.csv (120 rows)
[action] saved ../FS1000 Dataset/static_resnet50_keyframe_cache/static_resnet50_keyframe_2018_SF_IF_Gabriella_T120.npy, shape=(120, 2048)
[action] 2018_SF_LF_Rika: using keyframes from keyframe_selector/outputs/fs1000_all_frame_indices/2018_SF_LF_Rika/selected_frame_indices.csv (117 rows)
[action] saved ../FS1000 Dataset/static_resnet50_keyframe_cache/static_resnet50_keyframe_2018_SF_LF_Rika_T117.npy, shape=(117, 2048)
[action] done split=val, processed=12, existing=27, waiting_keyframes=121
[action][watch] round=1 processed=46, total_processed=46, waiting_keyframes=603
[action][watch] scan round=2
[action] start split=train, total=651
[action] 2018_SF_LF_Satoko: using keyframes from keyframe_selector/outputs/fs1000_all_frame_indices/2018_SF_LF_Satoko/selected_frame_indices.csv (115 rows)
[action] saved ../FS1000 Dataset/static_resnet50_keyframe_cache/static_resnet50_keyframe_2018_SF_LF_Satoko_T115.npy, shape=(115, 2048)
[action] done split=train, processed=1, existing=169, waiting_keyframes=481
[action] start split=val, total=160
[action] done split=val, processed=0, existing=39, waiting_keyframes=121
[action][watch] round=2 processed=1, total_processed=47, waiting_keyframes=602
[action][watch] scan round=3
[action] start split=train, total=651
[action] done split=train, processed=0, existing=170, waiting_keyframes=481
[action] start split=val, total=160
[action] done split=val, processed=0, existing=39, waiting_keyframes=121
[action][watch] waiting for new keyframe outputs: pending=602, idle=1s/600s, sleep=30s
[action][watch] scan round=4
[action] start split=train, total=651
[action] done split=train, processed=0, existing=170, waiting_keyframes=481
[action] start split=val, total=160
[action] done split=val, processed=0, existing=39, waiting_keyframes=121
[action][watch] waiting for new keyframe outputs: pending=602, idle=32s/600s, sleep=30s
[action][watch] scan round=5
[action] start split=train, total=651
[action] 2018_SF_LF_Sofia: using keyframes from keyframe_selector/outputs/fs1000_all_frame_indices/2018_SF_LF_Sofia/selected_frame_indices.csv (121 rows)
[action] saved ../FS1000 Dataset/static_resnet50_keyframe_cache/static_resnet50_keyframe_2018_SF_LF_Sofia_T121.npy, shape=(121, 2048)
[action] done split=train, processed=1, existing=170, waiting_keyframes=480
[action] start split=val, total=160
[action] done split=val, processed=0, existing=39, waiting_keyframes=121
[action][watch] round=5 processed=1, total_processed=48, waiting_keyframes=601
[action][watch] scan round=6
[action] start split=train, total=651
[action] done split=train, processed=0, existing=171, waiting_keyframes=480
[action] start split=val, total=160
[action] done split=val, processed=0, existing=39, waiting_keyframes=121
[action][watch] waiting for new keyframe outputs: pending=601, idle=1s/600s, sleep=30s
[action][watch] scan round=7
[action] start split=train, total=651
[action] 2018_SF_LS_Alina: using keyframes from keyframe_selector/outputs/fs1000_all_frame_indices/2018_SF_LS_Alina/selected_frame_indices.csv (75 rows)
[action] saved ../FS1000 Dataset/static_resnet50_keyframe_cache/static_resnet50_keyframe_2018_SF_LS_Alina_T75.npy, shape=(75, 2048)
[action] done split=train, processed=1, existing=171, waiting_keyframes=479
[action] start split=val, total=160
[action] done split=val, processed=0, existing=39, waiting_keyframes=121
[action][watch] round=7 processed=1, total_processed=49, waiting_keyframes=600
[action][watch] scan round=8
[action] start split=train, total=651
[action] done split=train, processed=0, existing=172, waiting_keyframes=479
[action] start split=val, total=160
[action] done split=val, processed=0, existing=39, waiting_keyframes=121
[action][watch] waiting for new keyframe outputs: pending=600, idle=2s/600s, sleep=30s
[action][watch] scan round=9
[action] start split=train, total=651
[action] 2018_SF_LS_Elizaveta: using keyframes from keyframe_selector/outputs/fs1000_all_frame_indices/2018_SF_LS_Elizaveta/selected_frame_indices.csv (83 rows)
[action] saved ../FS1000 Dataset/static_resnet50_keyframe_cache/static_resnet50_keyframe_2018_SF_LS_Elizaveta_T83.npy, shape=(83, 2048)
[action] done split=train, processed=1, existing=172, waiting_keyframes=478
[action] start split=val, total=160
[action] done split=val, processed=0, existing=39, waiting_keyframes=121
[action][watch] round=9 processed=1, total_processed=50, waiting_keyframes=599
[action][watch] scan round=10
[action] start split=train, total=651
[action] done split=train, processed=0, existing=173, waiting_keyframes=478
[action] start split=val, total=160
[action] done split=val, processed=0, existing=39, waiting_keyframes=121
[action][watch] waiting for new keyframe outputs: pending=599, idle=1s/600s, sleep=30s
[action][watch] scan round=11
[action] start split=train, total=651
[action] done split=train, processed=0, existing=173, waiting_keyframes=478
[action] start split=val, total=160
[action] done split=val, processed=0, existing=39, waiting_keyframes=121
[action][watch] waiting for new keyframe outputs: pending=599, idle=32s/600s, sleep=30s
[action][watch] scan round=12
[action] start split=train, total=651
[action] 2018_SF_LS_Kaori: using keyframes from keyframe_selector/outputs/fs1000_all_frame_indices/2018_SF_LS_Kaori/selected_frame_indices.csv (82 rows)
[action] saved ../FS1000 Dataset/static_resnet50_keyframe_cache/static_resnet50_keyframe_2018_SF_LS_Kaori_T82.npy, shape=(82, 2048)
[action] done split=train, processed=1, existing=173, waiting_keyframes=477
[action] start split=val, total=160
[action] done split=val, processed=0, existing=39, waiting_keyframes=121
[action][watch] round=12 processed=1, total_processed=51, waiting_keyframes=598
[action][watch] scan round=13
[action] start split=train, total=651
[action] done split=train, processed=0, existing=174, waiting_keyframes=477
[action] start split=val, total=160
[action] done split=val, processed=0, existing=39, waiting_keyframes=121
[action][watch] waiting for new keyframe outputs: pending=598, idle=1s/600s, sleep=30s
[action][watch] scan round=14
[action] start split=train, total=651
[action] done split=train, processed=0, existing=174, waiting_keyframes=477
[action] start split=val, total=160
[action] done split=val, processed=0, existing=39, waiting_keyframes=121
[action][watch] waiting for new keyframe outputs: pending=598, idle=31s/600s, sleep=30s
[action][watch] scan round=15
[action] start split=train, total=651
[action] 2018_SF_LS_Rika: using keyframes from keyframe_selector/outputs/fs1000_all_frame_indices/2018_SF_LS_Rika/selected_frame_indices.csv (81 rows)
[action] saved ../FS1000 Dataset/static_resnet50_keyframe_cache/static_resnet50_keyframe_2018_SF_LS_Rika_T81.npy, shape=(81, 2048)
[action] done split=train, processed=1, existing=174, waiting_keyframes=476
[action] start split=val, total=160
[action] done split=val, processed=0, existing=39, waiting_keyframes=121
[action][watch] round=15 processed=1, total_processed=52, waiting_keyframes=597
[action][watch] scan round=16
[action] start split=train, total=651
[action] done split=train, processed=0, existing=175, waiting_keyframes=476
[action] start split=val, total=160
[action] done split=val, processed=0, existing=39, waiting_keyframes=121
[action][watch] waiting for new keyframe outputs: pending=597, idle=1s/600s, sleep=30s
[action][watch] scan round=17
[action] start split=train, total=651
[action] done split=train, processed=0, existing=175, waiting_keyframes=476
[action] start split=val, total=160
[action] 2018_SF_LS_Satoko: using keyframes from keyframe_selector/outputs/fs1000_all_frame_indices/2018_SF_LS_Satoko/selected_frame_indices.csv (82 rows)
[action] saved ../FS1000 Dataset/static_resnet50_keyframe_cache/static_resnet50_keyframe_2018_SF_LS_Satoko_T82.npy, shape=(82, 2048)
[action] done split=val, processed=1, existing=39, waiting_keyframes=120
[action][watch] round=17 processed=1, total_processed=53, waiting_keyframes=596
[action][watch] scan round=18
[action] start split=train, total=651
[action] done split=train, processed=0, existing=175, waiting_keyframes=476
[action] start split=val, total=160
[action] done split=val, processed=0, existing=40, waiting_keyframes=120
[action][watch] waiting for new keyframe outputs: pending=596, idle=1s/600s, sleep=30s
[action][watch] scan round=19
[action] start split=train, total=651
[action] done split=train, processed=0, existing=175, waiting_keyframes=476
[action] start split=val, total=160
[action] done split=val, processed=0, existing=40, waiting_keyframes=120
[action][watch] waiting for new keyframe outputs: pending=596, idle=31s/600s, sleep=30s
[action][watch] scan round=20
[action] start split=train, total=651
[action] 2018_SF_LS_Sofia: using keyframes from keyframe_selector/outputs/fs1000_all_frame_indices/2018_SF_LS_Sofia/selected_frame_indices.csv (82 rows)
[action] saved ../FS1000 Dataset/static_resnet50_keyframe_cache/static_resnet50_keyframe_2018_SF_LS_Sofia_T82.npy, shape=(82, 2048)
[action] done split=train, processed=1, existing=175, waiting_keyframes=475
[action] start split=val, total=160
[action] done split=val, processed=0, existing=40, waiting_keyframes=120
[action][watch] round=20 processed=1, total_processed=54, waiting_keyframes=595
[action][watch] scan round=21
[action] start split=train, total=651
[action] done split=train, processed=0, existing=176, waiting_keyframes=475
[action] start split=val, total=160
[action] done split=val, processed=0, existing=40, waiting_keyframes=120
[action][watch] waiting for new keyframe outputs: pending=595, idle=1s/600s, sleep=30s
[action][watch] scan round=22
[action] start split=train, total=651
[action] done split=train, processed=0, existing=176, waiting_keyframes=475
[action] start split=val, total=160
[action] done split=val, processed=0, existing=40, waiting_keyframes=120
[action][watch] waiting for new keyframe outputs: pending=595, idle=31s/600s, sleep=30s
[action][watch] scan round=23
[action] start split=train, total=651
[action] done split=train, processed=0, existing=176, waiting_keyframes=475
[action] start split=val, total=160
[action] done split=val, processed=0, existing=40, waiting_keyframes=120
[action][watch] waiting for new keyframe outputs: pending=595, idle=62s/600s, sleep=30s
[action][watch] scan round=24
[action] start split=train, total=651
[action] 2018_SF_MF_Alexander: using keyframes from keyframe_selector/outputs/fs1000_all_frame_indices/2018_SF_MF_Alexander/selected_frame_indices.csv (128 rows)
[action] saved ../FS1000 Dataset/static_resnet50_keyframe_cache/static_resnet50_keyframe_2018_SF_MF_Alexander_T128.npy, shape=(128, 2048)
[action] done split=train, processed=1, existing=176, waiting_keyframes=474
[action] start split=val, total=160
[action] done split=val, processed=0, existing=40, waiting_keyframes=120
[action][watch] round=24 processed=1, total_processed=55, waiting_keyframes=594
[action][watch] scan round=25
[action] start split=train, total=651
[action] done split=train, processed=0, existing=177, waiting_keyframes=474
[action] start split=val, total=160
[action] done split=val, processed=0, existing=40, waiting_keyframes=120
[action][watch] waiting for new keyframe outputs: pending=594, idle=1s/600s, sleep=30s
[action][watch] scan round=26
[action] start split=train, total=651
[action] done split=train, processed=0, existing=177, waiting_keyframes=474
[action] start split=val, total=160
[action] done split=val, processed=0, existing=40, waiting_keyframes=120
[action][watch] waiting for new keyframe outputs: pending=594, idle=31s/600s, sleep=30s
[action][watch] scan round=27
[action] start split=train, total=651
[action] 2018_SF_MF_Boyang: using keyframes from keyframe_selector/outputs/fs1000_all_frame_indices/2018_SF_MF_Boyang/selected_frame_indices.csv (124 rows)
[action] saved ../FS1000 Dataset/static_resnet50_keyframe_cache/static_resnet50_keyframe_2018_SF_MF_Boyang_T124.npy, shape=(124, 2048)
[action] done split=train, processed=1, existing=177, waiting_keyframes=473
[action] start split=val, total=160
[action] done split=val, processed=0, existing=40, waiting_keyframes=120
[action][watch] round=27 processed=1, total_processed=56, waiting_keyframes=593
[action][watch] scan round=28
[action] start split=train, total=651
[action] done split=train, processed=0, existing=178, waiting_keyframes=473
[action] start split=val, total=160
[action] done split=val, processed=0, existing=40, waiting_keyframes=120
[action][watch] waiting for new keyframe outputs: pending=593, idle=1s/600s, sleep=30s
[action][watch] scan round=29
[action] start split=train, total=651
[action] done split=train, processed=0, existing=178, waiting_keyframes=473
[action] start split=val, total=160
[action] done split=val, processed=0, existing=40, waiting_keyframes=120
[action][watch] waiting for new keyframe outputs: pending=593, idle=31s/600s, sleep=30s
[action][watch] scan round=30
[action] start split=train, total=651
[action] 2018_SF_MF_Daniel: using keyframes from keyframe_selector/outputs/fs1000_all_frame_indices/2018_SF_MF_Daniel/selected_frame_indices.csv (121 rows)
[action] saved ../FS1000 Dataset/static_resnet50_keyframe_cache/static_resnet50_keyframe_2018_SF_MF_Daniel_T121.npy, shape=(121, 2048)
[action] done split=train, processed=1, existing=178, waiting_keyframes=472
[action] start split=val, total=160
[action] done split=val, processed=0, existing=40, waiting_keyframes=120
[action][watch] round=30 processed=1, total_processed=57, waiting_keyframes=592
[action][watch] scan round=31
[action] start split=train, total=651
[action] done split=train, processed=0, existing=179, waiting_keyframes=472
[action] start split=val, total=160
[action] done split=val, processed=0, existing=40, waiting_keyframes=120
[action][watch] waiting for new keyframe outputs: pending=592, idle=1s/600s, sleep=30s
[action][watch] scan round=32
[action] start split=train, total=651
[action] done split=train, processed=0, existing=179, waiting_keyframes=472
[action] start split=val, total=160
[action] done split=val, processed=0, existing=40, waiting_keyframes=120
[action][watch] waiting for new keyframe outputs: pending=592, idle=33s/600s, sleep=30s
[action][watch] scan round=33
[action] start split=train, total=651
[action] done split=train, processed=0, existing=179, waiting_keyframes=472
[action] start split=val, total=160
[action] done split=val, processed=0, existing=40, waiting_keyframes=120
[action][watch] waiting for new keyframe outputs: pending=592, idle=63s/600s, sleep=30s
[action][watch] scan round=34
[action] start split=train, total=651
[action] 2018_SF_MF_Deniss: using keyframes from keyframe_selector/outputs/fs1000_all_frame_indices/2018_SF_MF_Deniss/selected_frame_indices.csv (120 rows)
[action] saved ../FS1000 Dataset/static_resnet50_keyframe_cache/static_resnet50_keyframe_2018_SF_MF_Deniss_T120.npy, shape=(120, 2048)
[action] train: 200/651
[action] done split=train, processed=1, existing=179, waiting_keyframes=471
[action] start split=val, total=160
[action] done split=val, processed=0, existing=40, waiting_keyframes=120
[action][watch] round=34 processed=1, total_processed=58, waiting_keyframes=591
[action][watch] scan round=35
[action] start split=train, total=651
[action] done split=train, processed=0, existing=180, waiting_keyframes=471
[action] start split=val, total=160
[action] done split=val, processed=0, existing=40, waiting_keyframes=120
[action][watch] waiting for new keyframe outputs: pending=591, idle=1s/600s, sleep=30s
[action][watch] scan round=36
[action] start split=train, total=651
[action] done split=train, processed=0, existing=180, waiting_keyframes=471
[action] start split=val, total=160
[action] done split=val, processed=0, existing=40, waiting_keyframes=120
[action][watch] waiting for new keyframe outputs: pending=591, idle=32s/600s, sleep=30s
[action][watch] scan round=37
[action] start split=train, total=651
[action] done split=train, processed=0, existing=180, waiting_keyframes=471
[action] start split=val, total=160
[action] 2018_SF_MF_Dmitri: using keyframes from keyframe_selector/outputs/fs1000_all_frame_indices/2018_SF_MF_Dmitri/selected_frame_indices.csv (124 rows)
[action] saved ../FS1000 Dataset/static_resnet50_keyframe_cache/static_resnet50_keyframe_2018_SF_MF_Dmitri_T124.npy, shape=(124, 2048)
[action] done split=val, processed=1, existing=40, waiting_keyframes=119
[action][watch] round=37 processed=1, total_processed=59, waiting_keyframes=590
[action][watch] scan round=38
[action] start split=train, total=651
[action] done split=train, processed=0, existing=180, waiting_keyframes=471
[action] start split=val, total=160
[action] done split=val, processed=0, existing=41, waiting_keyframes=119
[action][watch] waiting for new keyframe outputs: pending=590, idle=1s/600s, sleep=30s
[action][watch] scan round=39
[action] start split=train, total=651
[action] done split=train, processed=0, existing=180, waiting_keyframes=471
[action] start split=val, total=160
[action] done split=val, processed=0, existing=41, waiting_keyframes=119
[action][watch] waiting for new keyframe outputs: pending=590, idle=32s/600s, sleep=30s
[action][watch] scan round=40
[action] start split=train, total=651
[action] 2018_SF_MF_Jason: using keyframes from keyframe_selector/outputs/fs1000_all_frame_indices/2018_SF_MF_Jason/selected_frame_indices.csv (122 rows)
[action] saved ../FS1000 Dataset/static_resnet50_keyframe_cache/static_resnet50_keyframe_2018_SF_MF_Jason_T122.npy, shape=(122, 2048)
[action] done split=train, processed=1, existing=180, waiting_keyframes=470
[action] start split=val, total=160
[action] done split=val, processed=0, existing=41, waiting_keyframes=119
[action][watch] round=40 processed=1, total_processed=60, waiting_keyframes=589
[action][watch] scan round=41
[action] start split=train, total=651
[action] done split=train, processed=0, existing=181, waiting_keyframes=470
[action] start split=val, total=160
[action] done split=val, processed=0, existing=41, waiting_keyframes=119
[action][watch] waiting for new keyframe outputs: pending=589, idle=1s/600s, sleep=30s
[action][watch] scan round=42
[action] start split=train, total=651
[action] done split=train, processed=0, existing=181, waiting_keyframes=470
[action] start split=val, total=160
[action] done split=val, processed=0, existing=41, waiting_keyframes=119
[action][watch] waiting for new keyframe outputs: pending=589, idle=32s/600s, sleep=30s
[action][watch] scan round=43
[action] start split=train, total=651
[action] done split=train, processed=0, existing=181, waiting_keyframes=470
[action] start split=val, total=160
[action] done split=val, processed=0, existing=41, waiting_keyframes=119
[action][watch] waiting for new keyframe outputs: pending=589, idle=63s/600s, sleep=30s
[action][watch] scan round=44
[action] start split=train, total=651
[action] 2018_SF_MF_Keiji: using keyframes from keyframe_selector/outputs/fs1000_all_frame_indices/2018_SF_MF_Keiji/selected_frame_indices.csv (125 rows)
[action] saved ../FS1000 Dataset/static_resnet50_keyframe_cache/static_resnet50_keyframe_2018_SF_MF_Keiji_T125.npy, shape=(125, 2048)
[action] done split=train, processed=1, existing=181, waiting_keyframes=469
[action] start split=val, total=160
[action] done split=val, processed=0, existing=41, waiting_keyframes=119
[action][watch] round=44 processed=1, total_processed=61, waiting_keyframes=588
[action][watch] scan round=45
[action] start split=train, total=651
[action] done split=train, processed=0, existing=182, waiting_keyframes=469
[action] start split=val, total=160
[action] done split=val, processed=0, existing=41, waiting_keyframes=119
[action][watch] waiting for new keyframe outputs: pending=588, idle=1s/600s, sleep=30s
[action][watch] scan round=46
[action] start split=train, total=651
[action] done split=train, processed=0, existing=182, waiting_keyframes=469
[action] start split=val, total=160
[action] done split=val, processed=0, existing=41, waiting_keyframes=119
[action][watch] waiting for new keyframe outputs: pending=588, idle=31s/600s, sleep=30s
[action][watch] scan round=47
[action] start split=train, total=651
[action] 2018_SF_MF_Kevin: using keyframes from keyframe_selector/outputs/fs1000_all_frame_indices/2018_SF_MF_Kevin/selected_frame_indices.csv (123 rows)
[action] saved ../FS1000 Dataset/static_resnet50_keyframe_cache/static_resnet50_keyframe_2018_SF_MF_Kevin_T123.npy, shape=(123, 2048)
[action] done split=train, processed=1, existing=182, waiting_keyframes=468
[action] start split=val, total=160
[action] done split=val, processed=0, existing=41, waiting_keyframes=119
[action][watch] round=47 processed=1, total_processed=62, waiting_keyframes=587
[action][watch] scan round=48
[action] start split=train, total=651
[action] done split=train, processed=0, existing=183, waiting_keyframes=468
[action] start split=val, total=160
[action] done split=val, processed=0, existing=41, waiting_keyframes=119
[action][watch] waiting for new keyframe outputs: pending=587, idle=1s/600s, sleep=30s
[action][watch] scan round=49
[action] start split=train, total=651
[action] done split=train, processed=0, existing=183, waiting_keyframes=468
[action] start split=val, total=160
[action] done split=val, processed=0, existing=41, waiting_keyframes=119
[action][watch] waiting for new keyframe outputs: pending=587, idle=32s/600s, sleep=30s
[action][watch] scan round=50
[action] start split=train, total=651
[action] 2018_SF_MF_Nathan: using keyframes from keyframe_selector/outputs/fs1000_all_frame_indices/2018_SF_MF_Nathan/selected_frame_indices.csv (122 rows)
[action] saved ../FS1000 Dataset/static_resnet50_keyframe_cache/static_resnet50_keyframe_2018_SF_MF_Nathan_T122.npy, shape=(122, 2048)
[action] done split=train, processed=1, existing=183, waiting_keyframes=467
[action] start split=val, total=160
[action] done split=val, processed=0, existing=41, waiting_keyframes=119
[action][watch] round=50 processed=1, total_processed=63, waiting_keyframes=586
[action][watch] scan round=51
[action] start split=train, total=651
[action] done split=train, processed=0, existing=184, waiting_keyframes=467
[action] start split=val, total=160
[action] done split=val, processed=0, existing=41, waiting_keyframes=119
[action][watch] waiting for new keyframe outputs: pending=586, idle=1s/600s, sleep=30s
[action][watch] scan round=52
[action] start split=train, total=651
[action] done split=train, processed=0, existing=184, waiting_keyframes=467
[action] start split=val, total=160
[action] done split=val, processed=0, existing=41, waiting_keyframes=119
[action][watch] waiting for new keyframe outputs: pending=586, idle=32s/600s, sleep=30s
[action][watch] scan round=53
[action] start split=train, total=651
[action] done split=train, processed=0, existing=184, waiting_keyframes=467
[action] start split=val, total=160
[action] done split=val, processed=0, existing=41, waiting_keyframes=119
[action][watch] waiting for new keyframe outputs: pending=586, idle=63s/600s, sleep=30s
[action][watch] scan round=54
[action] start split=train, total=651
[action] 2018_SF_MF_Romain: using keyframes from keyframe_selector/outputs/fs1000_all_frame_indices/2018_SF_MF_Romain/selected_frame_indices.csv (124 rows)
[action] saved ../FS1000 Dataset/static_resnet50_keyframe_cache/static_resnet50_keyframe_2018_SF_MF_Romain_T124.npy, shape=(124, 2048)
[action] done split=train, processed=1, existing=184, waiting_keyframes=466
[action] start split=val, total=160
[action] done split=val, processed=0, existing=41, waiting_keyframes=119
[action][watch] round=54 processed=1, total_processed=64, waiting_keyframes=585
[action][watch] scan round=55
[action] start split=train, total=651
[action] done split=train, processed=0, existing=185, waiting_keyframes=466
[action] start split=val, total=160
[action] done split=val, processed=0, existing=41, waiting_keyframes=119
[action][watch] waiting for new keyframe outputs: pending=585, idle=1s/600s, sleep=30s
[action][watch] scan round=56
[action] start split=train, total=651
[action] done split=train, processed=0, existing=185, waiting_keyframes=466
[action] start split=val, total=160
[action] 2018_SF_MS_Junhwan: using keyframes from keyframe_selector/outputs/fs1000_all_frame_indices/2018_SF_MS_Junhwan/selected_frame_indices.csv (76 rows)
[action] saved ../FS1000 Dataset/static_resnet50_keyframe_cache/static_resnet50_keyframe_2018_SF_MS_Junhwan_T76.npy, shape=(76, 2048)
[action] done split=val, processed=1, existing=41, waiting_keyframes=118
[action][watch] round=56 processed=1, total_processed=65, waiting_keyframes=584
[action][watch] scan round=57
[action] start split=train, total=651
[action] done split=train, processed=0, existing=185, waiting_keyframes=466
[action] start split=val, total=160
[action] done split=val, processed=0, existing=42, waiting_keyframes=118
[action][watch] waiting for new keyframe outputs: pending=584, idle=1s/600s, sleep=30s
[action][watch] scan round=58
[action] start split=train, total=651
[action] done split=train, processed=0, existing=185, waiting_keyframes=466
[action] start split=val, total=160
[action] done split=val, processed=0, existing=42, waiting_keyframes=118
[action][watch] waiting for new keyframe outputs: pending=584, idle=31s/600s, sleep=30s
[action][watch] scan round=59
[action] start split=train, total=651
[action] 2018_SF_MS_Keegan: using keyframes from keyframe_selector/outputs/fs1000_all_frame_indices/2018_SF_MS_Keegan/selected_frame_indices.csv (83 rows)
[action] saved ../FS1000 Dataset/static_resnet50_keyframe_cache/static_resnet50_keyframe_2018_SF_MS_Keegan_T83.npy, shape=(83, 2048)
[action] done split=train, processed=1, existing=185, waiting_keyframes=465
[action] start split=val, total=160
[action] done split=val, processed=0, existing=42, waiting_keyframes=118
[action][watch] round=59 processed=1, total_processed=66, waiting_keyframes=583
[action][watch] scan round=60
[action] start split=train, total=651
[action] done split=train, processed=0, existing=186, waiting_keyframes=465
[action] start split=val, total=160
[action] done split=val, processed=0, existing=42, waiting_keyframes=118
[action][watch] waiting for new keyframe outputs: pending=583, idle=1s/600s, sleep=30s
[action][watch] scan round=61
[action] start split=train, total=651
[action] 2018_SF_MS_Michal: using keyframes from keyframe_selector/outputs/fs1000_all_frame_indices/2018_SF_MS_Michal/selected_frame_indices.csv (87 rows)
[action] saved ../FS1000 Dataset/static_resnet50_keyframe_cache/static_resnet50_keyframe_2018_SF_MS_Michal_T87.npy, shape=(87, 2048)
[action] done split=train, processed=1, existing=186, waiting_keyframes=464
[action] start split=val, total=160
[action] done split=val, processed=0, existing=42, waiting_keyframes=118
[action][watch] round=61 processed=1, total_processed=67, waiting_keyframes=582
[action][watch] scan round=62
[action] start split=train, total=651
[action] done split=train, processed=0, existing=187, waiting_keyframes=464
[action] start split=val, total=160
[action] done split=val, processed=0, existing=42, waiting_keyframes=118
[action][watch] waiting for new keyframe outputs: pending=582, idle=1s/600s, sleep=30s
[action][watch] scan round=63
[action] start split=train, total=651
[action] done split=train, processed=0, existing=187, waiting_keyframes=464
[action] start split=val, total=160
[action] done split=val, processed=0, existing=42, waiting_keyframes=118
[action][watch] waiting for new keyframe outputs: pending=582, idle=32s/600s, sleep=30s
[action][watch] scan round=64
[action] start split=train, total=651
[action] 2018_SF_MS_Nathan: using keyframes from keyframe_selector/outputs/fs1000_all_frame_indices/2018_SF_MS_Nathan/selected_frame_indices.csv (83 rows)
[action] saved ../FS1000 Dataset/static_resnet50_keyframe_cache/static_resnet50_keyframe_2018_SF_MS_Nathan_T83.npy, shape=(83, 2048)
[action] done split=train, processed=1, existing=187, waiting_keyframes=463
[action] start split=val, total=160
[action] done split=val, processed=0, existing=42, waiting_keyframes=118
[action][watch] round=64 processed=1, total_processed=68, waiting_keyframes=581
[action][watch] scan round=65
[action] start split=train, total=651
[action] done split=train, processed=0, existing=188, waiting_keyframes=463
[action] start split=val, total=160
[action] done split=val, processed=0, existing=42, waiting_keyframes=118
[action][watch] waiting for new keyframe outputs: pending=581, idle=1s/600s, sleep=30s
[action][watch] scan round=66
[action] start split=train, total=651
[action] done split=train, processed=0, existing=188, waiting_keyframes=463
[action] start split=val, total=160
[action] 2018_SF_MS_Sergei: using keyframes from keyframe_selector/outputs/fs1000_all_frame_indices/2018_SF_MS_Sergei/selected_frame_indices.csv (83 rows)
[action] saved ../FS1000 Dataset/static_resnet50_keyframe_cache/static_resnet50_keyframe_2018_SF_MS_Sergei_T83.npy, shape=(83, 2048)
[action] done split=val, processed=1, existing=42, waiting_keyframes=117
[action][watch] round=66 processed=1, total_processed=69, waiting_keyframes=580
[action][watch] scan round=67
[action] start split=train, total=651
[action] done split=train, processed=0, existing=188, waiting_keyframes=463
[action] start split=val, total=160
[action] done split=val, processed=0, existing=43, waiting_keyframes=117
[action][watch] waiting for new keyframe outputs: pending=580, idle=1s/600s, sleep=30s
[action][watch] scan round=68
[action] start split=train, total=651
[action] done split=train, processed=0, existing=188, waiting_keyframes=463
[action] start split=val, total=160
[action] done split=val, processed=0, existing=43, waiting_keyframes=117
[action][watch] waiting for new keyframe outputs: pending=580, idle=32s/600s, sleep=30s
[action][watch] scan round=69
[action] start split=train, total=651
[action] 2018_SF_MS_Shoma: using keyframes from keyframe_selector/outputs/fs1000_all_frame_indices/2018_SF_MS_Shoma/selected_frame_indices.csv (83 rows)
[action] saved ../FS1000 Dataset/static_resnet50_keyframe_cache/static_resnet50_keyframe_2018_SF_MS_Shoma_T83.npy, shape=(83, 2048)
[action] done split=train, processed=1, existing=188, waiting_keyframes=462
[action] start split=val, total=160
[action] done split=val, processed=0, existing=43, waiting_keyframes=117
[action][watch] round=69 processed=1, total_processed=70, waiting_keyframes=579
[action][watch] scan round=70
[action] start split=train, total=651
[action] done split=train, processed=0, existing=189, waiting_keyframes=462
[action] start split=val, total=160
[action] done split=val, processed=0, existing=43, waiting_keyframes=117
[action][watch] waiting for new keyframe outputs: pending=579, idle=1s/600s, sleep=30s
[action][watch] scan round=71
[action] start split=train, total=651
[action] done split=train, processed=0, existing=189, waiting_keyframes=462
[action] start split=val, total=160
[action] done split=val, processed=0, existing=43, waiting_keyframes=117
[action][watch] waiting for new keyframe outputs: pending=579, idle=32s/600s, sleep=30s
[action][watch] scan round=72
[action] start split=train, total=651
[action] done split=train, processed=0, existing=189, waiting_keyframes=462
[action] start split=val, total=160
[action] done split=val, processed=0, existing=43, waiting_keyframes=117
[action][watch] waiting for new keyframe outputs: pending=579, idle=62s/600s, sleep=30s
[action][watch] scan round=73
[action] start split=train, total=651
[action] done split=train, processed=0, existing=189, waiting_keyframes=462
[action] start split=val, total=160
[action] 2018_SF_PF_Aleksandra: using keyframes from keyframe_selector/outputs/fs1000_all_frame_indices/2018_SF_PF_Aleksandra/selected_frame_indices.csv (122 rows)
[action] saved ../FS1000 Dataset/static_resnet50_keyframe_cache/static_resnet50_keyframe_2018_SF_PF_Aleksandra_T122.npy, shape=(122, 2048)
[action] done split=val, processed=1, existing=43, waiting_keyframes=116
[action][watch] round=73 processed=1, total_processed=71, waiting_keyframes=578
[action][watch] scan round=74
[action] start split=train, total=651
[action] done split=train, processed=0, existing=189, waiting_keyframes=462
[action] start split=val, total=160
[action] done split=val, processed=0, existing=44, waiting_keyframes=116
[action][watch] waiting for new keyframe outputs: pending=578, idle=1s/600s, sleep=30s
[action][watch] scan round=75
[action] start split=train, total=651
[action] done split=train, processed=0, existing=189, waiting_keyframes=462
[action] start split=val, total=160
[action] done split=val, processed=0, existing=44, waiting_keyframes=116
[action][watch] waiting for new keyframe outputs: pending=578, idle=32s/600s, sleep=30s
[action][watch] scan round=76
[action] start split=train, total=651
[action] 2018_SF_PF_Audrey: using keyframes from keyframe_selector/outputs/fs1000_all_frame_indices/2018_SF_PF_Audrey/selected_frame_indices.csv (121 rows)
[action] saved ../FS1000 Dataset/static_resnet50_keyframe_cache/static_resnet50_keyframe_2018_SF_PF_Audrey_T121.npy, shape=(121, 2048)
[action] done split=train, processed=1, existing=189, waiting_keyframes=461
[action] start split=val, total=160
[action] done split=val, processed=0, existing=44, waiting_keyframes=116
[action][watch] round=76 processed=1, total_processed=72, waiting_keyframes=577
[action][watch] scan round=77
[action] start split=train, total=651
[action] done split=train, processed=0, existing=190, waiting_keyframes=461
[action] start split=val, total=160
[action] done split=val, processed=0, existing=44, waiting_keyframes=116
[action][watch] waiting for new keyframe outputs: pending=577, idle=1s/600s, sleep=30s
[action][watch] scan round=78
[action] start split=train, total=651
[action] done split=train, processed=0, existing=190, waiting_keyframes=461
[action] start split=val, total=160
[action] done split=val, processed=0, existing=44, waiting_keyframes=116
[action][watch] waiting for new keyframe outputs: pending=577, idle=32s/600s, sleep=30s
[action][watch] scan round=79
[action] start split=train, total=651
[action] 2018_SF_PF_Camille: using keyframes from keyframe_selector/outputs/fs1000_all_frame_indices/2018_SF_PF_Camille/selected_frame_indices.csv (121 rows)
[action] saved ../FS1000 Dataset/static_resnet50_keyframe_cache/static_resnet50_keyframe_2018_SF_PF_Camille_T121.npy, shape=(121, 2048)
[action] done split=train, processed=1, existing=190, waiting_keyframes=460
[action] start split=val, total=160
[action] done split=val, processed=0, existing=44, waiting_keyframes=116
[action][watch] round=79 processed=1, total_processed=73, waiting_keyframes=576
[action][watch] scan round=80
[action] start split=train, total=651
[action] done split=train, processed=0, existing=191, waiting_keyframes=460
[action] start split=val, total=160
[action] done split=val, processed=0, existing=44, waiting_keyframes=116
[action][watch] waiting for new keyframe outputs: pending=576, idle=1s/600s, sleep=30s
[action][watch] scan round=81
[action] start split=train, total=651
[action] done split=train, processed=0, existing=191, waiting_keyframes=460
[action] start split=val, total=160
[action] done split=val, processed=0, existing=44, waiting_keyframes=116
[action][watch] waiting for new keyframe outputs: pending=576, idle=32s/600s, sleep=30s
[action][watch] scan round=82
[action] start split=train, total=651
[action] done split=train, processed=0, existing=191, waiting_keyframes=460
[action] start split=val, total=160
[action] done split=val, processed=0, existing=44, waiting_keyframes=116
[action][watch] waiting for new keyframe outputs: pending=576, idle=63s/600s, sleep=30s
[action][watch] scan round=83
[action] start split=train, total=651
[action] 2018_SF_PF_Minerva: using keyframes from keyframe_selector/outputs/fs1000_all_frame_indices/2018_SF_PF_Minerva/selected_frame_indices.csv (121 rows)
[action] saved ../FS1000 Dataset/static_resnet50_keyframe_cache/static_resnet50_keyframe_2018_SF_PF_Minerva_T121.npy, shape=(121, 2048)
[action] done split=train, processed=1, existing=191, waiting_keyframes=459
[action] start split=val, total=160
[action] done split=val, processed=0, existing=44, waiting_keyframes=116
[action][watch] round=83 processed=1, total_processed=74, waiting_keyframes=575
[action][watch] scan round=84
[action] start split=train, total=651
[action] done split=train, processed=0, existing=192, waiting_keyframes=459
[action] start split=val, total=160
[action] done split=val, processed=0, existing=44, waiting_keyframes=116
[action][watch] waiting for new keyframe outputs: pending=575, idle=1s/600s, sleep=30s
[action][watch] scan round=85
[action] start split=train, total=651
[action] done split=train, processed=0, existing=192, waiting_keyframes=459
[action] start split=val, total=160
[action] done split=val, processed=0, existing=44, waiting_keyframes=116
[action][watch] waiting for new keyframe outputs: pending=575, idle=32s/600s, sleep=30s
[action][watch] scan round=86
[action] start split=train, total=651
[action] 2018_SF_PF_Tae: using keyframes from keyframe_selector/outputs/fs1000_all_frame_indices/2018_SF_PF_Tae/selected_frame_indices.csv (122 rows)
[action] saved ../FS1000 Dataset/static_resnet50_keyframe_cache/static_resnet50_keyframe_2018_SF_PF_Tae_T122.npy, shape=(122, 2048)
[action] done split=train, processed=1, existing=192, waiting_keyframes=458
[action] start split=val, total=160
[action] done split=val, processed=0, existing=44, waiting_keyframes=116
[action][watch] round=86 processed=1, total_processed=75, waiting_keyframes=574
[action][watch] scan round=87
[action] start split=train, total=651
[action] done split=train, processed=0, existing=193, waiting_keyframes=458
[action] start split=val, total=160
[action] done split=val, processed=0, existing=44, waiting_keyframes=116
[action][watch] waiting for new keyframe outputs: pending=574, idle=1s/600s, sleep=30s
[action][watch] scan round=88
[action] start split=train, total=651
[action] done split=train, processed=0, existing=193, waiting_keyframes=458
[action] start split=val, total=160
[action] done split=val, processed=0, existing=44, waiting_keyframes=116
[action][watch] waiting for new keyframe outputs: pending=574, idle=32s/600s, sleep=30s
[action][watch] scan round=89
[action] start split=train, total=651
[action] done split=train, processed=0, existing=193, waiting_keyframes=458
[action] start split=val, total=160
[action] done split=val, processed=0, existing=44, waiting_keyframes=116
[action][watch] waiting for new keyframe outputs: pending=574, idle=62s/600s, sleep=30s
[action][watch] scan round=90
[action] start split=train, total=651
[action] done split=train, processed=0, existing=193, waiting_keyframes=458
[action] start split=val, total=160
[action] 2018_SF_PF_Tarah: using keyframes from keyframe_selector/outputs/fs1000_all_frame_indices/2018_SF_PF_Tarah/selected_frame_indices.csv (120 rows)
[action] saved ../FS1000 Dataset/static_resnet50_keyframe_cache/static_resnet50_keyframe_2018_SF_PF_Tarah_T120.npy, shape=(120, 2048)
[action] done split=val, processed=1, existing=44, waiting_keyframes=115
[action][watch] round=90 processed=1, total_processed=76, waiting_keyframes=573
[action][watch] scan round=91
[action] start split=train, total=651
[action] done split=train, processed=0, existing=193, waiting_keyframes=458
[action] start split=val, total=160
[action] done split=val, processed=0, existing=45, waiting_keyframes=115
[action][watch] waiting for new keyframe outputs: pending=573, idle=1s/600s, sleep=30s
[action][watch] scan round=92
[action] start split=train, total=651
[action] done split=train, processed=0, existing=193, waiting_keyframes=458
[action] start split=val, total=160
[action] done split=val, processed=0, existing=45, waiting_keyframes=115
[action][watch] waiting for new keyframe outputs: pending=573, idle=31s/600s, sleep=30s
[action][watch] scan round=93
[action] start split=train, total=651
[action] 2018_SF_PF_Vanessa: using keyframes from keyframe_selector/outputs/fs1000_all_frame_indices/2018_SF_PF_Vanessa/selected_frame_indices.csv (123 rows)
[action] saved ../FS1000 Dataset/static_resnet50_keyframe_cache/static_resnet50_keyframe_2018_SF_PF_Vanessa_T123.npy, shape=(123, 2048)
[action] done split=train, processed=1, existing=193, waiting_keyframes=457
[action] start split=val, total=160
[action] done split=val, processed=0, existing=45, waiting_keyframes=115
[action][watch] round=93 processed=1, total_processed=77, waiting_keyframes=572
[action][watch] scan round=94
[action] start split=train, total=651
[action] done split=train, processed=0, existing=194, waiting_keyframes=457
[action] start split=val, total=160
[action] done split=val, processed=0, existing=45, waiting_keyframes=115
[action][watch] waiting for new keyframe outputs: pending=572, idle=1s/600s, sleep=30s
[action][watch] scan round=95
[action] start split=train, total=651
[action] done split=train, processed=0, existing=194, waiting_keyframes=457
[action] start split=val, total=160
[action] done split=val, processed=0, existing=45, waiting_keyframes=115
[action][watch] waiting for new keyframe outputs: pending=572, idle=32s/600s, sleep=30s
[action][watch] scan round=96
[action] start split=train, total=651
[action] done split=train, processed=0, existing=194, waiting_keyframes=457
[action] start split=val, total=160
[action] done split=val, processed=0, existing=45, waiting_keyframes=115
[action][watch] waiting for new keyframe outputs: pending=572, idle=62s/600s, sleep=30s
[action][watch] scan round=97
[action] start split=train, total=651
[action] done split=train, processed=0, existing=194, waiting_keyframes=457
[action] start split=val, total=160
[action] 2018_SH_IF_Alexandra_lvan: using keyframes from keyframe_selector/outputs/fs1000_all_frame_indices/2018_SH_IF_Alexandra_lvan/selected_frame_indices.csv (119 rows)
[action] saved ../FS1000 Dataset/static_resnet50_keyframe_cache/static_resnet50_keyframe_2018_SH_IF_Alexandra_lvan_T119.npy, shape=(119, 2048)
[action] done split=val, processed=1, existing=45, waiting_keyframes=114
[action][watch] round=97 processed=1, total_processed=78, waiting_keyframes=571
[action][watch] scan round=98
[action] start split=train, total=651
[action] done split=train, processed=0, existing=194, waiting_keyframes=457
[action] start split=val, total=160
[action] done split=val, processed=0, existing=46, waiting_keyframes=114
[action][watch] waiting for new keyframe outputs: pending=571, idle=1s/600s, sleep=30s
[action][watch] scan round=99
[action] start split=train, total=651
[action] done split=train, processed=0, existing=194, waiting_keyframes=457
[action] start split=val, total=160
[action] done split=val, processed=0, existing=46, waiting_keyframes=114
[action][watch] waiting for new keyframe outputs: pending=571, idle=32s/600s, sleep=30s
[action][watch] scan round=100
[action] start split=train, total=651
[action] 2018_SH_IF_Betina_Sergey: using keyframes from keyframe_selector/outputs/fs1000_all_frame_indices/2018_SH_IF_Betina_Sergey/selected_frame_indices.csv (123 rows)
[action] saved ../FS1000 Dataset/static_resnet50_keyframe_cache/static_resnet50_keyframe_2018_SH_IF_Betina_Sergey_T123.npy, shape=(123, 2048)
[action] done split=train, processed=1, existing=194, waiting_keyframes=456
[action] start split=val, total=160
[action] done split=val, processed=0, existing=46, waiting_keyframes=114
[action][watch] round=100 processed=1, total_processed=79, waiting_keyframes=570
[action][watch] scan round=101
[action] start split=train, total=651
[action] done split=train, processed=0, existing=195, waiting_keyframes=456
[action] start split=val, total=160
[action] done split=val, processed=0, existing=46, waiting_keyframes=114
[action][watch] waiting for new keyframe outputs: pending=570, idle=1s/600s, sleep=30s
[action][watch] scan round=102
[action] start split=train, total=651
[action] done split=train, processed=0, existing=195, waiting_keyframes=456
[action] start split=val, total=160
[action] done split=val, processed=0, existing=46, waiting_keyframes=114
[action][watch] waiting for new keyframe outputs: pending=570, idle=32s/600s, sleep=30s
[action][watch] scan round=103
[action] start split=train, total=651
[action] done split=train, processed=0, existing=195, waiting_keyframes=456
[action] start split=val, total=160
[action] done split=val, processed=0, existing=46, waiting_keyframes=114
[action][watch] waiting for new keyframe outputs: pending=570, idle=62s/600s, sleep=30s
[action][watch] scan round=104
[action] start split=train, total=651
[action] done split=train, processed=0, existing=195, waiting_keyframes=456
[action] start split=val, total=160
[action] 2018_SH_IF_Charlene_Marco: using keyframes from keyframe_selector/outputs/fs1000_all_frame_indices/2018_SH_IF_Charlene_Marco/selected_frame_indices.csv (125 rows)
[action] saved ../FS1000 Dataset/static_resnet50_keyframe_cache/static_resnet50_keyframe_2018_SH_IF_Charlene_Marco_T125.npy, shape=(125, 2048)
[action] done split=val, processed=1, existing=46, waiting_keyframes=113
[action][watch] round=104 processed=1, total_processed=80, waiting_keyframes=569
[action][watch] scan round=105
[action] start split=train, total=651
[action] done split=train, processed=0, existing=195, waiting_keyframes=456
[action] start split=val, total=160
[action] done split=val, processed=0, existing=47, waiting_keyframes=113
[action][watch] waiting for new keyframe outputs: pending=569, idle=1s/600s, sleep=30s
[action][watch] scan round=106
[action] start split=train, total=651
[action] done split=train, processed=0, existing=195, waiting_keyframes=456
[action] start split=val, total=160
[action] done split=val, processed=0, existing=47, waiting_keyframes=113
[action][watch] waiting for new keyframe outputs: pending=569, idle=31s/600s, sleep=30s
[action][watch] scan round=107
[action] start split=train, total=651
[action] 2018_SH_IF_Chriztina_Anthony: using keyframes from keyframe_selector/outputs/fs1000_all_frame_indices/2018_SH_IF_Chriztina_Anthony/selected_frame_indices.csv (120 rows)
[action] saved ../FS1000 Dataset/static_resnet50_keyframe_cache/static_resnet50_keyframe_2018_SH_IF_Chriztina_Anthony_T120.npy, shape=(120, 2048)
[action] done split=train, processed=1, existing=195, waiting_keyframes=455
[action] start split=val, total=160
[action] done split=val, processed=0, existing=47, waiting_keyframes=113
[action][watch] round=107 processed=1, total_processed=81, waiting_keyframes=568
[action][watch] scan round=108
[action] start split=train, total=651
[action] done split=train, processed=0, existing=196, waiting_keyframes=455
[action] start split=val, total=160
[action] done split=val, processed=0, existing=47, waiting_keyframes=113
[action][watch] waiting for new keyframe outputs: pending=568, idle=1s/600s, sleep=30s
[action][watch] scan round=109
[action] start split=train, total=651
[action] done split=train, processed=0, existing=196, waiting_keyframes=455
[action] start split=val, total=160
[action] done split=val, processed=0, existing=47, waiting_keyframes=113
[action][watch] waiting for new keyframe outputs: pending=568, idle=31s/600s, sleep=30s
[action][watch] scan round=110
[action] start split=train, total=651
[action] done split=train, processed=0, existing=196, waiting_keyframes=455
[action] start split=val, total=160
[action] 2018_SH_IF_Jasmine_Francesco: using keyframes from keyframe_selector/outputs/fs1000_all_frame_indices/2018_SH_IF_Jasmine_Francesco/selected_frame_indices.csv (123 rows)
[action] saved ../FS1000 Dataset/static_resnet50_keyframe_cache/static_resnet50_keyframe_2018_SH_IF_Jasmine_Francesco_T123.npy, shape=(123, 2048)
[action] done split=val, processed=1, existing=47, waiting_keyframes=112
[action][watch] round=110 processed=1, total_processed=82, waiting_keyframes=567
[action][watch] scan round=111
[action] start split=train, total=651
[action] done split=train, processed=0, existing=196, waiting_keyframes=455
[action] start split=val, total=160
[action] done split=val, processed=0, existing=48, waiting_keyframes=112
[action][watch] waiting for new keyframe outputs: pending=567, idle=1s/600s, sleep=30s
[action][watch] scan round=112
[action] start split=train, total=651
[action] done split=train, processed=0, existing=196, waiting_keyframes=455
[action] start split=val, total=160
[action] done split=val, processed=0, existing=48, waiting_keyframes=112
[action][watch] waiting for new keyframe outputs: pending=567, idle=32s/600s, sleep=30s
[action][watch] scan round=113
[action] start split=train, total=651
[action] done split=train, processed=0, existing=196, waiting_keyframes=455
[action] start split=val, total=160
[action] done split=val, processed=0, existing=48, waiting_keyframes=112
[action][watch] waiting for new keyframe outputs: pending=567, idle=62s/600s, sleep=30s
[action][watch] scan round=114
[action] start split=train, total=651
[action] 2018_SH_IF_Juulia_Matthias: using keyframes from keyframe_selector/outputs/fs1000_all_frame_indices/2018_SH_IF_Juulia_Matthias/selected_frame_indices.csv (122 rows)
[action] saved ../FS1000 Dataset/static_resnet50_keyframe_cache/static_resnet50_keyframe_2018_SH_IF_Juulia_Matthias_T122.npy, shape=(122, 2048)
[action] done split=train, processed=1, existing=196, waiting_keyframes=454
[action] start split=val, total=160
[action] done split=val, processed=0, existing=48, waiting_keyframes=112
[action][watch] round=114 processed=1, total_processed=83, waiting_keyframes=566
[action][watch] scan round=115
[action] start split=train, total=651
[action] done split=train, processed=0, existing=197, waiting_keyframes=454
[action] start split=val, total=160
[action] done split=val, processed=0, existing=48, waiting_keyframes=112
[action][watch] waiting for new keyframe outputs: pending=566, idle=1s/600s, sleep=30s
[action][watch] scan round=116
[action] start split=train, total=651
[action] done split=train, processed=0, existing=197, waiting_keyframes=454
[action] start split=val, total=160
[action] done split=val, processed=0, existing=48, waiting_keyframes=112
[action][watch] waiting for new keyframe outputs: pending=566, idle=32s/600s, sleep=30s
[action][watch] scan round=117
[action] start split=train, total=651
[action] 2018_SH_IF_Katharina_Tim: using keyframes from keyframe_selector/outputs/fs1000_all_frame_indices/2018_SH_IF_Katharina_Tim/selected_frame_indices.csv (119 rows)
[action] saved ../FS1000 Dataset/static_resnet50_keyframe_cache/static_resnet50_keyframe_2018_SH_IF_Katharina_Tim_T119.npy, shape=(119, 2048)
[action] done split=train, processed=1, existing=197, waiting_keyframes=453
[action] start split=val, total=160
[action] done split=val, processed=0, existing=48, waiting_keyframes=112
[action][watch] round=117 processed=1, total_processed=84, waiting_keyframes=565
[action][watch] scan round=118
[action] start split=train, total=651
[action] done split=train, processed=0, existing=198, waiting_keyframes=453
[action] start split=val, total=160
[action] done split=val, processed=0, existing=48, waiting_keyframes=112
[action][watch] waiting for new keyframe outputs: pending=565, idle=1s/600s, sleep=30s
[action][watch] scan round=119
[action] start split=train, total=651
[action] done split=train, processed=0, existing=198, waiting_keyframes=453
[action] start split=val, total=160
[action] done split=val, processed=0, existing=48, waiting_keyframes=112
[action][watch] waiting for new keyframe outputs: pending=565, idle=32s/600s, sleep=30s
[action][watch] scan round=120
[action] start split=train, total=651
[action] done split=train, processed=0, existing=198, waiting_keyframes=453
[action] start split=val, total=160
[action] done split=val, processed=0, existing=48, waiting_keyframes=112
[action][watch] waiting for new keyframe outputs: pending=565, idle=62s/600s, sleep=30s
[action][watch] scan round=121
[action] start split=train, total=651
[action] done split=train, processed=0, existing=198, waiting_keyframes=453
[action] start split=val, total=160
[action] 2018_SH_IF_Lorraine_Quinn: using keyframes from keyframe_selector/outputs/fs1000_all_frame_indices/2018_SH_IF_Lorraine_Quinn/selected_frame_indices.csv (117 rows)
[action] saved ../FS1000 Dataset/static_resnet50_keyframe_cache/static_resnet50_keyframe_2018_SH_IF_Lorraine_Quinn_T117.npy, shape=(117, 2048)
[action] done split=val, processed=1, existing=48, waiting_keyframes=111
[action][watch] round=121 processed=1, total_processed=85, waiting_keyframes=564
[action][watch] scan round=122
[action] start split=train, total=651
[action] done split=train, processed=0, existing=198, waiting_keyframes=453
[action] start split=val, total=160
[action] done split=val, processed=0, existing=49, waiting_keyframes=111
[action][watch] waiting for new keyframe outputs: pending=564, idle=1s/600s, sleep=30s
[action][watch] scan round=123
[action] start split=train, total=651
[action] done split=train, processed=0, existing=198, waiting_keyframes=453
[action] start split=val, total=160
[action] done split=val, processed=0, existing=49, waiting_keyframes=111
[action][watch] waiting for new keyframe outputs: pending=564, idle=31s/600s, sleep=30s
[action][watch] scan round=124
[action] start split=train, total=651
[action] 2018_SH_IF_Sara_Kirill: using keyframes from keyframe_selector/outputs/fs1000_all_frame_indices/2018_SH_IF_Sara_Kirill/selected_frame_indices.csv (123 rows)
[action] saved ../FS1000 Dataset/static_resnet50_keyframe_cache/static_resnet50_keyframe_2018_SH_IF_Sara_Kirill_T123.npy, shape=(123, 2048)
[action] done split=train, processed=1, existing=198, waiting_keyframes=452
[action] start split=val, total=160
[action] done split=val, processed=0, existing=49, waiting_keyframes=111
[action][watch] round=124 processed=1, total_processed=86, waiting_keyframes=563
[action][watch] scan round=125
[action] start split=train, total=651
[action] done split=train, processed=0, existing=199, waiting_keyframes=452
[action] start split=val, total=160
[action] done split=val, processed=0, existing=49, waiting_keyframes=111
[action][watch] waiting for new keyframe outputs: pending=563, idle=1s/600s, sleep=30s
[action][watch] scan round=126
[action] start split=train, total=651
[action] done split=train, processed=0, existing=199, waiting_keyframes=452
[action] start split=val, total=160
[action] done split=val, processed=0, existing=49, waiting_keyframes=111
[action][watch] waiting for new keyframe outputs: pending=563, idle=32s/600s, sleep=30s
[action][watch] scan round=127
[action] start split=train, total=651
[action] done split=train, processed=0, existing=199, waiting_keyframes=452
[action] start split=val, total=160
[action] done split=val, processed=0, existing=49, waiting_keyframes=111
[action][watch] waiting for new keyframe outputs: pending=563, idle=62s/600s, sleep=30s
[action][watch] scan round=128
[action] start split=train, total=651
[action] 2018_SH_IF_Shari_Christain: using keyframes from keyframe_selector/outputs/fs1000_all_frame_indices/2018_SH_IF_Shari_Christain/selected_frame_indices.csv (122 rows)
[action] saved ../FS1000 Dataset/static_resnet50_keyframe_cache/static_resnet50_keyframe_2018_SH_IF_Shari_Christain_T122.npy, shape=(122, 2048)
[action] train: 100/651
[action] done split=train, processed=1, existing=199, waiting_keyframes=451
[action] start split=val, total=160
[action] done split=val, processed=0, existing=49, waiting_keyframes=111
[action][watch] round=128 processed=1, total_processed=87, waiting_keyframes=562
[action][watch] scan round=129
[action] start split=train, total=651
[action] done split=train, processed=0, existing=200, waiting_keyframes=451
[action] start split=val, total=160
[action] done split=val, processed=0, existing=49, waiting_keyframes=111
[action][watch] waiting for new keyframe outputs: pending=562, idle=1s/600s, sleep=30s
[action][watch] scan round=130
[action] start split=train, total=651
[action] 2018_SH_IR_Alexandra: using keyframes from keyframe_selector/outputs/fs1000_all_frame_indices/2018_SH_IR_Alexandra/selected_frame_indices.csv (88 rows)
[action] saved ../FS1000 Dataset/static_resnet50_keyframe_cache/static_resnet50_keyframe_2018_SH_IR_Alexandra_T88.npy, shape=(88, 2048)
[action] done split=train, processed=1, existing=200, waiting_keyframes=450
[action] start split=val, total=160
[action] done split=val, processed=0, existing=49, waiting_keyframes=111
[action][watch] round=130 processed=1, total_processed=88, waiting_keyframes=561
[action][watch] scan round=131
[action] start split=train, total=651
[action] done split=train, processed=0, existing=201, waiting_keyframes=450
[action] start split=val, total=160
[action] done split=val, processed=0, existing=49, waiting_keyframes=111
[action][watch] waiting for new keyframe outputs: pending=561, idle=1s/600s, sleep=30s
[action][watch] scan round=132
[action] start split=train, total=651
[action] done split=train, processed=0, existing=201, waiting_keyframes=450
[action] start split=val, total=160
[action] done split=val, processed=0, existing=49, waiting_keyframes=111
[action][watch] waiting for new keyframe outputs: pending=561, idle=32s/600s, sleep=30s
[action][watch] scan round=133
[action] start split=train, total=651
[action] 2018_SH_IR_Betina: using keyframes from keyframe_selector/outputs/fs1000_all_frame_indices/2018_SH_IR_Betina/selected_frame_indices.csv (87 rows)
[action] saved ../FS1000 Dataset/static_resnet50_keyframe_cache/static_resnet50_keyframe_2018_SH_IR_Betina_T87.npy, shape=(87, 2048)
[action] done split=train, processed=1, existing=201, waiting_keyframes=449
[action] start split=val, total=160
[action] done split=val, processed=0, existing=49, waiting_keyframes=111
[action][watch] round=133 processed=1, total_processed=89, waiting_keyframes=560
[action][watch] scan round=134
[action] start split=train, total=651
[action] done split=train, processed=0, existing=202, waiting_keyframes=449
[action] start split=val, total=160
[action] done split=val, processed=0, existing=49, waiting_keyframes=111
[action][watch] waiting for new keyframe outputs: pending=560, idle=1s/600s, sleep=30s
[action][watch] scan round=135
[action] start split=train, total=651
[action] done split=train, processed=0, existing=202, waiting_keyframes=449
[action] start split=val, total=160
[action] done split=val, processed=0, existing=49, waiting_keyframes=111
[action][watch] waiting for new keyframe outputs: pending=560, idle=31s/600s, sleep=30s
[action][watch] scan round=136
[action] start split=train, total=651
[action] 2018_SH_IR_Charlene: using keyframes from keyframe_selector/outputs/fs1000_all_frame_indices/2018_SH_IR_Charlene/selected_frame_indices.csv (92 rows)
[action] saved ../FS1000 Dataset/static_resnet50_keyframe_cache/static_resnet50_keyframe_2018_SH_IR_Charlene_T92.npy, shape=(92, 2048)
[action] done split=train, processed=1, existing=202, waiting_keyframes=448
[action] start split=val, total=160
[action] done split=val, processed=0, existing=49, waiting_keyframes=111
[action][watch] round=136 processed=1, total_processed=90, waiting_keyframes=559
[action][watch] scan round=137
[action] start split=train, total=651
[action] done split=train, processed=0, existing=203, waiting_keyframes=448
[action] start split=val, total=160
[action] done split=val, processed=0, existing=49, waiting_keyframes=111
[action][watch] waiting for new keyframe outputs: pending=559, idle=1s/600s, sleep=30s
[action][watch] scan round=138
[action] start split=train, total=651
[action] done split=train, processed=0, existing=203, waiting_keyframes=448
[action] start split=val, total=160
[action] done split=val, processed=0, existing=49, waiting_keyframes=111
[action][watch] waiting for new keyframe outputs: pending=559, idle=31s/600s, sleep=30s
[action][watch] scan round=139
[action] start split=train, total=651
[action] 2018_SH_IR_Christina: using keyframes from keyframe_selector/outputs/fs1000_all_frame_indices/2018_SH_IR_Christina/selected_frame_indices.csv (84 rows)
[action] saved ../FS1000 Dataset/static_resnet50_keyframe_cache/static_resnet50_keyframe_2018_SH_IR_Christina_T84.npy, shape=(84, 2048)
[action] done split=train, processed=1, existing=203, waiting_keyframes=447
[action] start split=val, total=160
[action] done split=val, processed=0, existing=49, waiting_keyframes=111
[action][watch] round=139 processed=1, total_processed=91, waiting_keyframes=558
[action][watch] scan round=140
[action] start split=train, total=651
[action] done split=train, processed=0, existing=204, waiting_keyframes=447
[action] start split=val, total=160
[action] done split=val, processed=0, existing=49, waiting_keyframes=111
[action][watch] waiting for new keyframe outputs: pending=558, idle=2s/600s, sleep=30s
[action][watch] scan round=141
[action] start split=train, total=651
[action] 2018_SH_IR_Jasmine: using keyframes from keyframe_selector/outputs/fs1000_all_frame_indices/2018_SH_IR_Jasmine/selected_frame_indices.csv (85 rows)
[action] saved ../FS1000 Dataset/static_resnet50_keyframe_cache/static_resnet50_keyframe_2018_SH_IR_Jasmine_T85.npy, shape=(85, 2048)
[action] done split=train, processed=1, existing=204, waiting_keyframes=446
[action] start split=val, total=160
[action] done split=val, processed=0, existing=49, waiting_keyframes=111
[action][watch] round=141 processed=1, total_processed=92, waiting_keyframes=557
[action][watch] scan round=142
[action] start split=train, total=651
[action] done split=train, processed=0, existing=205, waiting_keyframes=446
[action] start split=val, total=160
[action] done split=val, processed=0, existing=49, waiting_keyframes=111
[action][watch] waiting for new keyframe outputs: pending=557, idle=1s/600s, sleep=30s
[action][watch] scan round=143
[action] start split=train, total=651
[action] done split=train, processed=0, existing=205, waiting_keyframes=446
[action] start split=val, total=160
[action] done split=val, processed=0, existing=49, waiting_keyframes=111
[action][watch] waiting for new keyframe outputs: pending=557, idle=31s/600s, sleep=30s
[action][watch] scan round=144
[action] start split=train, total=651
[action] 2018_SH_IR_Juulia: using keyframes from keyframe_selector/outputs/fs1000_all_frame_indices/2018_SH_IR_Juulia/selected_frame_indices.csv (87 rows)
[action] saved ../FS1000 Dataset/static_resnet50_keyframe_cache/static_resnet50_keyframe_2018_SH_IR_Juulia_T87.npy, shape=(87, 2048)
[action] done split=train, processed=1, existing=205, waiting_keyframes=445
[action] start split=val, total=160
[action] done split=val, processed=0, existing=49, waiting_keyframes=111
[action][watch] round=144 processed=1, total_processed=93, waiting_keyframes=556
[action][watch] scan round=145
[action] start split=train, total=651
[action] done split=train, processed=0, existing=206, waiting_keyframes=445
[action] start split=val, total=160
[action] done split=val, processed=0, existing=49, waiting_keyframes=111
[action][watch] waiting for new keyframe outputs: pending=556, idle=1s/600s, sleep=30s
[action][watch] scan round=146
[action] start split=train, total=651
[action] done split=train, processed=0, existing=206, waiting_keyframes=445
[action] start split=val, total=160
[action] done split=val, processed=0, existing=49, waiting_keyframes=111
[action][watch] waiting for new keyframe outputs: pending=556, idle=31s/600s, sleep=30s
[action][watch] scan round=147
[action] start split=train, total=651
[action] 2018_SH_IR_Katharina: using keyframes from keyframe_selector/outputs/fs1000_all_frame_indices/2018_SH_IR_Katharina/selected_frame_indices.csv (83 rows)
[action] saved ../FS1000 Dataset/static_resnet50_keyframe_cache/static_resnet50_keyframe_2018_SH_IR_Katharina_T83.npy, shape=(83, 2048)
[action] done split=train, processed=1, existing=206, waiting_keyframes=444
[action] start split=val, total=160
[action] done split=val, processed=0, existing=49, waiting_keyframes=111
[action][watch] round=147 processed=1, total_processed=94, waiting_keyframes=555
[action][watch] scan round=148
[action] start split=train, total=651
[action] done split=train, processed=0, existing=207, waiting_keyframes=444
[action] start split=val, total=160
[action] done split=val, processed=0, existing=49, waiting_keyframes=111
[action][watch] waiting for new keyframe outputs: pending=555, idle=1s/600s, sleep=30s
[action][watch] scan round=149
[action] start split=train, total=651
[action] 2018_SH_IR_Lorranie: using keyframes from keyframe_selector/outputs/fs1000_all_frame_indices/2018_SH_IR_Lorranie/selected_frame_indices.csv (88 rows)
[action] saved ../FS1000 Dataset/static_resnet50_keyframe_cache/static_resnet50_keyframe_2018_SH_IR_Lorranie_T88.npy, shape=(88, 2048)
[action] done split=train, processed=1, existing=207, waiting_keyframes=443
[action] start split=val, total=160
[action] done split=val, processed=0, existing=49, waiting_keyframes=111
[action][watch] round=149 processed=1, total_processed=95, waiting_keyframes=554
[action][watch] scan round=150
[action] start split=train, total=651
[action] done split=train, processed=0, existing=208, waiting_keyframes=443
[action] start split=val, total=160
[action] done split=val, processed=0, existing=49, waiting_keyframes=111
[action][watch] waiting for new keyframe outputs: pending=554, idle=1s/600s, sleep=30s
[action][watch] scan round=151
[action] start split=train, total=651
[action] done split=train, processed=0, existing=208, waiting_keyframes=443
[action] start split=val, total=160
[action] done split=val, processed=0, existing=49, waiting_keyframes=111
[action][watch] waiting for new keyframe outputs: pending=554, idle=32s/600s, sleep=30s
[action][watch] scan round=152
[action] start split=train, total=651
[action] done split=train, processed=0, existing=208, waiting_keyframes=443
[action] start split=val, total=160
[action] 2018_SH_IR_Sara: using keyframes from keyframe_selector/outputs/fs1000_all_frame_indices/2018_SH_IR_Sara/selected_frame_indices.csv (87 rows)
[action] saved ../FS1000 Dataset/static_resnet50_keyframe_cache/static_resnet50_keyframe_2018_SH_IR_Sara_T87.npy, shape=(87, 2048)
[action] val: 150/160
[action] done split=val, processed=1, existing=49, waiting_keyframes=110
[action][watch] round=152 processed=1, total_processed=96, waiting_keyframes=553
[action][watch] scan round=153
[action] start split=train, total=651
[action] done split=train, processed=0, existing=208, waiting_keyframes=443
[action] start split=val, total=160
[action] done split=val, processed=0, existing=50, waiting_keyframes=110
[action][watch] waiting for new keyframe outputs: pending=553, idle=1s/600s, sleep=30s
[action][watch] scan round=154
[action] start split=train, total=651
[action] done split=train, processed=0, existing=208, waiting_keyframes=443
[action] start split=val, total=160
[action] done split=val, processed=0, existing=50, waiting_keyframes=110
[action][watch] waiting for new keyframe outputs: pending=553, idle=31s/600s, sleep=30s
[action][watch] scan round=155
[action] start split=train, total=651
[action] 2018_SH_IR_Shari: using keyframes from keyframe_selector/outputs/fs1000_all_frame_indices/2018_SH_IR_Shari/selected_frame_indices.csv (85 rows)
[action] saved ../FS1000 Dataset/static_resnet50_keyframe_cache/static_resnet50_keyframe_2018_SH_IR_Shari_T85.npy, shape=(85, 2048)
[action] done split=train, processed=1, existing=208, waiting_keyframes=442
[action] start split=val, total=160
[action] done split=val, processed=0, existing=50, waiting_keyframes=110
[action][watch] round=155 processed=1, total_processed=97, waiting_keyframes=552
[action][watch] scan round=156
[action] start split=train, total=651
[action] done split=train, processed=0, existing=209, waiting_keyframes=442
[action] start split=val, total=160
[action] done split=val, processed=0, existing=50, waiting_keyframes=110
[action][watch] waiting for new keyframe outputs: pending=552, idle=1s/600s, sleep=30s
[action][watch] scan round=157
[action] start split=train, total=651
[action] done split=train, processed=0, existing=209, waiting_keyframes=442
[action] start split=val, total=160
[action] done split=val, processed=0, existing=50, waiting_keyframes=110
[action][watch] waiting for new keyframe outputs: pending=552, idle=32s/600s, sleep=30s
[action][watch] scan round=158
[action] start split=train, total=651
[action] 2018_SH_LF_Alina: using keyframes from keyframe_selector/outputs/fs1000_all_frame_indices/2018_SH_LF_Alina/selected_frame_indices.csv (121 rows)
[action] saved ../FS1000 Dataset/static_resnet50_keyframe_cache/static_resnet50_keyframe_2018_SH_LF_Alina_T121.npy, shape=(121, 2048)
[action] done split=train, processed=1, existing=209, waiting_keyframes=441
[action] start split=val, total=160
[action] done split=val, processed=0, existing=50, waiting_keyframes=110
[action][watch] round=158 processed=1, total_processed=98, waiting_keyframes=551
[action][watch] scan round=159
[action] start split=train, total=651
[action] done split=train, processed=0, existing=210, waiting_keyframes=441
[action] start split=val, total=160
[action] done split=val, processed=0, existing=50, waiting_keyframes=110
[action][watch] waiting for new keyframe outputs: pending=551, idle=1s/600s, sleep=30s
[action][watch] scan round=160
[action] start split=train, total=651
[action] done split=train, processed=0, existing=210, waiting_keyframes=441
[action] start split=val, total=160
[action] done split=val, processed=0, existing=50, waiting_keyframes=110
[action][watch] waiting for new keyframe outputs: pending=551, idle=31s/600s, sleep=30s
[action][watch] scan round=161
[action] start split=train, total=651
[action] done split=train, processed=0, existing=210, waiting_keyframes=441
[action] start split=val, total=160
[action] done split=val, processed=0, existing=50, waiting_keyframes=110
[action][watch] waiting for new keyframe outputs: pending=551, idle=62s/600s, sleep=30s
[action][watch] scan round=162
[action] start split=train, total=651
[action] 2018_SH_LF_Angela: using keyframes from keyframe_selector/outputs/fs1000_all_frame_indices/2018_SH_LF_Angela/selected_frame_indices.csv (123 rows)
[action] saved ../FS1000 Dataset/static_resnet50_keyframe_cache/static_resnet50_keyframe_2018_SH_LF_Angela_T123.npy, shape=(123, 2048)
[action] done split=train, processed=1, existing=210, waiting_keyframes=440
[action] start split=val, total=160
[action] done split=val, processed=0, existing=50, waiting_keyframes=110
[action][watch] round=162 processed=1, total_processed=99, waiting_keyframes=550
[action][watch] scan round=163
[action] start split=train, total=651
[action] done split=train, processed=0, existing=211, waiting_keyframes=440
[action] start split=val, total=160
[action] done split=val, processed=0, existing=50, waiting_keyframes=110
[action][watch] waiting for new keyframe outputs: pending=550, idle=1s/600s, sleep=30s
[action][watch] scan round=164
[action] start split=train, total=651
[action] done split=train, processed=0, existing=211, waiting_keyframes=440
[action] start split=val, total=160
[action] done split=val, processed=0, existing=50, waiting_keyframes=110
[action][watch] waiting for new keyframe outputs: pending=550, idle=32s/600s, sleep=30s
[action][watch] scan round=165
[action] start split=train, total=651
[action] done split=train, processed=0, existing=211, waiting_keyframes=440
[action] start split=val, total=160
[action] done split=val, processed=0, existing=50, waiting_keyframes=110
[action][watch] waiting for new keyframe outputs: pending=550, idle=62s/600s, sleep=30s
[action][watch] scan round=166
[action] start split=train, total=651
[action] 2018_SH_LF_Daria: using keyframes from keyframe_selector/outputs/fs1000_all_frame_indices/2018_SH_LF_Daria/selected_frame_indices.csv (122 rows)
[action] saved ../FS1000 Dataset/static_resnet50_keyframe_cache/static_resnet50_keyframe_2018_SH_LF_Daria_T122.npy, shape=(122, 2048)
[action] done split=train, processed=1, existing=211, waiting_keyframes=439
[action] start split=val, total=160
[action] done split=val, processed=0, existing=50, waiting_keyframes=110
[action][watch] round=166 processed=1, total_processed=100, waiting_keyframes=549
[action][watch] scan round=167
[action] start split=train, total=651
[action] done split=train, processed=0, existing=212, waiting_keyframes=439
[action] start split=val, total=160
[action] done split=val, processed=0, existing=50, waiting_keyframes=110
[action][watch] waiting for new keyframe outputs: pending=549, idle=1s/600s, sleep=30s
[action][watch] scan round=168
[action] start split=train, total=651
[action] done split=train, processed=0, existing=212, waiting_keyframes=439
[action] start split=val, total=160
[action] done split=val, processed=0, existing=50, waiting_keyframes=110
[action][watch] waiting for new keyframe outputs: pending=549, idle=32s/600s, sleep=30s
[action][watch] scan round=169
[action] start split=train, total=651
[action] done split=train, processed=0, existing=212, waiting_keyframes=439
[action] start split=val, total=160
[action] 2018_SH_LF_Emmi: using keyframes from keyframe_selector/outputs/fs1000_all_frame_indices/2018_SH_LF_Emmi/selected_frame_indices.csv (120 rows)
[action] saved ../FS1000 Dataset/static_resnet50_keyframe_cache/static_resnet50_keyframe_2018_SH_LF_Emmi_T120.npy, shape=(120, 2048)
[action] done split=val, processed=1, existing=50, waiting_keyframes=109
[action][watch] round=169 processed=1, total_processed=101, waiting_keyframes=548
[action][watch] scan round=170
[action] start split=train, total=651
[action] done split=train, processed=0, existing=212, waiting_keyframes=439
[action] start split=val, total=160
[action] done split=val, processed=0, existing=51, waiting_keyframes=109
[action][watch] waiting for new keyframe outputs: pending=548, idle=1s/600s, sleep=30s
[action][watch] scan round=171
[action] start split=train, total=651
[action] done split=train, processed=0, existing=212, waiting_keyframes=439
[action] start split=val, total=160
[action] done split=val, processed=0, existing=51, waiting_keyframes=109
[action][watch] waiting for new keyframe outputs: pending=548, idle=32s/600s, sleep=30s
[action][watch] scan round=172
[action] start split=train, total=651
[action] done split=train, processed=0, existing=212, waiting_keyframes=439
[action] start split=val, total=160
[action] done split=val, processed=0, existing=51, waiting_keyframes=109
[action][watch] waiting for new keyframe outputs: pending=548, idle=62s/600s, sleep=30s
[action][watch] scan round=173
[action] start split=train, total=651
[action] 2018_SH_LF_Hanul: using keyframes from keyframe_selector/outputs/fs1000_all_frame_indices/2018_SH_LF_Hanul/selected_frame_indices.csv (120 rows)
[action] saved ../FS1000 Dataset/static_resnet50_keyframe_cache/static_resnet50_keyframe_2018_SH_LF_Hanul_T120.npy, shape=(120, 2048)
[action] done split=train, processed=1, existing=212, waiting_keyframes=438
[action] start split=val, total=160
[action] done split=val, processed=0, existing=51, waiting_keyframes=109
[action][watch] round=173 processed=1, total_processed=102, waiting_keyframes=547
[action][watch] scan round=174
[action] start split=train, total=651
[action] done split=train, processed=0, existing=213, waiting_keyframes=438
[action] start split=val, total=160
[action] done split=val, processed=0, existing=51, waiting_keyframes=109
[action][watch] waiting for new keyframe outputs: pending=547, idle=1s/600s, sleep=30s
[action][watch] scan round=175
[action] start split=train, total=651
[action] done split=train, processed=0, existing=213, waiting_keyframes=438
[action] start split=val, total=160
[action] done split=val, processed=0, existing=51, waiting_keyframes=109
[action][watch] waiting for new keyframe outputs: pending=547, idle=31s/600s, sleep=30s
[action][watch] scan round=176
[action] start split=train, total=651
[action] 2018_SH_LF_Kaori: using keyframes from keyframe_selector/outputs/fs1000_all_frame_indices/2018_SH_LF_Kaori/selected_frame_indices.csv (120 rows)
[action] saved ../FS1000 Dataset/static_resnet50_keyframe_cache/static_resnet50_keyframe_2018_SH_LF_Kaori_T120.npy, shape=(120, 2048)
[action] done split=train, processed=1, existing=213, waiting_keyframes=437
[action] start split=val, total=160
[action] done split=val, processed=0, existing=51, waiting_keyframes=109
[action][watch] round=176 processed=1, total_processed=103, waiting_keyframes=546
[action][watch] scan round=177
[action] start split=train, total=651
[action] done split=train, processed=0, existing=214, waiting_keyframes=437
[action] start split=val, total=160
[action] done split=val, processed=0, existing=51, waiting_keyframes=109
[action][watch] waiting for new keyframe outputs: pending=546, idle=1s/600s, sleep=30s
[action][watch] scan round=178
[action] start split=train, total=651
[action] done split=train, processed=0, existing=214, waiting_keyframes=437
[action] start split=val, total=160
[action] done split=val, processed=0, existing=51, waiting_keyframes=109
[action][watch] waiting for new keyframe outputs: pending=546, idle=31s/600s, sleep=30s
[action][watch] scan round=179
[action] start split=train, total=651
[action] 2018_SH_LF_Loena: using keyframes from keyframe_selector/outputs/fs1000_all_frame_indices/2018_SH_LF_Loena/selected_frame_indices.csv (122 rows)
[action] saved ../FS1000 Dataset/static_resnet50_keyframe_cache/static_resnet50_keyframe_2018_SH_LF_Loena_T122.npy, shape=(122, 2048)
[action] done split=train, processed=1, existing=214, waiting_keyframes=436
[action] start split=val, total=160
[action] done split=val, processed=0, existing=51, waiting_keyframes=109
[action][watch] round=179 processed=1, total_processed=104, waiting_keyframes=545
[action][watch] scan round=180
[action] start split=train, total=651
[action] done split=train, processed=0, existing=215, waiting_keyframes=436
[action] start split=val, total=160
[action] done split=val, processed=0, existing=51, waiting_keyframes=109
[action][watch] waiting for new keyframe outputs: pending=545, idle=1s/600s, sleep=30s
[action][watch] scan round=181
[action] start split=train, total=651
[action] done split=train, processed=0, existing=215, waiting_keyframes=436
[action] start split=val, total=160
[action] done split=val, processed=0, existing=51, waiting_keyframes=109
[action][watch] waiting for new keyframe outputs: pending=545, idle=32s/600s, sleep=30s
[action][watch] scan round=182
[action] start split=train, total=651
[action] done split=train, processed=0, existing=215, waiting_keyframes=436
[action] start split=val, total=160
[action] done split=val, processed=0, existing=51, waiting_keyframes=109
[action][watch] waiting for new keyframe outputs: pending=545, idle=63s/600s, sleep=30s
[action][watch] scan round=183
[action] start split=train, total=651
[action] 2018_SH_LF_Rika: using keyframes from keyframe_selector/outputs/fs1000_all_frame_indices/2018_SH_LF_Rika/selected_frame_indices.csv (120 rows)
[action] saved ../FS1000 Dataset/static_resnet50_keyframe_cache/static_resnet50_keyframe_2018_SH_LF_Rika_T120.npy, shape=(120, 2048)
[action] done split=train, processed=1, existing=215, waiting_keyframes=435
[action] start split=val, total=160
[action] done split=val, processed=0, existing=51, waiting_keyframes=109
[action][watch] round=183 processed=1, total_processed=105, waiting_keyframes=544
[action][watch] scan round=184
[action] start split=train, total=651
[action] done split=train, processed=0, existing=216, waiting_keyframes=435
[action] start split=val, total=160
[action] done split=val, processed=0, existing=51, waiting_keyframes=109
[action][watch] waiting for new keyframe outputs: pending=544, idle=1s/600s, sleep=30s
[action][watch] scan round=185
[action] start split=train, total=651
[action] done split=train, processed=0, existing=216, waiting_keyframes=435
[action] start split=val, total=160
[action] done split=val, processed=0, existing=51, waiting_keyframes=109
[action][watch] waiting for new keyframe outputs: pending=544, idle=31s/600s, sleep=30s
[action][watch] scan round=186
[action] start split=train, total=651
[action] done split=train, processed=0, existing=216, waiting_keyframes=435
[action] start split=val, total=160
[action] 2018_SH_LF_Stanislava: using keyframes from keyframe_selector/outputs/fs1000_all_frame_indices/2018_SH_LF_Stanislava/selected_frame_indices.csv (121 rows)
[action] saved ../FS1000 Dataset/static_resnet50_keyframe_cache/static_resnet50_keyframe_2018_SH_LF_Stanislava_T121.npy, shape=(121, 2048)
[action] done split=val, processed=1, existing=51, waiting_keyframes=108
[action][watch] round=186 processed=1, total_processed=106, waiting_keyframes=543
[action][watch] scan round=187
[action] start split=train, total=651
[action] done split=train, processed=0, existing=216, waiting_keyframes=435
[action] start split=val, total=160
[action] done split=val, processed=0, existing=52, waiting_keyframes=108
[action][watch] waiting for new keyframe outputs: pending=543, idle=1s/600s, sleep=30s
[action][watch] scan round=188
[action] start split=train, total=651
[action] done split=train, processed=0, existing=216, waiting_keyframes=435
[action] start split=val, total=160
[action] done split=val, processed=0, existing=52, waiting_keyframes=108
[action][watch] waiting for new keyframe outputs: pending=543, idle=32s/600s, sleep=30s
[action][watch] scan round=189
[action] start split=train, total=651
[action] done split=train, processed=0, existing=216, waiting_keyframes=435
[action] start split=val, total=160
[action] done split=val, processed=0, existing=52, waiting_keyframes=108
[action][watch] waiting for new keyframe outputs: pending=543, idle=62s/600s, sleep=30s
[action][watch] scan round=190
[action] start split=train, total=651
[action] 2018_SH_LF_Viveca: using keyframes from keyframe_selector/outputs/fs1000_all_frame_indices/2018_SH_LF_Viveca/selected_frame_indices.csv (121 rows)
[action] saved ../FS1000 Dataset/static_resnet50_keyframe_cache/static_resnet50_keyframe_2018_SH_LF_Viveca_T121.npy, shape=(121, 2048)
[action] done split=train, processed=1, existing=216, waiting_keyframes=434
[action] start split=val, total=160
[action] done split=val, processed=0, existing=52, waiting_keyframes=108
[action][watch] round=190 processed=1, total_processed=107, waiting_keyframes=542
[action][watch] scan round=191
[action] start split=train, total=651
[action] done split=train, processed=0, existing=217, waiting_keyframes=434
[action] start split=val, total=160
[action] done split=val, processed=0, existing=52, waiting_keyframes=108
[action][watch] waiting for new keyframe outputs: pending=542, idle=1s/600s, sleep=30s
[action][watch] scan round=192
[action] start split=train, total=651
[action] done split=train, processed=0, existing=217, waiting_keyframes=434
[action] start split=val, total=160
[action] done split=val, processed=0, existing=52, waiting_keyframes=108
[action][watch] waiting for new keyframe outputs: pending=542, idle=31s/600s, sleep=30s
[action][watch] scan round=193
[action] start split=train, total=651
[action] 2018_SH_LF_Yuna: using keyframes from keyframe_selector/outputs/fs1000_all_frame_indices/2018_SH_LF_Yuna/selected_frame_indices.csv (120 rows)
[action] saved ../FS1000 Dataset/static_resnet50_keyframe_cache/static_resnet50_keyframe_2018_SH_LF_Yuna_T120.npy, shape=(120, 2048)
[action] done split=train, processed=1, existing=217, waiting_keyframes=433
[action] start split=val, total=160
[action] done split=val, processed=0, existing=52, waiting_keyframes=108
[action][watch] round=193 processed=1, total_processed=108, waiting_keyframes=541
[action][watch] scan round=194
[action] start split=train, total=651
[action] done split=train, processed=0, existing=218, waiting_keyframes=433
[action] start split=val, total=160
[action] done split=val, processed=0, existing=52, waiting_keyframes=108
[action][watch] waiting for new keyframe outputs: pending=541, idle=1s/600s, sleep=30s
[action][watch] scan round=195
[action] start split=train, total=651
[action] done split=train, processed=0, existing=218, waiting_keyframes=433
[action] start split=val, total=160
[action] done split=val, processed=0, existing=52, waiting_keyframes=108
[action][watch] waiting for new keyframe outputs: pending=541, idle=32s/600s, sleep=30s
[action][watch] scan round=196
[action] start split=train, total=651
[action] 2018_SH_MS_Alexei_BYCHENKO: using keyframes from keyframe_selector/outputs/fs1000_all_frame_indices/2018_SH_MS_Alexei_BYCHENKO/selected_frame_indices.csv (86 rows)
[action] saved ../FS1000 Dataset/static_resnet50_keyframe_cache/static_resnet50_keyframe_2018_SH_MS_Alexei_BYCHENKO_T86.npy, shape=(86, 2048)
[action] done split=train, processed=1, existing=218, waiting_keyframes=432
[action] start split=val, total=160
[action] done split=val, processed=0, existing=52, waiting_keyframes=108
[action][watch] round=196 processed=1, total_processed=109, waiting_keyframes=540
[action][watch] scan round=197
[action] start split=train, total=651
[action] done split=train, processed=0, existing=219, waiting_keyframes=432
[action] start split=val, total=160
[action] done split=val, processed=0, existing=52, waiting_keyframes=108
[action][watch] waiting for new keyframe outputs: pending=540, idle=1s/600s, sleep=30s
[action][watch] scan round=198
[action] start split=train, total=651
[action] done split=train, processed=0, existing=219, waiting_keyframes=432
[action] start split=val, total=160
[action] done split=val, processed=0, existing=52, waiting_keyframes=108
[action][watch] waiting for new keyframe outputs: pending=540, idle=31s/600s, sleep=30s
[action][watch] scan round=199
[action] start split=train, total=651
[action] 2018_SH_MS_Alexei_KRASNOZHON: using keyframes from keyframe_selector/outputs/fs1000_all_frame_indices/2018_SH_MS_Alexei_KRASNOZHON/selected_frame_indices.csv (85 rows)
[action] saved ../FS1000 Dataset/static_resnet50_keyframe_cache/static_resnet50_keyframe_2018_SH_MS_Alexei_KRASNOZHON_T85.npy, shape=(85, 2048)
[action] done split=train, processed=1, existing=219, waiting_keyframes=431
[action] start split=val, total=160
[action] done split=val, processed=0, existing=52, waiting_keyframes=108
[action][watch] round=199 processed=1, total_processed=110, waiting_keyframes=539
[action][watch] scan round=200
[action] start split=train, total=651
[action] done split=train, processed=0, existing=220, waiting_keyframes=431
[action] start split=val, total=160
[action] done split=val, processed=0, existing=52, waiting_keyframes=108
[action][watch] waiting for new keyframe outputs: pending=539, idle=1s/600s, sleep=30s
[action][watch] scan round=201
[action] start split=train, total=651
[action] done split=train, processed=0, existing=220, waiting_keyframes=431
[action] start split=val, total=160
[action] done split=val, processed=0, existing=52, waiting_keyframes=108
[action][watch] waiting for new keyframe outputs: pending=539, idle=32s/600s, sleep=30s
[action][watch] scan round=202
[action] start split=train, total=651
[action] 2018_SH_MS_Andrei: using keyframes from keyframe_selector/outputs/fs1000_all_frame_indices/2018_SH_MS_Andrei/selected_frame_indices.csv (82 rows)
[action] saved ../FS1000 Dataset/static_resnet50_keyframe_cache/static_resnet50_keyframe_2018_SH_MS_Andrei_T82.npy, shape=(82, 2048)
[action] done split=train, processed=1, existing=220, waiting_keyframes=430
[action] start split=val, total=160
[action] done split=val, processed=0, existing=52, waiting_keyframes=108
[action][watch] round=202 processed=1, total_processed=111, waiting_keyframes=538
[action][watch] scan round=203
[action] start split=train, total=651
[action] done split=train, processed=0, existing=221, waiting_keyframes=430
[action] start split=val, total=160
[action] done split=val, processed=0, existing=52, waiting_keyframes=108
[action][watch] waiting for new keyframe outputs: pending=538, idle=1s/600s, sleep=30s
[action][watch] scan round=204
[action] start split=train, total=651
[action] done split=train, processed=0, existing=221, waiting_keyframes=430
[action] start split=val, total=160
[action] 2018_SH_MS_Boyang: using keyframes from keyframe_selector/outputs/fs1000_all_frame_indices/2018_SH_MS_Boyang/selected_frame_indices.csv (81 rows)
[action] saved ../FS1000 Dataset/static_resnet50_keyframe_cache/static_resnet50_keyframe_2018_SH_MS_Boyang_T81.npy, shape=(81, 2048)
[action] done split=val, processed=1, existing=52, waiting_keyframes=107
[action][watch] round=204 processed=1, total_processed=112, waiting_keyframes=537
[action][watch] scan round=205
[action] start split=train, total=651
[action] done split=train, processed=0, existing=221, waiting_keyframes=430
[action] start split=val, total=160
[action] done split=val, processed=0, existing=53, waiting_keyframes=107
[action][watch] waiting for new keyframe outputs: pending=537, idle=1s/600s, sleep=30s
[action][watch] scan round=206
[action] start split=train, total=651
[action] done split=train, processed=0, existing=221, waiting_keyframes=430
[action] start split=val, total=160
[action] done split=val, processed=0, existing=53, waiting_keyframes=107
[action][watch] waiting for new keyframe outputs: pending=537, idle=31s/600s, sleep=30s
[action][watch] scan round=207
[action] start split=train, total=651
[action] 2018_SH_MS_Junhwan: using keyframes from keyframe_selector/outputs/fs1000_all_frame_indices/2018_SH_MS_Junhwan/selected_frame_indices.csv (82 rows)
[action] saved ../FS1000 Dataset/static_resnet50_keyframe_cache/static_resnet50_keyframe_2018_SH_MS_Junhwan_T82.npy, shape=(82, 2048)
[action] done split=train, processed=1, existing=221, waiting_keyframes=429
[action] start split=val, total=160
[action] done split=val, processed=0, existing=53, waiting_keyframes=107
[action][watch] round=207 processed=1, total_processed=113, waiting_keyframes=536
[action][watch] scan round=208
[action] start split=train, total=651
[action] done split=train, processed=0, existing=222, waiting_keyframes=429
[action] start split=val, total=160
[action] done split=val, processed=0, existing=53, waiting_keyframes=107
[action][watch] waiting for new keyframe outputs: pending=536, idle=1s/600s, sleep=30s
[action][watch] scan round=209
[action] start split=train, total=651
[action] done split=train, processed=0, existing=222, waiting_keyframes=429
[action] start split=val, total=160
[action] done split=val, processed=0, existing=53, waiting_keyframes=107
[action][watch] waiting for new keyframe outputs: pending=536, idle=32s/600s, sleep=30s
[action][watch] scan round=210
[action] start split=train, total=651
[action] 2018_SH_MS_Keiji: using keyframes from keyframe_selector/outputs/fs1000_all_frame_indices/2018_SH_MS_Keiji/selected_frame_indices.csv (84 rows)
[action] saved ../FS1000 Dataset/static_resnet50_keyframe_cache/static_resnet50_keyframe_2018_SH_MS_Keiji_T84.npy, shape=(84, 2048)
[action] done split=train, processed=1, existing=222, waiting_keyframes=428
[action] start split=val, total=160
[action] done split=val, processed=0, existing=53, waiting_keyframes=107
[action][watch] round=210 processed=1, total_processed=114, waiting_keyframes=535
[action][watch] scan round=211
[action] start split=train, total=651
[action] done split=train, processed=0, existing=223, waiting_keyframes=428
[action] start split=val, total=160
[action] done split=val, processed=0, existing=53, waiting_keyframes=107
[action][watch] waiting for new keyframe outputs: pending=535, idle=1s/600s, sleep=30s
[action][watch] scan round=212
[action] start split=train, total=651
[action] 2018_SH_MS_Michal: using keyframes from keyframe_selector/outputs/fs1000_all_frame_indices/2018_SH_MS_Michal/selected_frame_indices.csv (86 rows)
[action] saved ../FS1000 Dataset/static_resnet50_keyframe_cache/static_resnet50_keyframe_2018_SH_MS_Michal_T86.npy, shape=(86, 2048)
[action] done split=train, processed=1, existing=223, waiting_keyframes=427
[action] start split=val, total=160
[action] done split=val, processed=0, existing=53, waiting_keyframes=107
[action][watch] round=212 processed=1, total_processed=115, waiting_keyframes=534
[action][watch] scan round=213
[action] start split=train, total=651
[action] done split=train, processed=0, existing=224, waiting_keyframes=427
[action] start split=val, total=160
[action] done split=val, processed=0, existing=53, waiting_keyframes=107
[action][watch] waiting for new keyframe outputs: pending=534, idle=1s/600s, sleep=30s
[action][watch] scan round=214
[action] start split=train, total=651
[action] done split=train, processed=0, existing=224, waiting_keyframes=427
[action] start split=val, total=160
[action] done split=val, processed=0, existing=53, waiting_keyframes=107
[action][watch] waiting for new keyframe outputs: pending=534, idle=31s/600s, sleep=30s
[action][watch] scan round=215
[action] start split=train, total=651
[action] done split=train, processed=0, existing=224, waiting_keyframes=427
[action] start split=val, total=160
[action] 2018_SH_MS_Mikhail: using keyframes from keyframe_selector/outputs/fs1000_all_frame_indices/2018_SH_MS_Mikhail/selected_frame_indices.csv (82 rows)
[action] saved ../FS1000 Dataset/static_resnet50_keyframe_cache/static_resnet50_keyframe_2018_SH_MS_Mikhail_T82.npy, shape=(82, 2048)
[action] done split=val, processed=1, existing=53, waiting_keyframes=106
[action][watch] round=215 processed=1, total_processed=116, waiting_keyframes=533
[action][watch] scan round=216
[action] start split=train, total=651
[action] done split=train, processed=0, existing=224, waiting_keyframes=427
[action] start split=val, total=160
[action] done split=val, processed=0, existing=54, waiting_keyframes=106
[action][watch] waiting for new keyframe outputs: pending=533, idle=1s/600s, sleep=30s
[action][watch] scan round=217
[action] start split=train, total=651
[action] done split=train, processed=0, existing=224, waiting_keyframes=427
[action] start split=val, total=160
[action] done split=val, processed=0, existing=54, waiting_keyframes=106
[action][watch] waiting for new keyframe outputs: pending=533, idle=31s/600s, sleep=30s
[action][watch] scan round=218
[action] start split=train, total=651
[action] 2018_SH_MS_Phillip: using keyframes from keyframe_selector/outputs/fs1000_all_frame_indices/2018_SH_MS_Phillip/selected_frame_indices.csv (86 rows)
[action] saved ../FS1000 Dataset/static_resnet50_keyframe_cache/static_resnet50_keyframe_2018_SH_MS_Phillip_T86.npy, shape=(86, 2048)
[action] done split=train, processed=1, existing=224, waiting_keyframes=426
[action] start split=val, total=160
[action] done split=val, processed=0, existing=54, waiting_keyframes=106
[action][watch] round=218 processed=1, total_processed=117, waiting_keyframes=532
[action][watch] scan round=219
[action] start split=train, total=651
[action] done split=train, processed=0, existing=225, waiting_keyframes=426
[action] start split=val, total=160
[action] done split=val, processed=0, existing=54, waiting_keyframes=106
[action][watch] waiting for new keyframe outputs: pending=532, idle=1s/600s, sleep=30s
[action][watch] scan round=220
[action] start split=train, total=651
[action] done split=train, processed=0, existing=225, waiting_keyframes=426
[action] start split=val, total=160
[action] done split=val, processed=0, existing=54, waiting_keyframes=106
[action][watch] waiting for new keyframe outputs: pending=532, idle=32s/600s, sleep=30s
[action][watch] scan round=221
[action] start split=train, total=651
[action] done split=train, processed=0, existing=225, waiting_keyframes=426
[action] start split=val, total=160
[action] 2018_SH_MS_Valtter: using keyframes from keyframe_selector/outputs/fs1000_all_frame_indices/2018_SH_MS_Valtter/selected_frame_indices.csv (85 rows)
[action] saved ../FS1000 Dataset/static_resnet50_keyframe_cache/static_resnet50_keyframe_2018_SH_MS_Valtter_T85.npy, shape=(85, 2048)
[action] done split=val, processed=1, existing=54, waiting_keyframes=105
[action][watch] round=221 processed=1, total_processed=118, waiting_keyframes=531
[action][watch] scan round=222
[action] start split=train, total=651
[action] done split=train, processed=0, existing=225, waiting_keyframes=426
[action] start split=val, total=160
[action] done split=val, processed=0, existing=55, waiting_keyframes=105
[action][watch] waiting for new keyframe outputs: pending=531, idle=1s/600s, sleep=30s
[action][watch] scan round=223
[action] start split=train, total=651
[action] done split=train, processed=0, existing=225, waiting_keyframes=426
[action] start split=val, total=160
[action] done split=val, processed=0, existing=55, waiting_keyframes=105
[action][watch] waiting for new keyframe outputs: pending=531, idle=31s/600s, sleep=30s
[action][watch] scan round=224
[action] start split=train, total=651
[action] 2018_SH_MS_Yuzuru: using keyframes from keyframe_selector/outputs/fs1000_all_frame_indices/2018_SH_MS_Yuzuru/selected_frame_indices.csv (83 rows)
[action] saved ../FS1000 Dataset/static_resnet50_keyframe_cache/static_resnet50_keyframe_2018_SH_MS_Yuzuru_T83.npy, shape=(83, 2048)
[action] done split=train, processed=1, existing=225, waiting_keyframes=425
[action] start split=val, total=160
[action] done split=val, processed=0, existing=55, waiting_keyframes=105
[action][watch] round=224 processed=1, total_processed=119, waiting_keyframes=530
[action][watch] scan round=225
[action] start split=train, total=651
[action] done split=train, processed=0, existing=226, waiting_keyframes=425
[action] start split=val, total=160
[action] done split=val, processed=0, existing=55, waiting_keyframes=105
[action][watch] waiting for new keyframe outputs: pending=530, idle=1s/600s, sleep=30s
[action][watch] scan round=226
[action] start split=train, total=651
[action] 2018_SJ_IR_Alexandra: using keyframes from keyframe_selector/outputs/fs1000_all_frame_indices/2018_SJ_IR_Alexandra/selected_frame_indices.csv (85 rows)
[action] saved ../FS1000 Dataset/static_resnet50_keyframe_cache/static_resnet50_keyframe_2018_SJ_IR_Alexandra_T85.npy, shape=(85, 2048)
[action] done split=train, processed=1, existing=226, waiting_keyframes=424
[action] start split=val, total=160
[action] done split=val, processed=0, existing=55, waiting_keyframes=105
[action][watch] round=226 processed=1, total_processed=120, waiting_keyframes=529
[action][watch] scan round=227
[action] start split=train, total=651
[action] done split=train, processed=0, existing=227, waiting_keyframes=424
[action] start split=val, total=160
[action] done split=val, processed=0, existing=55, waiting_keyframes=105
[action][watch] waiting for new keyframe outputs: pending=529, idle=1s/600s, sleep=30s
[action][watch] scan round=228
[action] start split=train, total=651
[action] done split=train, processed=0, existing=227, waiting_keyframes=424
[action] start split=val, total=160
[action] done split=val, processed=0, existing=55, waiting_keyframes=105
[action][watch] waiting for new keyframe outputs: pending=529, idle=31s/600s, sleep=30s
[action][watch] scan round=229
[action] start split=train, total=651
[action] 2018_SJ_IR_Anastasia: using keyframes from keyframe_selector/outputs/fs1000_all_frame_indices/2018_SJ_IR_Anastasia/selected_frame_indices.csv (86 rows)
[action] saved ../FS1000 Dataset/static_resnet50_keyframe_cache/static_resnet50_keyframe_2018_SJ_IR_Anastasia_T86.npy, shape=(86, 2048)
[action] done split=train, processed=1, existing=227, waiting_keyframes=423
[action] start split=val, total=160
[action] done split=val, processed=0, existing=55, waiting_keyframes=105
[action][watch] round=229 processed=1, total_processed=121, waiting_keyframes=528
[action][watch] scan round=230
[action] start split=train, total=651
[action] done split=train, processed=0, existing=228, waiting_keyframes=423
[action] start split=val, total=160
[action] done split=val, processed=0, existing=55, waiting_keyframes=105
[action][watch] waiting for new keyframe outputs: pending=528, idle=1s/600s, sleep=30s
[action][watch] scan round=231
[action] start split=train, total=651
[action] done split=train, processed=0, existing=228, waiting_keyframes=423
[action] start split=val, total=160
[action] done split=val, processed=0, existing=55, waiting_keyframes=105
[action][watch] waiting for new keyframe outputs: pending=528, idle=31s/600s, sleep=30s
[action][watch] scan round=232
[action] start split=train, total=651
[action] done split=train, processed=0, existing=228, waiting_keyframes=423
[action] start split=val, total=160
[action] 2018_SJ_IR_Carolane: using keyframes from keyframe_selector/outputs/fs1000_all_frame_indices/2018_SJ_IR_Carolane/selected_frame_indices.csv (87 rows)
[action] saved ../FS1000 Dataset/static_resnet50_keyframe_cache/static_resnet50_keyframe_2018_SJ_IR_Carolane_T87.npy, shape=(87, 2048)
[action] done split=val, processed=1, existing=55, waiting_keyframes=104
[action][watch] round=232 processed=1, total_processed=122, waiting_keyframes=527
[action][watch] scan round=233
[action] start split=train, total=651
[action] done split=train, processed=0, existing=228, waiting_keyframes=423
[action] start split=val, total=160
[action] done split=val, processed=0, existing=56, waiting_keyframes=104
[action][watch] waiting for new keyframe outputs: pending=527, idle=1s/600s, sleep=30s
[action][watch] scan round=234
[action] start split=train, total=651
[action] 2018_SJ_IR_Kaitlin: using keyframes from keyframe_selector/outputs/fs1000_all_frame_indices/2018_SJ_IR_Kaitlin/selected_frame_indices.csv (87 rows)
[action] saved ../FS1000 Dataset/static_resnet50_keyframe_cache/static_resnet50_keyframe_2018_SJ_IR_Kaitlin_T87.npy, shape=(87, 2048)
[action] done split=train, processed=1, existing=228, waiting_keyframes=422
[action] start split=val, total=160
[action] done split=val, processed=0, existing=56, waiting_keyframes=104
[action][watch] round=234 processed=1, total_processed=123, waiting_keyframes=526
[action][watch] scan round=235
[action] start split=train, total=651
[action] done split=train, processed=0, existing=229, waiting_keyframes=422
[action] start split=val, total=160
[action] done split=val, processed=0, existing=56, waiting_keyframes=104
[action][watch] waiting for new keyframe outputs: pending=526, idle=1s/600s, sleep=30s
[action][watch] scan round=236
[action] start split=train, total=651
[action] done split=train, processed=0, existing=229, waiting_keyframes=422
[action] start split=val, total=160
[action] done split=val, processed=0, existing=56, waiting_keyframes=104
[action][watch] waiting for new keyframe outputs: pending=526, idle=32s/600s, sleep=30s
[action][watch] scan round=237
[action] start split=train, total=651
[action] 2018_SJ_IR_Lilah: using keyframes from keyframe_selector/outputs/fs1000_all_frame_indices/2018_SJ_IR_Lilah/selected_frame_indices.csv (83 rows)
[action] saved ../FS1000 Dataset/static_resnet50_keyframe_cache/static_resnet50_keyframe_2018_SJ_IR_Lilah_T83.npy, shape=(83, 2048)
[action] done split=train, processed=1, existing=229, waiting_keyframes=421
[action] start split=val, total=160
[action] done split=val, processed=0, existing=56, waiting_keyframes=104
[action][watch] round=237 processed=1, total_processed=124, waiting_keyframes=525
[action][watch] scan round=238
[action] start split=train, total=651
[action] done split=train, processed=0, existing=230, waiting_keyframes=421
[action] start split=val, total=160
[action] done split=val, processed=0, existing=56, waiting_keyframes=104
[action][watch] waiting for new keyframe outputs: pending=525, idle=1s/600s, sleep=30s
[action][watch] scan round=239
[action] start split=train, total=651
[action] 2018_SJ_IR_Misato: using keyframes from keyframe_selector/outputs/fs1000_all_frame_indices/2018_SJ_IR_Misato/selected_frame_indices.csv (83 rows)
[action] saved ../FS1000 Dataset/static_resnet50_keyframe_cache/static_resnet50_keyframe_2018_SJ_IR_Misato_T83.npy, shape=(83, 2048)
[action] done split=train, processed=1, existing=230, waiting_keyframes=420
[action] start split=val, total=160
[action] done split=val, processed=0, existing=56, waiting_keyframes=104
[action][watch] round=239 processed=1, total_processed=125, waiting_keyframes=524
[action][watch] scan round=240
[action] start split=train, total=651
[action] done split=train, processed=0, existing=231, waiting_keyframes=420
[action] start split=val, total=160
[action] done split=val, processed=0, existing=56, waiting_keyframes=104
[action][watch] waiting for new keyframe outputs: pending=524, idle=1s/600s, sleep=30s
[action][watch] scan round=241
[action] start split=train, total=651
[action] done split=train, processed=0, existing=231, waiting_keyframes=420
[action] start split=val, total=160
[action] done split=val, processed=0, existing=56, waiting_keyframes=104
[action][watch] waiting for new keyframe outputs: pending=524, idle=32s/600s, sleep=30s
[action][watch] scan round=242
[action] start split=train, total=651
[action] 2018_SJ_IR_Rachel: using keyframes from keyframe_selector/outputs/fs1000_all_frame_indices/2018_SJ_IR_Rachel/selected_frame_indices.csv (85 rows)
[action] saved ../FS1000 Dataset/static_resnet50_keyframe_cache/static_resnet50_keyframe_2018_SJ_IR_Rachel_T85.npy, shape=(85, 2048)
[action] done split=train, processed=1, existing=231, waiting_keyframes=419
[action] start split=val, total=160
[action] done split=val, processed=0, existing=56, waiting_keyframes=104
[action][watch] round=242 processed=1, total_processed=126, waiting_keyframes=523
[action][watch] scan round=243
[action] start split=train, total=651
[action] done split=train, processed=0, existing=232, waiting_keyframes=419
[action] start split=val, total=160
[action] done split=val, processed=0, existing=56, waiting_keyframes=104
[action][watch] waiting for new keyframe outputs: pending=523, idle=1s/600s, sleep=30s
[action][watch] scan round=244
[action] start split=train, total=651
[action] done split=train, processed=0, existing=232, waiting_keyframes=419
[action] start split=val, total=160
[action] done split=val, processed=0, existing=56, waiting_keyframes=104
[action][watch] waiting for new keyframe outputs: pending=523, idle=31s/600s, sleep=30s
[action][watch] scan round=245
[action] start split=train, total=651
[action] done split=train, processed=0, existing=232, waiting_keyframes=419
[action] start split=val, total=160
[action] 2018_SJ_IR_Shiyue: using keyframes from keyframe_selector/outputs/fs1000_all_frame_indices/2018_SJ_IR_Shiyue/selected_frame_indices.csv (87 rows)
[action] saved ../FS1000 Dataset/static_resnet50_keyframe_cache/static_resnet50_keyframe_2018_SJ_IR_Shiyue_T87.npy, shape=(87, 2048)
[action] done split=val, processed=1, existing=56, waiting_keyframes=103
[action][watch] round=245 processed=1, total_processed=127, waiting_keyframes=522
[action][watch] scan round=246
[action] start split=train, total=651
[action] done split=train, processed=0, existing=232, waiting_keyframes=419
[action] start split=val, total=160
[action] done split=val, processed=0, existing=57, waiting_keyframes=103
[action][watch] waiting for new keyframe outputs: pending=522, idle=1s/600s, sleep=30s
[action][watch] scan round=247
[action] start split=train, total=651
[action] done split=train, processed=0, existing=232, waiting_keyframes=419
[action] start split=val, total=160
[action] done split=val, processed=0, existing=57, waiting_keyframes=103
[action][watch] waiting for new keyframe outputs: pending=522, idle=32s/600s, sleep=30s
[action][watch] scan round=248
[action] start split=train, total=651
[action] 2018_SJ_IR_Tiffani: using keyframes from keyframe_selector/outputs/fs1000_all_frame_indices/2018_SJ_IR_Tiffani/selected_frame_indices.csv (87 rows)
[action] saved ../FS1000 Dataset/static_resnet50_keyframe_cache/static_resnet50_keyframe_2018_SJ_IR_Tiffani_T87.npy, shape=(87, 2048)
[action] done split=train, processed=1, existing=232, waiting_keyframes=418
[action] start split=val, total=160
[action] done split=val, processed=0, existing=57, waiting_keyframes=103
[action][watch] round=248 processed=1, total_processed=128, waiting_keyframes=521
[action][watch] scan round=249
[action] start split=train, total=651
[action] done split=train, processed=0, existing=233, waiting_keyframes=418
[action] start split=val, total=160
[action] done split=val, processed=0, existing=57, waiting_keyframes=103
[action][watch] waiting for new keyframe outputs: pending=521, idle=1s/600s, sleep=30s
[action][watch] scan round=250
[action] start split=train, total=651
[action] done split=train, processed=0, existing=233, waiting_keyframes=418
[action] start split=val, total=160
[action] done split=val, processed=0, existing=57, waiting_keyframes=103
[action][watch] waiting for new keyframe outputs: pending=521, idle=31s/600s, sleep=30s
[action][watch] scan round=251
[action] start split=train, total=651
[action] 2018_SJ_PF_Alexa: using keyframes from keyframe_selector/outputs/fs1000_all_frame_indices/2018_SJ_PF_Alexa/selected_frame_indices.csv (127 rows)
[action] saved ../FS1000 Dataset/static_resnet50_keyframe_cache/static_resnet50_keyframe_2018_SJ_PF_Alexa_T127.npy, shape=(127, 2048)
[action] done split=train, processed=1, existing=233, waiting_keyframes=417
[action] start split=val, total=160
[action] done split=val, processed=0, existing=57, waiting_keyframes=103
[action][watch] round=251 processed=1, total_processed=129, waiting_keyframes=520
[action][watch] scan round=252
[action] start split=train, total=651
[action] done split=train, processed=0, existing=234, waiting_keyframes=417
[action] start split=val, total=160
[action] done split=val, processed=0, existing=57, waiting_keyframes=103
[action][watch] waiting for new keyframe outputs: pending=520, idle=1s/600s, sleep=30s
[action][watch] scan round=253
[action] start split=train, total=651
[action] done split=train, processed=0, existing=234, waiting_keyframes=417
[action] start split=val, total=160
[action] done split=val, processed=0, existing=57, waiting_keyframes=103
[action][watch] waiting for new keyframe outputs: pending=520, idle=31s/600s, sleep=30s
[action][watch] scan round=254
[action] start split=train, total=651
[action] done split=train, processed=0, existing=234, waiting_keyframes=417
[action] start split=val, total=160
[action] 2018_SJ_PF_Audrey: using keyframes from keyframe_selector/outputs/fs1000_all_frame_indices/2018_SJ_PF_Audrey/selected_frame_indices.csv (122 rows)
[action] saved ../FS1000 Dataset/static_resnet50_keyframe_cache/static_resnet50_keyframe_2018_SJ_PF_Audrey_T122.npy, shape=(122, 2048)
[action] done split=val, processed=1, existing=57, waiting_keyframes=102
[action][watch] round=254 processed=1, total_processed=130, waiting_keyframes=519
[action][watch] scan round=255
[action] start split=train, total=651
[action] done split=train, processed=0, existing=234, waiting_keyframes=417
[action] start split=val, total=160
[action] done split=val, processed=0, existing=58, waiting_keyframes=102
[action][watch] waiting for new keyframe outputs: pending=519, idle=1s/600s, sleep=30s
[action][watch] scan round=256
[action] start split=train, total=651
[action] done split=train, processed=0, existing=234, waiting_keyframes=417
[action] start split=val, total=160
[action] done split=val, processed=0, existing=58, waiting_keyframes=102
[action][watch] waiting for new keyframe outputs: pending=519, idle=32s/600s, sleep=30s
[action][watch] scan round=257
[action] start split=train, total=651
[action] done split=train, processed=0, existing=234, waiting_keyframes=417
[action] start split=val, total=160
[action] done split=val, processed=0, existing=58, waiting_keyframes=102
[action][watch] waiting for new keyframe outputs: pending=519, idle=63s/600s, sleep=30s
[action][watch] scan round=258
[action] start split=train, total=651
[action] 2018_SJ_PF_Cheng: using keyframes from keyframe_selector/outputs/fs1000_all_frame_indices/2018_SJ_PF_Cheng/selected_frame_indices.csv (121 rows)
[action] saved ../FS1000 Dataset/static_resnet50_keyframe_cache/static_resnet50_keyframe_2018_SJ_PF_Cheng_T121.npy, shape=(121, 2048)
[action] done split=train, processed=1, existing=234, waiting_keyframes=416
[action] start split=val, total=160
[action] done split=val, processed=0, existing=58, waiting_keyframes=102
[action][watch] round=258 processed=1, total_processed=131, waiting_keyframes=518
[action][watch] scan round=259
[action] start split=train, total=651
[action] done split=train, processed=0, existing=235, waiting_keyframes=416
[action] start split=val, total=160
[action] done split=val, processed=0, existing=58, waiting_keyframes=102
[action][watch] waiting for new keyframe outputs: pending=518, idle=1s/600s, sleep=30s
[action][watch] scan round=260
[action] start split=train, total=651
[action] done split=train, processed=0, existing=235, waiting_keyframes=416
[action] start split=val, total=160
[action] done split=val, processed=0, existing=58, waiting_keyframes=102
[action][watch] waiting for new keyframe outputs: pending=518, idle=32s/600s, sleep=30s
[action][watch] scan round=261
[action] start split=train, total=651
[action] 2018_SJ_PF_Kirsten: using keyframes from keyframe_selector/outputs/fs1000_all_frame_indices/2018_SJ_PF_Kirsten/selected_frame_indices.csv (122 rows)
[action] saved ../FS1000 Dataset/static_resnet50_keyframe_cache/static_resnet50_keyframe_2018_SJ_PF_Kirsten_T122.npy, shape=(122, 2048)
[action] done split=train, processed=1, existing=235, waiting_keyframes=415
[action] start split=val, total=160
[action] done split=val, processed=0, existing=58, waiting_keyframes=102
[action][watch] round=261 processed=1, total_processed=132, waiting_keyframes=517
[action][watch] scan round=262
[action] start split=train, total=651
[action] done split=train, processed=0, existing=236, waiting_keyframes=415
[action] start split=val, total=160
[action] done split=val, processed=0, existing=58, waiting_keyframes=102
[action][watch] waiting for new keyframe outputs: pending=517, idle=1s/600s, sleep=30s
[action][watch] scan round=263
[action] start split=train, total=651
[action] done split=train, processed=0, existing=236, waiting_keyframes=415
[action] start split=val, total=160
[action] done split=val, processed=0, existing=58, waiting_keyframes=102
[action][watch] waiting for new keyframe outputs: pending=517, idle=31s/600s, sleep=30s
[action][watch] scan round=264
[action] start split=train, total=651
[action] done split=train, processed=0, existing=236, waiting_keyframes=415
[action] start split=val, total=160
[action] done split=val, processed=0, existing=58, waiting_keyframes=102
[action][watch] waiting for new keyframe outputs: pending=517, idle=62s/600s, sleep=30s
[action][watch] scan round=265
[action] start split=train, total=651
[action] 2018_SJ_PF_Laura: using keyframes from keyframe_selector/outputs/fs1000_all_frame_indices/2018_SJ_PF_Laura/selected_frame_indices.csv (122 rows)
[action] saved ../FS1000 Dataset/static_resnet50_keyframe_cache/static_resnet50_keyframe_2018_SJ_PF_Laura_T122.npy, shape=(122, 2048)
[action] done split=train, processed=1, existing=236, waiting_keyframes=414
[action] start split=val, total=160
[action] done split=val, processed=0, existing=58, waiting_keyframes=102
[action][watch] round=265 processed=1, total_processed=133, waiting_keyframes=516
[action][watch] scan round=266
[action] start split=train, total=651
[action] done split=train, processed=0, existing=237, waiting_keyframes=414
[action] start split=val, total=160
[action] done split=val, processed=0, existing=58, waiting_keyframes=102
[action][watch] waiting for new keyframe outputs: pending=516, idle=1s/600s, sleep=30s
[action][watch] scan round=267
[action] start split=train, total=651
[action] done split=train, processed=0, existing=237, waiting_keyframes=414
[action] start split=val, total=160
[action] done split=val, processed=0, existing=58, waiting_keyframes=102
[action][watch] waiting for new keyframe outputs: pending=516, idle=31s/600s, sleep=30s
[action][watch] scan round=268
[action] start split=train, total=651
[action] 2018_SJ_PF_Miu: using keyframes from keyframe_selector/outputs/fs1000_all_frame_indices/2018_SJ_PF_Miu/selected_frame_indices.csv (121 rows)
[action] saved ../FS1000 Dataset/static_resnet50_keyframe_cache/static_resnet50_keyframe_2018_SJ_PF_Miu_T121.npy, shape=(121, 2048)
[action] done split=train, processed=1, existing=237, waiting_keyframes=413
[action] start split=val, total=160
[action] done split=val, processed=0, existing=58, waiting_keyframes=102
[action][watch] round=268 processed=1, total_processed=134, waiting_keyframes=515
[action][watch] scan round=269
[action] start split=train, total=651
[action] done split=train, processed=0, existing=238, waiting_keyframes=413
[action] start split=val, total=160
[action] done split=val, processed=0, existing=58, waiting_keyframes=102
[action][watch] waiting for new keyframe outputs: pending=515, idle=1s/600s, sleep=30s
[action][watch] scan round=270
[action] start split=train, total=651
[action] done split=train, processed=0, existing=238, waiting_keyframes=413
[action] start split=val, total=160
[action] done split=val, processed=0, existing=58, waiting_keyframes=102
[action][watch] waiting for new keyframe outputs: pending=515, idle=32s/600s, sleep=30s
[action][watch] scan round=271
[action] start split=train, total=651
[action] done split=train, processed=0, existing=238, waiting_keyframes=413
[action] start split=val, total=160
[action] done split=val, processed=0, existing=58, waiting_keyframes=102
[action][watch] waiting for new keyframe outputs: pending=515, idle=63s/600s, sleep=30s
[action][watch] scan round=272
[action] start split=train, total=651
[action] 2018_SJ_PF_Natalia: using keyframes from keyframe_selector/outputs/fs1000_all_frame_indices/2018_SJ_PF_Natalia/selected_frame_indices.csv (121 rows)
[action] saved ../FS1000 Dataset/static_resnet50_keyframe_cache/static_resnet50_keyframe_2018_SJ_PF_Natalia_T121.npy, shape=(121, 2048)
[action] done split=train, processed=1, existing=238, waiting_keyframes=412
[action] start split=val, total=160
[action] done split=val, processed=0, existing=58, waiting_keyframes=102
[action][watch] round=272 processed=1, total_processed=135, waiting_keyframes=514
[action][watch] scan round=273
[action] start split=train, total=651
[action] done split=train, processed=0, existing=239, waiting_keyframes=412
[action] start split=val, total=160
[action] done split=val, processed=0, existing=58, waiting_keyframes=102
[action][watch] waiting for new keyframe outputs: pending=514, idle=1s/600s, sleep=30s
[action][watch] scan round=274
[action] start split=train, total=651
[action] done split=train, processed=0, existing=239, waiting_keyframes=412
[action] start split=val, total=160
[action] done split=val, processed=0, existing=58, waiting_keyframes=102
[action][watch] waiting for new keyframe outputs: pending=514, idle=32s/600s, sleep=30s
[action][watch] scan round=275
[action] start split=train, total=651
[action] done split=train, processed=0, existing=239, waiting_keyframes=412
[action] start split=val, total=160
[action] 2018_SJ_PF_Tarah: using keyframes from keyframe_selector/outputs/fs1000_all_frame_indices/2018_SJ_PF_Tarah/selected_frame_indices.csv (120 rows)
[action] saved ../FS1000 Dataset/static_resnet50_keyframe_cache/static_resnet50_keyframe_2018_SJ_PF_Tarah_T120.npy, shape=(120, 2048)
[action] done split=val, processed=1, existing=58, waiting_keyframes=101
[action][watch] round=275 processed=1, total_processed=136, waiting_keyframes=513
[action][watch] scan round=276
[action] start split=train, total=651
[action] done split=train, processed=0, existing=239, waiting_keyframes=412
[action] start split=val, total=160
[action] done split=val, processed=0, existing=59, waiting_keyframes=101
[action][watch] waiting for new keyframe outputs: pending=513, idle=1s/600s, sleep=30s
[action][watch] scan round=277
[action] start split=train, total=651
[action] done split=train, processed=0, existing=239, waiting_keyframes=412
[action] start split=val, total=160
[action] done split=val, processed=0, existing=59, waiting_keyframes=101
[action][watch] waiting for new keyframe outputs: pending=513, idle=32s/600s, sleep=30s
[action][watch] scan round=278
[action] start split=train, total=651
[action] 2018_SR_IF_Alexandra_lvan: using keyframes from keyframe_selector/outputs/fs1000_all_frame_indices/2018_SR_IF_Alexandra_lvan/selected_frame_indices.csv (119 rows)
[action] saved ../FS1000 Dataset/static_resnet50_keyframe_cache/static_resnet50_keyframe_2018_SR_IF_Alexandra_lvan_T119.npy, shape=(119, 2048)
[action] done split=train, processed=1, existing=239, waiting_keyframes=411
[action] start split=val, total=160
[action] done split=val, processed=0, existing=59, waiting_keyframes=101
[action][watch] round=278 processed=1, total_processed=137, waiting_keyframes=512
[action][watch] scan round=279
[action] start split=train, total=651
[action] done split=train, processed=0, existing=240, waiting_keyframes=411
[action] start split=val, total=160
[action] done split=val, processed=0, existing=59, waiting_keyframes=101
[action][watch] waiting for new keyframe outputs: pending=512, idle=1s/600s, sleep=30s
[action][watch] scan round=280
[action] start split=train, total=651
[action] done split=train, processed=0, existing=240, waiting_keyframes=411
[action] start split=val, total=160
[action] done split=val, processed=0, existing=59, waiting_keyframes=101
[action][watch] waiting for new keyframe outputs: pending=512, idle=32s/600s, sleep=30s
[action][watch] scan round=281
[action] start split=train, total=651
[action] 2018_SR_IF_Allison_Saulius: using keyframes from keyframe_selector/outputs/fs1000_all_frame_indices/2018_SR_IF_Allison_Saulius/selected_frame_indices.csv (123 rows)
[action] saved ../FS1000 Dataset/static_resnet50_keyframe_cache/static_resnet50_keyframe_2018_SR_IF_Allison_Saulius_T123.npy, shape=(123, 2048)
[action] done split=train, processed=1, existing=240, waiting_keyframes=410
[action] start split=val, total=160
[action] done split=val, processed=0, existing=59, waiting_keyframes=101
[action][watch] round=281 processed=1, total_processed=138, waiting_keyframes=511
[action][watch] scan round=282
[action] start split=train, total=651
[action] done split=train, processed=0, existing=241, waiting_keyframes=410
[action] start split=val, total=160
[action] done split=val, processed=0, existing=59, waiting_keyframes=101
[action][watch] waiting for new keyframe outputs: pending=511, idle=1s/600s, sleep=30s
[action][watch] scan round=283
[action] start split=train, total=651
[action] done split=train, processed=0, existing=241, waiting_keyframes=410
[action] start split=val, total=160
[action] done split=val, processed=0, existing=59, waiting_keyframes=101
[action][watch] waiting for new keyframe outputs: pending=511, idle=32s/600s, sleep=30s
[action][watch] scan round=284
[action] start split=train, total=651
[action] done split=train, processed=0, existing=241, waiting_keyframes=410
[action] start split=val, total=160
[action] done split=val, processed=0, existing=59, waiting_keyframes=101
[action][watch] waiting for new keyframe outputs: pending=511, idle=63s/600s, sleep=30s
[action][watch] scan round=285
[action] start split=train, total=651
[action] 2018_SR_IF_Anna_Adam: using keyframes from keyframe_selector/outputs/fs1000_all_frame_indices/2018_SR_IF_Anna_Adam/selected_frame_indices.csv (123 rows)
[action] saved ../FS1000 Dataset/static_resnet50_keyframe_cache/static_resnet50_keyframe_2018_SR_IF_Anna_Adam_T123.npy, shape=(123, 2048)
[action] done split=train, processed=1, existing=241, waiting_keyframes=409
[action] start split=val, total=160
[action] done split=val, processed=0, existing=59, waiting_keyframes=101
[action][watch] round=285 processed=1, total_processed=139, waiting_keyframes=510
[action][watch] scan round=286
[action] start split=train, total=651
[action] done split=train, processed=0, existing=242, waiting_keyframes=409
[action] start split=val, total=160
[action] done split=val, processed=0, existing=59, waiting_keyframes=101
[action][watch] waiting for new keyframe outputs: pending=510, idle=1s/600s, sleep=30s
[action][watch] scan round=287
[action] start split=train, total=651
[action] done split=train, processed=0, existing=242, waiting_keyframes=409
[action] start split=val, total=160
[action] done split=val, processed=0, existing=59, waiting_keyframes=101
[action][watch] waiting for new keyframe outputs: pending=510, idle=31s/600s, sleep=30s
[action][watch] scan round=288
[action] start split=train, total=651
[action] 2018_SR_IF_Annabelle_Andrei: using keyframes from keyframe_selector/outputs/fs1000_all_frame_indices/2018_SR_IF_Annabelle_Andrei/selected_frame_indices.csv (124 rows)
[action] saved ../FS1000 Dataset/static_resnet50_keyframe_cache/static_resnet50_keyframe_2018_SR_IF_Annabelle_Andrei_T124.npy, shape=(124, 2048)
[action] done split=train, processed=1, existing=242, waiting_keyframes=408
[action] start split=val, total=160
[action] done split=val, processed=0, existing=59, waiting_keyframes=101
[action][watch] round=288 processed=1, total_processed=140, waiting_keyframes=509
[action][watch] scan round=289
[action] start split=train, total=651
[action] done split=train, processed=0, existing=243, waiting_keyframes=408
[action] start split=val, total=160
[action] done split=val, processed=0, existing=59, waiting_keyframes=101
[action][watch] waiting for new keyframe outputs: pending=509, idle=1s/600s, sleep=30s
[action][watch] scan round=290
[action] start split=train, total=651
[action] done split=train, processed=0, existing=243, waiting_keyframes=408
[action] start split=val, total=160
[action] done split=val, processed=0, existing=59, waiting_keyframes=101
[action][watch] waiting for new keyframe outputs: pending=509, idle=31s/600s, sleep=30s
[action][watch] scan round=291
[action] start split=train, total=651
[action] 2018_SR_IF_Christina_Anthony: using keyframes from keyframe_selector/outputs/fs1000_all_frame_indices/2018_SR_IF_Christina_Anthony/selected_frame_indices.csv (122 rows)
[action] saved ../FS1000 Dataset/static_resnet50_keyframe_cache/static_resnet50_keyframe_2018_SR_IF_Christina_Anthony_T122.npy, shape=(122, 2048)
[action] done split=train, processed=1, existing=243, waiting_keyframes=407
[action] start split=val, total=160
[action] done split=val, processed=0, existing=59, waiting_keyframes=101
[action][watch] round=291 processed=1, total_processed=141, waiting_keyframes=508
[action][watch] scan round=292
[action] start split=train, total=651
[action] done split=train, processed=0, existing=244, waiting_keyframes=407
[action] start split=val, total=160
[action] done split=val, processed=0, existing=59, waiting_keyframes=101
[action][watch] waiting for new keyframe outputs: pending=508, idle=1s/600s, sleep=30s
[action][watch] scan round=293
[action] start split=train, total=651
[action] done split=train, processed=0, existing=244, waiting_keyframes=407
[action] start split=val, total=160
[action] done split=val, processed=0, existing=59, waiting_keyframes=101
[action][watch] waiting for new keyframe outputs: pending=508, idle=32s/600s, sleep=30s
[action][watch] scan round=294
[action] start split=train, total=651
[action] 2018_SR_IF_Misato_Tim: using keyframes from keyframe_selector/outputs/fs1000_all_frame_indices/2018_SR_IF_Misato_Tim/selected_frame_indices.csv (123 rows)
[action] saved ../FS1000 Dataset/static_resnet50_keyframe_cache/static_resnet50_keyframe_2018_SR_IF_Misato_Tim_T123.npy, shape=(123, 2048)
[action] done split=train, processed=1, existing=244, waiting_keyframes=406
[action] start split=val, total=160
[action] done split=val, processed=0, existing=59, waiting_keyframes=101
[action][watch] round=294 processed=1, total_processed=142, waiting_keyframes=507
[action][watch] scan round=295
[action] start split=train, total=651
[action] done split=train, processed=0, existing=245, waiting_keyframes=406
[action] start split=val, total=160
[action] done split=val, processed=0, existing=59, waiting_keyframes=101
[action][watch] waiting for new keyframe outputs: pending=507, idle=1s/600s, sleep=30s
[action][watch] scan round=296
[action] start split=train, total=651
[action] done split=train, processed=0, existing=245, waiting_keyframes=406
[action] start split=val, total=160
[action] done split=val, processed=0, existing=59, waiting_keyframes=101
[action][watch] waiting for new keyframe outputs: pending=507, idle=32s/600s, sleep=30s
[action][watch] scan round=297
[action] start split=train, total=651
[action] done split=train, processed=0, existing=245, waiting_keyframes=406
[action] start split=val, total=160
[action] done split=val, processed=0, existing=59, waiting_keyframes=101
[action][watch] waiting for new keyframe outputs: pending=507, idle=63s/600s, sleep=30s
[action][watch] scan round=298
[action] start split=train, total=651
[action] 2018_SR_IF_Natalia_Maksym: using keyframes from keyframe_selector/outputs/fs1000_all_frame_indices/2018_SR_IF_Natalia_Maksym/selected_frame_indices.csv (124 rows)
[action] saved ../FS1000 Dataset/static_resnet50_keyframe_cache/static_resnet50_keyframe_2018_SR_IF_Natalia_Maksym_T124.npy, shape=(124, 2048)
[action] done split=train, processed=1, existing=245, waiting_keyframes=405
[action] start split=val, total=160
[action] done split=val, processed=0, existing=59, waiting_keyframes=101
[action][watch] round=298 processed=1, total_processed=143, waiting_keyframes=506
[action][watch] scan round=299
[action] start split=train, total=651
[action] done split=train, processed=0, existing=246, waiting_keyframes=405
[action] start split=val, total=160
[action] done split=val, processed=0, existing=59, waiting_keyframes=101
[action][watch] waiting for new keyframe outputs: pending=506, idle=1s/600s, sleep=30s
[action][watch] scan round=300
[action] start split=train, total=651
[action] done split=train, processed=0, existing=246, waiting_keyframes=405
[action] start split=val, total=160
[action] done split=val, processed=0, existing=59, waiting_keyframes=101
[action][watch] waiting for new keyframe outputs: pending=506, idle=31s/600s, sleep=30s
[action][watch] scan round=301
[action] start split=train, total=651
[action] 2018_SR_IF_Sara_Kirill: using keyframes from keyframe_selector/outputs/fs1000_all_frame_indices/2018_SR_IF_Sara_Kirill/selected_frame_indices.csv (122 rows)
[action] saved ../FS1000 Dataset/static_resnet50_keyframe_cache/static_resnet50_keyframe_2018_SR_IF_Sara_Kirill_T122.npy, shape=(122, 2048)
[action] done split=train, processed=1, existing=246, waiting_keyframes=404
[action] start split=val, total=160
[action] done split=val, processed=0, existing=59, waiting_keyframes=101
[action][watch] round=301 processed=1, total_processed=144, waiting_keyframes=505
[action][watch] scan round=302
[action] start split=train, total=651
[action] done split=train, processed=0, existing=247, waiting_keyframes=404
[action] start split=val, total=160
[action] done split=val, processed=0, existing=59, waiting_keyframes=101
[action][watch] waiting for new keyframe outputs: pending=505, idle=1s/600s, sleep=30s
[action][watch] scan round=303
[action] start split=train, total=651
[action] done split=train, processed=0, existing=247, waiting_keyframes=404
[action] start split=val, total=160
[action] done split=val, processed=0, existing=59, waiting_keyframes=101
[action][watch] waiting for new keyframe outputs: pending=505, idle=32s/600s, sleep=30s
[action][watch] scan round=304
[action] start split=train, total=651
[action] 2018_SR_IF_Sofia_Egor: using keyframes from keyframe_selector/outputs/fs1000_all_frame_indices/2018_SR_IF_Sofia_Egor/selected_frame_indices.csv (117 rows)
[action] saved ../FS1000 Dataset/static_resnet50_keyframe_cache/static_resnet50_keyframe_2018_SR_IF_Sofia_Egor_T117.npy, shape=(117, 2048)
[action] done split=train, processed=1, existing=247, waiting_keyframes=403
[action] start split=val, total=160
[action] done split=val, processed=0, existing=59, waiting_keyframes=101
[action][watch] round=304 processed=1, total_processed=145, waiting_keyframes=504
[action][watch] scan round=305
[action] start split=train, total=651
[action] done split=train, processed=0, existing=248, waiting_keyframes=403
[action] start split=val, total=160
[action] done split=val, processed=0, existing=59, waiting_keyframes=101
[action][watch] waiting for new keyframe outputs: pending=504, idle=1s/600s, sleep=30s
[action][watch] scan round=306
[action] start split=train, total=651
[action] done split=train, processed=0, existing=248, waiting_keyframes=403
[action] start split=val, total=160
[action] done split=val, processed=0, existing=59, waiting_keyframes=101
[action][watch] waiting for new keyframe outputs: pending=504, idle=31s/600s, sleep=30s
[action][watch] scan round=307
[action] start split=train, total=651
[action] 2018_SR_IR_Alexandra_Ivan: using keyframes from keyframe_selector/outputs/fs1000_all_frame_indices/2018_SR_IR_Alexandra_Ivan/selected_frame_indices.csv (90 rows)
[action] saved ../FS1000 Dataset/static_resnet50_keyframe_cache/static_resnet50_keyframe_2018_SR_IR_Alexandra_Ivan_T90.npy, shape=(90, 2048)
[action] done split=train, processed=1, existing=248, waiting_keyframes=402
[action] start split=val, total=160
[action] done split=val, processed=0, existing=59, waiting_keyframes=101
[action][watch] round=307 processed=1, total_processed=146, waiting_keyframes=503
[action][watch] scan round=308
[action] start split=train, total=651
[action] done split=train, processed=0, existing=249, waiting_keyframes=402
[action] start split=val, total=160
[action] done split=val, processed=0, existing=59, waiting_keyframes=101
[action][watch] waiting for new keyframe outputs: pending=503, idle=1s/600s, sleep=30s
[action][watch] scan round=309
[action] start split=train, total=651
[action] done split=train, processed=0, existing=249, waiting_keyframes=402
[action] start split=val, total=160
[action] done split=val, processed=0, existing=59, waiting_keyframes=101
[action][watch] waiting for new keyframe outputs: pending=503, idle=31s/600s, sleep=30s
[action][watch] scan round=310
[action] start split=train, total=651
[action] 2018_SR_IR_Allison_Saulius: using keyframes from keyframe_selector/outputs/fs1000_all_frame_indices/2018_SR_IR_Allison_Saulius/selected_frame_indices.csv (89 rows)
[action] saved ../FS1000 Dataset/static_resnet50_keyframe_cache/static_resnet50_keyframe_2018_SR_IR_Allison_Saulius_T89.npy, shape=(89, 2048)
[action] done split=train, processed=1, existing=249, waiting_keyframes=401
[action] start split=val, total=160
[action] done split=val, processed=0, existing=59, waiting_keyframes=101
[action][watch] round=310 processed=1, total_processed=147, waiting_keyframes=502
[action][watch] scan round=311
[action] start split=train, total=651
[action] done split=train, processed=0, existing=250, waiting_keyframes=401
[action] start split=val, total=160
[action] done split=val, processed=0, existing=59, waiting_keyframes=101
[action][watch] waiting for new keyframe outputs: pending=502, idle=2s/600s, sleep=30s
[action][watch] scan round=312
[action] start split=train, total=651
[action] done split=train, processed=0, existing=250, waiting_keyframes=401
[action] start split=val, total=160
[action] 2018_SR_IR_Anna_Adam: using keyframes from keyframe_selector/outputs/fs1000_all_frame_indices/2018_SR_IR_Anna_Adam/selected_frame_indices.csv (84 rows)
[action] saved ../FS1000 Dataset/static_resnet50_keyframe_cache/static_resnet50_keyframe_2018_SR_IR_Anna_Adam_T84.npy, shape=(84, 2048)
[action] done split=val, processed=1, existing=59, waiting_keyframes=100
[action][watch] round=312 processed=1, total_processed=148, waiting_keyframes=501
[action][watch] scan round=313
[action] start split=train, total=651
[action] done split=train, processed=0, existing=250, waiting_keyframes=401
[action] start split=val, total=160
[action] done split=val, processed=0, existing=60, waiting_keyframes=100
[action][watch] waiting for new keyframe outputs: pending=501, idle=1s/600s, sleep=30s
[action][watch] scan round=314
[action] start split=train, total=651
[action] done split=train, processed=0, existing=250, waiting_keyframes=401
[action] start split=val, total=160
[action] done split=val, processed=0, existing=60, waiting_keyframes=100
[action][watch] waiting for new keyframe outputs: pending=501, idle=31s/600s, sleep=30s
[action][watch] scan round=315
[action] start split=train, total=651
[action] done split=train, processed=0, existing=250, waiting_keyframes=401
[action] start split=val, total=160
[action] 2018_SR_IR_Annabelle_Andrei: using keyframes from keyframe_selector/outputs/fs1000_all_frame_indices/2018_SR_IR_Annabelle_Andrei/selected_frame_indices.csv (86 rows)
[action] saved ../FS1000 Dataset/static_resnet50_keyframe_cache/static_resnet50_keyframe_2018_SR_IR_Annabelle_Andrei_T86.npy, shape=(86, 2048)
[action] done split=val, processed=1, existing=60, waiting_keyframes=99
[action][watch] round=315 processed=1, total_processed=149, waiting_keyframes=500
[action][watch] scan round=316
[action] start split=train, total=651
[action] done split=train, processed=0, existing=250, waiting_keyframes=401
[action] start split=val, total=160
[action] done split=val, processed=0, existing=61, waiting_keyframes=99
[action][watch] waiting for new keyframe outputs: pending=500, idle=1s/600s, sleep=30s
[action][watch] scan round=317
[action] start split=train, total=651
[action] done split=train, processed=0, existing=250, waiting_keyframes=401
[action] start split=val, total=160
[action] done split=val, processed=0, existing=61, waiting_keyframes=99
[action][watch] waiting for new keyframe outputs: pending=500, idle=31s/600s, sleep=30s
[action][watch] scan round=318
[action] start split=train, total=651
[action] 2018_SR_IR_Christina_Anthony: using keyframes from keyframe_selector/outputs/fs1000_all_frame_indices/2018_SR_IR_Christina_Anthony/selected_frame_indices.csv (87 rows)
[action] saved ../FS1000 Dataset/static_resnet50_keyframe_cache/static_resnet50_keyframe_2018_SR_IR_Christina_Anthony_T87.npy, shape=(87, 2048)
[action] done split=train, processed=1, existing=250, waiting_keyframes=400
[action] start split=val, total=160
[action] done split=val, processed=0, existing=61, waiting_keyframes=99
[action][watch] round=318 processed=1, total_processed=150, waiting_keyframes=499
[action][watch] scan round=319
[action] start split=train, total=651
[action] done split=train, processed=0, existing=251, waiting_keyframes=400
[action] start split=val, total=160
[action] done split=val, processed=0, existing=61, waiting_keyframes=99
[action][watch] waiting for new keyframe outputs: pending=499, idle=1s/600s, sleep=30s
[action][watch] scan round=320
[action] start split=train, total=651
[action] 2018_SR_IR_Misato_Tim: using keyframes from keyframe_selector/outputs/fs1000_all_frame_indices/2018_SR_IR_Misato_Tim/selected_frame_indices.csv (85 rows)
[action] saved ../FS1000 Dataset/static_resnet50_keyframe_cache/static_resnet50_keyframe_2018_SR_IR_Misato_Tim_T85.npy, shape=(85, 2048)
[action] done split=train, processed=1, existing=251, waiting_keyframes=399
[action] start split=val, total=160
[action] done split=val, processed=0, existing=61, waiting_keyframes=99
[action][watch] round=320 processed=1, total_processed=151, waiting_keyframes=498
[action][watch] scan round=321
[action] start split=train, total=651
[action] done split=train, processed=0, existing=252, waiting_keyframes=399
[action] start split=val, total=160
[action] done split=val, processed=0, existing=61, waiting_keyframes=99
[action][watch] waiting for new keyframe outputs: pending=498, idle=1s/600s, sleep=30s
[action][watch] scan round=322
[action] start split=train, total=651
[action] done split=train, processed=0, existing=252, waiting_keyframes=399
[action] start split=val, total=160
[action] done split=val, processed=0, existing=61, waiting_keyframes=99
[action][watch] waiting for new keyframe outputs: pending=498, idle=31s/600s, sleep=30s
[action][watch] scan round=323
[action] start split=train, total=651
[action] done split=train, processed=0, existing=252, waiting_keyframes=399
[action] start split=val, total=160
[action] 2018_SR_IR_Natalia_Maksym: using keyframes from keyframe_selector/outputs/fs1000_all_frame_indices/2018_SR_IR_Natalia_Maksym/selected_frame_indices.csv (88 rows)
[action] saved ../FS1000 Dataset/static_resnet50_keyframe_cache/static_resnet50_keyframe_2018_SR_IR_Natalia_Maksym_T88.npy, shape=(88, 2048)
[action] done split=val, processed=1, existing=61, waiting_keyframes=98
[action][watch] round=323 processed=1, total_processed=152, waiting_keyframes=497
[action][watch] scan round=324
[action] start split=train, total=651
[action] done split=train, processed=0, existing=252, waiting_keyframes=399
[action] start split=val, total=160
[action] done split=val, processed=0, existing=62, waiting_keyframes=98
[action][watch] waiting for new keyframe outputs: pending=497, idle=1s/600s, sleep=30s
[action][watch] scan round=325
[action] start split=train, total=651
[action] done split=train, processed=0, existing=252, waiting_keyframes=399
[action] start split=val, total=160
[action] done split=val, processed=0, existing=62, waiting_keyframes=98
[action][watch] waiting for new keyframe outputs: pending=497, idle=31s/600s, sleep=30s
[action][watch] scan round=326
[action] start split=train, total=651
[action] 2018_SR_IR_Sara_Kirill: using keyframes from keyframe_selector/outputs/fs1000_all_frame_indices/2018_SR_IR_Sara_Kirill/selected_frame_indices.csv (88 rows)
[action] saved ../FS1000 Dataset/static_resnet50_keyframe_cache/static_resnet50_keyframe_2018_SR_IR_Sara_Kirill_T88.npy, shape=(88, 2048)
[action] done split=train, processed=1, existing=252, waiting_keyframes=398
[action] start split=val, total=160
[action] done split=val, processed=0, existing=62, waiting_keyframes=98
[action][watch] round=326 processed=1, total_processed=153, waiting_keyframes=496
[action][watch] scan round=327
[action] start split=train, total=651
[action] done split=train, processed=0, existing=253, waiting_keyframes=398
[action] start split=val, total=160
[action] done split=val, processed=0, existing=62, waiting_keyframes=98
[action][watch] waiting for new keyframe outputs: pending=496, idle=1s/600s, sleep=30s
[action][watch] scan round=328
[action] start split=train, total=651
[action] 2018_SR_IR_Sofia_Egor: using keyframes from keyframe_selector/outputs/fs1000_all_frame_indices/2018_SR_IR_Sofia_Egor/selected_frame_indices.csv (83 rows)
[action] saved ../FS1000 Dataset/static_resnet50_keyframe_cache/static_resnet50_keyframe_2018_SR_IR_Sofia_Egor_T83.npy, shape=(83, 2048)
[action] done split=train, processed=1, existing=253, waiting_keyframes=397
[action] start split=val, total=160
[action] done split=val, processed=0, existing=62, waiting_keyframes=98
[action][watch] round=328 processed=1, total_processed=154, waiting_keyframes=495
[action][watch] scan round=329
[action] start split=train, total=651
[action] done split=train, processed=0, existing=254, waiting_keyframes=397
[action] start split=val, total=160
[action] done split=val, processed=0, existing=62, waiting_keyframes=98
[action][watch] waiting for new keyframe outputs: pending=495, idle=1s/600s, sleep=30s
[action][watch] scan round=330
[action] start split=train, total=651
[action] done split=train, processed=0, existing=254, waiting_keyframes=397
[action] start split=val, total=160
[action] done split=val, processed=0, existing=62, waiting_keyframes=98
[action][watch] waiting for new keyframe outputs: pending=495, idle=32s/600s, sleep=30s
[action][watch] scan round=331
[action] start split=train, total=651
[action] done split=train, processed=0, existing=254, waiting_keyframes=397
[action] start split=val, total=160
[action] done split=val, processed=0, existing=62, waiting_keyframes=98
[action][watch] waiting for new keyframe outputs: pending=495, idle=63s/600s, sleep=30s
[action][watch] scan round=332
[action] start split=train, total=651
[action] 2018_SR_LF_Alexia: using keyframes from keyframe_selector/outputs/fs1000_all_frame_indices/2018_SR_LF_Alexia/selected_frame_indices.csv (122 rows)
[action] saved ../FS1000 Dataset/static_resnet50_keyframe_cache/static_resnet50_keyframe_2018_SR_LF_Alexia_T122.npy, shape=(122, 2048)
[action] done split=train, processed=1, existing=254, waiting_keyframes=396
[action] start split=val, total=160
[action] done split=val, processed=0, existing=62, waiting_keyframes=98
[action][watch] round=332 processed=1, total_processed=155, waiting_keyframes=494
[action][watch] scan round=333
[action] start split=train, total=651
[action] done split=train, processed=0, existing=255, waiting_keyframes=396
[action] start split=val, total=160
[action] done split=val, processed=0, existing=62, waiting_keyframes=98
[action][watch] waiting for new keyframe outputs: pending=494, idle=1s/600s, sleep=30s
[action][watch] scan round=334
[action] start split=train, total=651
[action] done split=train, processed=0, existing=255, waiting_keyframes=396
[action] start split=val, total=160
[action] done split=val, processed=0, existing=62, waiting_keyframes=98
[action][watch] waiting for new keyframe outputs: pending=494, idle=31s/600s, sleep=30s
[action][watch] scan round=335
[action] start split=train, total=651
[action] 2018_SR_LF_Alina: using keyframes from keyframe_selector/outputs/fs1000_all_frame_indices/2018_SR_LF_Alina/selected_frame_indices.csv (122 rows)
[action] saved ../FS1000 Dataset/static_resnet50_keyframe_cache/static_resnet50_keyframe_2018_SR_LF_Alina_T122.npy, shape=(122, 2048)
[action] done split=train, processed=1, existing=255, waiting_keyframes=395
[action] start split=val, total=160
[action] done split=val, processed=0, existing=62, waiting_keyframes=98
[action][watch] round=335 processed=1, total_processed=156, waiting_keyframes=493
[action][watch] scan round=336
[action] start split=train, total=651
[action] done split=train, processed=0, existing=256, waiting_keyframes=395
[action] start split=val, total=160
[action] done split=val, processed=0, existing=62, waiting_keyframes=98
[action][watch] waiting for new keyframe outputs: pending=493, idle=1s/600s, sleep=30s
[action][watch] scan round=337
[action] start split=train, total=651
[action] done split=train, processed=0, existing=256, waiting_keyframes=395
[action] start split=val, total=160
[action] done split=val, processed=0, existing=62, waiting_keyframes=98
[action][watch] waiting for new keyframe outputs: pending=493, idle=31s/600s, sleep=30s
[action][watch] scan round=338
[action] start split=train, total=651
[action] 2018_SR_LF_Elizabet: using keyframes from keyframe_selector/outputs/fs1000_all_frame_indices/2018_SR_LF_Elizabet/selected_frame_indices.csv (116 rows)
[action] saved ../FS1000 Dataset/static_resnet50_keyframe_cache/static_resnet50_keyframe_2018_SR_LF_Elizabet_T116.npy, shape=(116, 2048)
[action] done split=train, processed=1, existing=256, waiting_keyframes=394
[action] start split=val, total=160
[action] done split=val, processed=0, existing=62, waiting_keyframes=98
[action][watch] round=338 processed=1, total_processed=157, waiting_keyframes=492
[action][watch] scan round=339
[action] start split=train, total=651
[action] done split=train, processed=0, existing=257, waiting_keyframes=394
[action] start split=val, total=160
[action] done split=val, processed=0, existing=62, waiting_keyframes=98
[action][watch] waiting for new keyframe outputs: pending=492, idle=1s/600s, sleep=30s
[action][watch] scan round=340
[action] start split=train, total=651
[action] done split=train, processed=0, existing=257, waiting_keyframes=394
[action] start split=val, total=160
[action] done split=val, processed=0, existing=62, waiting_keyframes=98
[action][watch] waiting for new keyframe outputs: pending=492, idle=31s/600s, sleep=30s
[action][watch] scan round=341
[action] start split=train, total=651
[action] 2018_SR_LF_Eunsoo: using keyframes from keyframe_selector/outputs/fs1000_all_frame_indices/2018_SR_LF_Eunsoo/selected_frame_indices.csv (121 rows)
[action] saved ../FS1000 Dataset/static_resnet50_keyframe_cache/static_resnet50_keyframe_2018_SR_LF_Eunsoo_T121.npy, shape=(121, 2048)
[action] done split=train, processed=1, existing=257, waiting_keyframes=393
[action] start split=val, total=160
[action] done split=val, processed=0, existing=62, waiting_keyframes=98
[action][watch] round=341 processed=1, total_processed=158, waiting_keyframes=491
[action][watch] scan round=342
[action] start split=train, total=651
[action] done split=train, processed=0, existing=258, waiting_keyframes=393
[action] start split=val, total=160
[action] done split=val, processed=0, existing=62, waiting_keyframes=98
[action][watch] waiting for new keyframe outputs: pending=491, idle=1s/600s, sleep=30s
[action][watch] scan round=343
[action] start split=train, total=651
[action] done split=train, processed=0, existing=258, waiting_keyframes=393
[action] start split=val, total=160
[action] done split=val, processed=0, existing=62, waiting_keyframes=98
[action][watch] waiting for new keyframe outputs: pending=491, idle=31s/600s, sleep=30s
[action][watch] scan round=344
[action] start split=train, total=651
[action] 2018_SR_LF_Mako: using keyframes from keyframe_selector/outputs/fs1000_all_frame_indices/2018_SR_LF_Mako/selected_frame_indices.csv (121 rows)
[action] saved ../FS1000 Dataset/static_resnet50_keyframe_cache/static_resnet50_keyframe_2018_SR_LF_Mako_T121.npy, shape=(121, 2048)
[action] done split=train, processed=1, existing=258, waiting_keyframes=392
[action] start split=val, total=160
[action] done split=val, processed=0, existing=62, waiting_keyframes=98
[action][watch] round=344 processed=1, total_processed=159, waiting_keyframes=490
[action][watch] scan round=345
[action] start split=train, total=651
[action] done split=train, processed=0, existing=259, waiting_keyframes=392
[action] start split=val, total=160
[action] done split=val, processed=0, existing=62, waiting_keyframes=98
[action][watch] waiting for new keyframe outputs: pending=490, idle=1s/600s, sleep=30s
[action][watch] scan round=346
[action] start split=train, total=651
[action] done split=train, processed=0, existing=259, waiting_keyframes=392
[action] start split=val, total=160
[action] done split=val, processed=0, existing=62, waiting_keyframes=98
[action][watch] waiting for new keyframe outputs: pending=490, idle=32s/600s, sleep=30s
[action][watch] scan round=347
[action] start split=train, total=651
[action] done split=train, processed=0, existing=259, waiting_keyframes=392
[action] start split=val, total=160
[action] done split=val, processed=0, existing=62, waiting_keyframes=98
[action][watch] waiting for new keyframe outputs: pending=490, idle=62s/600s, sleep=30s
[action][watch] scan round=348
[action] start split=train, total=651
[action] 2018_SR_LF_Polina: using keyframes from keyframe_selector/outputs/fs1000_all_frame_indices/2018_SR_LF_Polina/selected_frame_indices.csv (119 rows)
[action] saved ../FS1000 Dataset/static_resnet50_keyframe_cache/static_resnet50_keyframe_2018_SR_LF_Polina_T119.npy, shape=(119, 2048)
[action] done split=train, processed=1, existing=259, waiting_keyframes=391
[action] start split=val, total=160
[action] done split=val, processed=0, existing=62, waiting_keyframes=98
[action][watch] round=348 processed=1, total_processed=160, waiting_keyframes=489
[action][watch] scan round=349
[action] start split=train, total=651
[action] done split=train, processed=0, existing=260, waiting_keyframes=391
[action] start split=val, total=160
[action] done split=val, processed=0, existing=62, waiting_keyframes=98
[action][watch] waiting for new keyframe outputs: pending=489, idle=1s/600s, sleep=30s
[action][watch] scan round=350
[action] start split=train, total=651
[action] done split=train, processed=0, existing=260, waiting_keyframes=391
[action] start split=val, total=160
[action] done split=val, processed=0, existing=62, waiting_keyframes=98
[action][watch] waiting for new keyframe outputs: pending=489, idle=32s/600s, sleep=30s
[action][watch] scan round=351
[action] start split=train, total=651
[action] 2018_SR_LF_Sofia: using keyframes from keyframe_selector/outputs/fs1000_all_frame_indices/2018_SR_LF_Sofia/selected_frame_indices.csv (121 rows)
[action] saved ../FS1000 Dataset/static_resnet50_keyframe_cache/static_resnet50_keyframe_2018_SR_LF_Sofia_T121.npy, shape=(121, 2048)
[action] done split=train, processed=1, existing=260, waiting_keyframes=390
[action] start split=val, total=160
[action] done split=val, processed=0, existing=62, waiting_keyframes=98
[action][watch] round=351 processed=1, total_processed=161, waiting_keyframes=488
[action][watch] scan round=352
[action] start split=train, total=651
[action] done split=train, processed=0, existing=261, waiting_keyframes=390
[action] start split=val, total=160
[action] done split=val, processed=0, existing=62, waiting_keyframes=98
[action][watch] waiting for new keyframe outputs: pending=488, idle=1s/600s, sleep=30s
[action][watch] scan round=353
[action] start split=train, total=651
[action] done split=train, processed=0, existing=261, waiting_keyframes=390
[action] start split=val, total=160
[action] done split=val, processed=0, existing=62, waiting_keyframes=98
[action][watch] waiting for new keyframe outputs: pending=488, idle=31s/600s, sleep=30s
[action][watch] scan round=354
[action] start split=train, total=651
[action] 2018_SR_LF_Yuna: using keyframes from keyframe_selector/outputs/fs1000_all_frame_indices/2018_SR_LF_Yuna/selected_frame_indices.csv (121 rows)
[action] saved ../FS1000 Dataset/static_resnet50_keyframe_cache/static_resnet50_keyframe_2018_SR_LF_Yuna_T121.npy, shape=(121, 2048)
[action] done split=train, processed=1, existing=261, waiting_keyframes=389
[action] start split=val, total=160
[action] done split=val, processed=0, existing=62, waiting_keyframes=98
[action][watch] round=354 processed=1, total_processed=162, waiting_keyframes=487
[action][watch] scan round=355
[action] start split=train, total=651
[action] done split=train, processed=0, existing=262, waiting_keyframes=389
[action] start split=val, total=160
[action] done split=val, processed=0, existing=62, waiting_keyframes=98
[action][watch] waiting for new keyframe outputs: pending=487, idle=1s/600s, sleep=30s
[action][watch] scan round=356
[action] start split=train, total=651
[action] done split=train, processed=0, existing=262, waiting_keyframes=389
[action] start split=val, total=160
[action] done split=val, processed=0, existing=62, waiting_keyframes=98
[action][watch] waiting for new keyframe outputs: pending=487, idle=31s/600s, sleep=30s
[action][watch] scan round=357
[action] start split=train, total=651
[action] 2018_SR_LF_Yura: using keyframes from keyframe_selector/outputs/fs1000_all_frame_indices/2018_SR_LF_Yura/selected_frame_indices.csv (122 rows)
[action] saved ../FS1000 Dataset/static_resnet50_keyframe_cache/static_resnet50_keyframe_2018_SR_LF_Yura_T122.npy, shape=(122, 2048)
[action] done split=train, processed=1, existing=262, waiting_keyframes=388
[action] start split=val, total=160
[action] done split=val, processed=0, existing=62, waiting_keyframes=98
[action][watch] round=357 processed=1, total_processed=163, waiting_keyframes=486
[action][watch] scan round=358
[action] start split=train, total=651
[action] done split=train, processed=0, existing=263, waiting_keyframes=388
[action] start split=val, total=160
[action] done split=val, processed=0, existing=62, waiting_keyframes=98
[action][watch] waiting for new keyframe outputs: pending=486, idle=1s/600s, sleep=30s
[action][watch] scan round=359
[action] start split=train, total=651
[action] done split=train, processed=0, existing=263, waiting_keyframes=388
[action] start split=val, total=160
[action] 2018_SR_LS_Alexia: using keyframes from keyframe_selector/outputs/fs1000_all_frame_indices/2018_SR_LS_Alexia/selected_frame_indices.csv (80 rows)
[action] saved ../FS1000 Dataset/static_resnet50_keyframe_cache/static_resnet50_keyframe_2018_SR_LS_Alexia_T80.npy, shape=(80, 2048)
[action] done split=val, processed=1, existing=62, waiting_keyframes=97
[action][watch] round=359 processed=1, total_processed=164, waiting_keyframes=485
[action][watch] scan round=360
[action] start split=train, total=651
[action] done split=train, processed=0, existing=263, waiting_keyframes=388
[action] start split=val, total=160
[action] done split=val, processed=0, existing=63, waiting_keyframes=97
[action][watch] waiting for new keyframe outputs: pending=485, idle=1s/600s, sleep=30s
[action][watch] scan round=361
[action] start split=train, total=651
[action] done split=train, processed=0, existing=263, waiting_keyframes=388
[action] start split=val, total=160
[action] done split=val, processed=0, existing=63, waiting_keyframes=97
[action][watch] waiting for new keyframe outputs: pending=485, idle=31s/600s, sleep=30s
[action][watch] scan round=362
[action] start split=train, total=651
[action] 2018_SR_LS_Alina: using keyframes from keyframe_selector/outputs/fs1000_all_frame_indices/2018_SR_LS_Alina/selected_frame_indices.csv (80 rows)
[action] saved ../FS1000 Dataset/static_resnet50_keyframe_cache/static_resnet50_keyframe_2018_SR_LS_Alina_T80.npy, shape=(80, 2048)
[action] done split=train, processed=1, existing=263, waiting_keyframes=387
[action] start split=val, total=160
[action] done split=val, processed=0, existing=63, waiting_keyframes=97
[action][watch] round=362 processed=1, total_processed=165, waiting_keyframes=484
[action][watch] scan round=363
[action] start split=train, total=651
[action] done split=train, processed=0, existing=264, waiting_keyframes=387
[action] start split=val, total=160
[action] done split=val, processed=0, existing=63, waiting_keyframes=97
[action][watch] waiting for new keyframe outputs: pending=484, idle=1s/600s, sleep=30s
[action][watch] scan round=364
[action] start split=train, total=651
[action] done split=train, processed=0, existing=264, waiting_keyframes=387
[action] start split=val, total=160
[action] done split=val, processed=0, existing=63, waiting_keyframes=97
[action][watch] waiting for new keyframe outputs: pending=484, idle=31s/600s, sleep=30s
[action][watch] scan round=365
[action] start split=train, total=651
[action] 2018_SR_LS_Elizabet: using keyframes from keyframe_selector/outputs/fs1000_all_frame_indices/2018_SR_LS_Elizabet/selected_frame_indices.csv (79 rows)
[action] saved ../FS1000 Dataset/static_resnet50_keyframe_cache/static_resnet50_keyframe_2018_SR_LS_Elizabet_T79.npy, shape=(79, 2048)
[action] done split=train, processed=1, existing=264, waiting_keyframes=386
[action] start split=val, total=160
[action] done split=val, processed=0, existing=63, waiting_keyframes=97
[action][watch] round=365 processed=1, total_processed=166, waiting_keyframes=483
[action][watch] scan round=366
[action] start split=train, total=651
[action] done split=train, processed=0, existing=265, waiting_keyframes=386
[action] start split=val, total=160
[action] done split=val, processed=0, existing=63, waiting_keyframes=97
[action][watch] waiting for new keyframe outputs: pending=483, idle=1s/600s, sleep=30s
[action][watch] scan round=367
[action] start split=train, total=651
[action] done split=train, processed=0, existing=265, waiting_keyframes=386
[action] start split=val, total=160
[action] 2018_SR_LS_Eunsoo: using keyframes from keyframe_selector/outputs/fs1000_all_frame_indices/2018_SR_LS_Eunsoo/selected_frame_indices.csv (82 rows)
[action] saved ../FS1000 Dataset/static_resnet50_keyframe_cache/static_resnet50_keyframe_2018_SR_LS_Eunsoo_T82.npy, shape=(82, 2048)
[action] done split=val, processed=1, existing=63, waiting_keyframes=96
[action][watch] round=367 processed=1, total_processed=167, waiting_keyframes=482
[action][watch] scan round=368
[action] start split=train, total=651
[action] done split=train, processed=0, existing=265, waiting_keyframes=386
[action] start split=val, total=160
[action] done split=val, processed=0, existing=64, waiting_keyframes=96
[action][watch] waiting for new keyframe outputs: pending=482, idle=1s/600s, sleep=30s
[action][watch] scan round=369
[action] start split=train, total=651
[action] done split=train, processed=0, existing=265, waiting_keyframes=386
[action] start split=val, total=160
[action] done split=val, processed=0, existing=64, waiting_keyframes=96
[action][watch] waiting for new keyframe outputs: pending=482, idle=32s/600s, sleep=30s
[action][watch] scan round=370
[action] start split=train, total=651
[action] 2018_SR_LS_Gracie: using keyframes from keyframe_selector/outputs/fs1000_all_frame_indices/2018_SR_LS_Gracie/selected_frame_indices.csv (81 rows)
[action] saved ../FS1000 Dataset/static_resnet50_keyframe_cache/static_resnet50_keyframe_2018_SR_LS_Gracie_T81.npy, shape=(81, 2048)
[action] done split=train, processed=1, existing=265, waiting_keyframes=385
[action] start split=val, total=160
[action] done split=val, processed=0, existing=64, waiting_keyframes=96
[action][watch] round=370 processed=1, total_processed=168, waiting_keyframes=481
[action][watch] scan round=371
[action] start split=train, total=651
[action] done split=train, processed=0, existing=266, waiting_keyframes=385
[action] start split=val, total=160
[action] done split=val, processed=0, existing=64, waiting_keyframes=96
[action][watch] waiting for new keyframe outputs: pending=481, idle=1s/600s, sleep=30s
[action][watch] scan round=372
[action] start split=train, total=651
[action] done split=train, processed=0, existing=266, waiting_keyframes=385
[action] start split=val, total=160
[action] 2018_SR_LS_Mako: using keyframes from keyframe_selector/outputs/fs1000_all_frame_indices/2018_SR_LS_Mako/selected_frame_indices.csv (81 rows)
[action] saved ../FS1000 Dataset/static_resnet50_keyframe_cache/static_resnet50_keyframe_2018_SR_LS_Mako_T81.npy, shape=(81, 2048)
[action] done split=val, processed=1, existing=64, waiting_keyframes=95
[action][watch] round=372 processed=1, total_processed=169, waiting_keyframes=480
[action][watch] scan round=373
[action] start split=train, total=651
[action] done split=train, processed=0, existing=266, waiting_keyframes=385
[action] start split=val, total=160
[action] done split=val, processed=0, existing=65, waiting_keyframes=95
[action][watch] waiting for new keyframe outputs: pending=480, idle=1s/600s, sleep=30s
[action][watch] scan round=374
[action] start split=train, total=651
[action] done split=train, processed=0, existing=266, waiting_keyframes=385
[action] start split=val, total=160
[action] done split=val, processed=0, existing=65, waiting_keyframes=95
[action][watch] waiting for new keyframe outputs: pending=480, idle=31s/600s, sleep=30s
[action][watch] scan round=375
[action] start split=train, total=651
[action] 2018_SR_LS_Polina: using keyframes from keyframe_selector/outputs/fs1000_all_frame_indices/2018_SR_LS_Polina/selected_frame_indices.csv (80 rows)
[action] saved ../FS1000 Dataset/static_resnet50_keyframe_cache/static_resnet50_keyframe_2018_SR_LS_Polina_T80.npy, shape=(80, 2048)
[action] done split=train, processed=1, existing=266, waiting_keyframes=384
[action] start split=val, total=160
[action] done split=val, processed=0, existing=65, waiting_keyframes=95
[action][watch] round=375 processed=1, total_processed=170, waiting_keyframes=479
[action][watch] scan round=376
[action] start split=train, total=651
[action] done split=train, processed=0, existing=267, waiting_keyframes=384
[action] start split=val, total=160
[action] done split=val, processed=0, existing=65, waiting_keyframes=95
[action][watch] waiting for new keyframe outputs: pending=479, idle=1s/600s, sleep=30s
[action][watch] scan round=377
[action] start split=train, total=651
[action] done split=train, processed=0, existing=267, waiting_keyframes=384
[action] start split=val, total=160
[action] done split=val, processed=0, existing=65, waiting_keyframes=95
[action][watch] waiting for new keyframe outputs: pending=479, idle=32s/600s, sleep=30s
[action][watch] scan round=378
[action] start split=train, total=651
[action] 2018_SR_LS_Sofia: using keyframes from keyframe_selector/outputs/fs1000_all_frame_indices/2018_SR_LS_Sofia/selected_frame_indices.csv (80 rows)
[action] saved ../FS1000 Dataset/static_resnet50_keyframe_cache/static_resnet50_keyframe_2018_SR_LS_Sofia_T80.npy, shape=(80, 2048)
[action] done split=train, processed=1, existing=267, waiting_keyframes=383
[action] start split=val, total=160
[action] done split=val, processed=0, existing=65, waiting_keyframes=95
[action][watch] round=378 processed=1, total_processed=171, waiting_keyframes=478
[action][watch] scan round=379
[action] start split=train, total=651
[action] done split=train, processed=0, existing=268, waiting_keyframes=383
[action] start split=val, total=160
[action] done split=val, processed=0, existing=65, waiting_keyframes=95
[action][watch] waiting for new keyframe outputs: pending=478, idle=1s/600s, sleep=30s
[action][watch] scan round=380
[action] start split=train, total=651
[action] 2018_SR_LS_Yuna: using keyframes from keyframe_selector/outputs/fs1000_all_frame_indices/2018_SR_LS_Yuna/selected_frame_indices.csv (78 rows)
[action] saved ../FS1000 Dataset/static_resnet50_keyframe_cache/static_resnet50_keyframe_2018_SR_LS_Yuna_T78.npy, shape=(78, 2048)
[action] done split=train, processed=1, existing=268, waiting_keyframes=382
[action] start split=val, total=160
[action] done split=val, processed=0, existing=65, waiting_keyframes=95
[action][watch] round=380 processed=1, total_processed=172, waiting_keyframes=477
[action][watch] scan round=381
[action] start split=train, total=651
[action] done split=train, processed=0, existing=269, waiting_keyframes=382
[action] start split=val, total=160
[action] done split=val, processed=0, existing=65, waiting_keyframes=95
[action][watch] waiting for new keyframe outputs: pending=477, idle=1s/600s, sleep=30s
[action][watch] scan round=382
[action] start split=train, total=651
[action] done split=train, processed=0, existing=269, waiting_keyframes=382
[action] start split=val, total=160
[action] 2018_SR_LS_Yura: using keyframes from keyframe_selector/outputs/fs1000_all_frame_indices/2018_SR_LS_Yura/selected_frame_indices.csv (80 rows)
[action] saved ../FS1000 Dataset/static_resnet50_keyframe_cache/static_resnet50_keyframe_2018_SR_LS_Yura_T80.npy, shape=(80, 2048)
[action] done split=val, processed=1, existing=65, waiting_keyframes=94
[action][watch] round=382 processed=1, total_processed=173, waiting_keyframes=476
[action][watch] scan round=383
[action] start split=train, total=651
[action] done split=train, processed=0, existing=269, waiting_keyframes=382
[action] start split=val, total=160
[action] done split=val, processed=0, existing=66, waiting_keyframes=94
[action][watch] waiting for new keyframe outputs: pending=476, idle=1s/600s, sleep=30s
[action][watch] scan round=384
[action] start split=train, total=651
[action] done split=train, processed=0, existing=269, waiting_keyframes=382
[action] start split=val, total=160
[action] done split=val, processed=0, existing=66, waiting_keyframes=94
[action][watch] waiting for new keyframe outputs: pending=476, idle=32s/600s, sleep=30s
[action][watch] scan round=385
[action] start split=train, total=651
[action] done split=train, processed=0, existing=269, waiting_keyframes=382
[action] start split=val, total=160
[action] done split=val, processed=0, existing=66, waiting_keyframes=94
[action][watch] waiting for new keyframe outputs: pending=476, idle=62s/600s, sleep=30s
[action][watch] scan round=386
[action] start split=train, total=651
[action] done split=train, processed=0, existing=269, waiting_keyframes=382
[action] start split=val, total=160
[action] 2018_SR_MF_Alexander: using keyframes from keyframe_selector/outputs/fs1000_all_frame_indices/2018_SR_MF_Alexander/selected_frame_indices.csv (122 rows)
[action] saved ../FS1000 Dataset/static_resnet50_keyframe_cache/static_resnet50_keyframe_2018_SR_MF_Alexander_T122.npy, shape=(122, 2048)
[action] done split=val, processed=1, existing=66, waiting_keyframes=93
[action][watch] round=386 processed=1, total_processed=174, waiting_keyframes=475
[action][watch] scan round=387
[action] start split=train, total=651
[action] done split=train, processed=0, existing=269, waiting_keyframes=382
[action] start split=val, total=160
[action] done split=val, processed=0, existing=67, waiting_keyframes=93
[action][watch] waiting for new keyframe outputs: pending=475, idle=1s/600s, sleep=30s
[action][watch] scan round=388
[action] start split=train, total=651
[action] done split=train, processed=0, existing=269, waiting_keyframes=382
[action] start split=val, total=160
[action] done split=val, processed=0, existing=67, waiting_keyframes=93
[action][watch] waiting for new keyframe outputs: pending=475, idle=31s/600s, sleep=30s
[action][watch] scan round=389
[action] start split=train, total=651
[action] 2018_SR_MF_Alexei: using keyframes from keyframe_selector/outputs/fs1000_all_frame_indices/2018_SR_MF_Alexei/selected_frame_indices.csv (121 rows)
[action] saved ../FS1000 Dataset/static_resnet50_keyframe_cache/static_resnet50_keyframe_2018_SR_MF_Alexei_T121.npy, shape=(121, 2048)
[action] done split=train, processed=1, existing=269, waiting_keyframes=381
[action] start split=val, total=160
[action] done split=val, processed=0, existing=67, waiting_keyframes=93
[action][watch] round=389 processed=1, total_processed=175, waiting_keyframes=474
[action][watch] scan round=390
[action] start split=train, total=651
[action] done split=train, processed=0, existing=270, waiting_keyframes=381
[action] start split=val, total=160
[action] done split=val, processed=0, existing=67, waiting_keyframes=93
[action][watch] waiting for new keyframe outputs: pending=474, idle=1s/600s, sleep=30s
[action][watch] scan round=391
[action] start split=train, total=651
[action] done split=train, processed=0, existing=270, waiting_keyframes=381
[action] start split=val, total=160
[action] done split=val, processed=0, existing=67, waiting_keyframes=93
[action][watch] waiting for new keyframe outputs: pending=474, idle=31s/600s, sleep=30s
[action][watch] scan round=392
[action] start split=train, total=651
[action] 2018_SR_MF_Andrei: using keyframes from keyframe_selector/outputs/fs1000_all_frame_indices/2018_SR_MF_Andrei/selected_frame_indices.csv (121 rows)
[action] saved ../FS1000 Dataset/static_resnet50_keyframe_cache/static_resnet50_keyframe_2018_SR_MF_Andrei_T121.npy, shape=(121, 2048)
[action] done split=train, processed=1, existing=270, waiting_keyframes=380
[action] start split=val, total=160
[action] done split=val, processed=0, existing=67, waiting_keyframes=93
[action][watch] round=392 processed=1, total_processed=176, waiting_keyframes=473
[action][watch] scan round=393
[action] start split=train, total=651
[action] done split=train, processed=0, existing=271, waiting_keyframes=380
[action] start split=val, total=160
[action] done split=val, processed=0, existing=67, waiting_keyframes=93
[action][watch] waiting for new keyframe outputs: pending=473, idle=1s/600s, sleep=30s
[action][watch] scan round=394
[action] start split=train, total=651
[action] done split=train, processed=0, existing=271, waiting_keyframes=380
[action] start split=val, total=160
[action] done split=val, processed=0, existing=67, waiting_keyframes=93
[action][watch] waiting for new keyframe outputs: pending=473, idle=31s/600s, sleep=30s
[action][watch] scan round=395
[action] start split=train, total=651
[action] 2018_SR_MF_Artur: using keyframes from keyframe_selector/outputs/fs1000_all_frame_indices/2018_SR_MF_Artur/selected_frame_indices.csv (122 rows)
[action] saved ../FS1000 Dataset/static_resnet50_keyframe_cache/static_resnet50_keyframe_2018_SR_MF_Artur_T122.npy, shape=(122, 2048)
[action] done split=train, processed=1, existing=271, waiting_keyframes=379
[action] start split=val, total=160
[action] done split=val, processed=0, existing=67, waiting_keyframes=93
[action][watch] round=395 processed=1, total_processed=177, waiting_keyframes=472
[action][watch] scan round=396
[action] start split=train, total=651
[action] done split=train, processed=0, existing=272, waiting_keyframes=379
[action] start split=val, total=160
[action] done split=val, processed=0, existing=67, waiting_keyframes=93
[action][watch] waiting for new keyframe outputs: pending=472, idle=1s/600s, sleep=30s
[action][watch] scan round=397
[action] start split=train, total=651
[action] done split=train, processed=0, existing=272, waiting_keyframes=379
[action] start split=val, total=160
[action] done split=val, processed=0, existing=67, waiting_keyframes=93
[action][watch] waiting for new keyframe outputs: pending=472, idle=32s/600s, sleep=30s
[action][watch] scan round=398
[action] start split=train, total=651
[action] done split=train, processed=0, existing=272, waiting_keyframes=379
[action] start split=val, total=160
[action] 2018_SR_MF_Brendan: using keyframes from keyframe_selector/outputs/fs1000_all_frame_indices/2018_SR_MF_Brendan/selected_frame_indices.csv (117 rows)
[action] saved ../FS1000 Dataset/static_resnet50_keyframe_cache/static_resnet50_keyframe_2018_SR_MF_Brendan_T117.npy, shape=(117, 2048)
[action] done split=val, processed=1, existing=67, waiting_keyframes=92
[action][watch] round=398 processed=1, total_processed=178, waiting_keyframes=471
[action][watch] scan round=399
[action] start split=train, total=651
[action] done split=train, processed=0, existing=272, waiting_keyframes=379
[action] start split=val, total=160
[action] done split=val, processed=0, existing=68, waiting_keyframes=92
[action][watch] waiting for new keyframe outputs: pending=471, idle=1s/600s, sleep=30s
[action][watch] scan round=400
[action] start split=train, total=651
[action] done split=train, processed=0, existing=272, waiting_keyframes=379
[action] start split=val, total=160
[action] done split=val, processed=0, existing=68, waiting_keyframes=92
[action][watch] waiting for new keyframe outputs: pending=471, idle=32s/600s, sleep=30s
[action][watch] scan round=401
[action] start split=train, total=651
[action] done split=train, processed=0, existing=272, waiting_keyframes=379
[action] start split=val, total=160
[action] done split=val, processed=0, existing=68, waiting_keyframes=92
[action][watch] waiting for new keyframe outputs: pending=471, idle=63s/600s, sleep=30s
[action][watch] scan round=402
[action] start split=train, total=651
[action] 2018_SR_MF_Julian_Zhi_jie: using keyframes from keyframe_selector/outputs/fs1000_all_frame_indices/2018_SR_MF_Julian_Zhi_jie/selected_frame_indices.csv (121 rows)
[action] saved ../FS1000 Dataset/static_resnet50_keyframe_cache/static_resnet50_keyframe_2018_SR_MF_Julian_Zhi_jie_T121.npy, shape=(121, 2048)
[action] done split=train, processed=1, existing=272, waiting_keyframes=378
[action] start split=val, total=160
[action] done split=val, processed=0, existing=68, waiting_keyframes=92
[action][watch] round=402 processed=1, total_processed=179, waiting_keyframes=470
[action][watch] scan round=403
[action] start split=train, total=651
[action] done split=train, processed=0, existing=273, waiting_keyframes=378
[action] start split=val, total=160
[action] done split=val, processed=0, existing=68, waiting_keyframes=92
[action][watch] waiting for new keyframe outputs: pending=470, idle=1s/600s, sleep=30s
[action][watch] scan round=404
[action] start split=train, total=651
[action] done split=train, processed=0, existing=273, waiting_keyframes=378
[action] start split=val, total=160
[action] done split=val, processed=0, existing=68, waiting_keyframes=92
[action][watch] waiting for new keyframe outputs: pending=470, idle=31s/600s, sleep=30s
[action][watch] scan round=405
[action] start split=train, total=651
[action] 2018_SR_MF_Kazuki: using keyframes from keyframe_selector/outputs/fs1000_all_frame_indices/2018_SR_MF_Kazuki/selected_frame_indices.csv (120 rows)
[action] saved ../FS1000 Dataset/static_resnet50_keyframe_cache/static_resnet50_keyframe_2018_SR_MF_Kazuki_T120.npy, shape=(120, 2048)
[action] done split=train, processed=1, existing=273, waiting_keyframes=377
[action] start split=val, total=160
[action] done split=val, processed=0, existing=68, waiting_keyframes=92
[action][watch] round=405 processed=1, total_processed=180, waiting_keyframes=469
[action][watch] scan round=406
[action] start split=train, total=651
[action] done split=train, processed=0, existing=274, waiting_keyframes=377
[action] start split=val, total=160
[action] done split=val, processed=0, existing=68, waiting_keyframes=92
[action][watch] waiting for new keyframe outputs: pending=469, idle=1s/600s, sleep=30s
[action][watch] scan round=407
[action] start split=train, total=651
[action] done split=train, processed=0, existing=274, waiting_keyframes=377
[action] start split=val, total=160
[action] done split=val, processed=0, existing=68, waiting_keyframes=92
[action][watch] waiting for new keyframe outputs: pending=469, idle=31s/600s, sleep=30s
[action][watch] scan round=408
[action] start split=train, total=651
[action] 2018_SR_MF_Keegan: using keyframes from keyframe_selector/outputs/fs1000_all_frame_indices/2018_SR_MF_Keegan/selected_frame_indices.csv (120 rows)
[action] saved ../FS1000 Dataset/static_resnet50_keyframe_cache/static_resnet50_keyframe_2018_SR_MF_Keegan_T120.npy, shape=(120, 2048)
[action] done split=train, processed=1, existing=274, waiting_keyframes=376
[action] start split=val, total=160
[action] done split=val, processed=0, existing=68, waiting_keyframes=92
[action][watch] round=408 processed=1, total_processed=181, waiting_keyframes=468
[action][watch] scan round=409
[action] start split=train, total=651
[action] done split=train, processed=0, existing=275, waiting_keyframes=376
[action] start split=val, total=160
[action] done split=val, processed=0, existing=68, waiting_keyframes=92
[action][watch] waiting for new keyframe outputs: pending=468, idle=1s/600s, sleep=30s
[action][watch] scan round=410
[action] start split=train, total=651
[action] done split=train, processed=0, existing=275, waiting_keyframes=376
[action] start split=val, total=160
[action] done split=val, processed=0, existing=68, waiting_keyframes=92
[action][watch] waiting for new keyframe outputs: pending=468, idle=32s/600s, sleep=30s
[action][watch] scan round=411
[action] start split=train, total=651
[action] done split=train, processed=0, existing=275, waiting_keyframes=376
[action] start split=val, total=160
[action] done split=val, processed=0, existing=68, waiting_keyframes=92
[action][watch] waiting for new keyframe outputs: pending=468, idle=62s/600s, sleep=30s
[action][watch] scan round=412
[action] start split=train, total=651
[action] done split=train, processed=0, existing=275, waiting_keyframes=376
[action] start split=val, total=160
[action] 2018_SR_MF_Mikhail: using keyframes from keyframe_selector/outputs/fs1000_all_frame_indices/2018_SR_MF_Mikhail/selected_frame_indices.csv (118 rows)
[action] saved ../FS1000 Dataset/static_resnet50_keyframe_cache/static_resnet50_keyframe_2018_SR_MF_Mikhail_T118.npy, shape=(118, 2048)
[action] done split=val, processed=1, existing=68, waiting_keyframes=91
[action][watch] round=412 processed=1, total_processed=182, waiting_keyframes=467
[action][watch] scan round=413
[action] start split=train, total=651
[action] done split=train, processed=0, existing=275, waiting_keyframes=376
[action] start split=val, total=160
[action] done split=val, processed=0, existing=69, waiting_keyframes=91
[action][watch] waiting for new keyframe outputs: pending=467, idle=1s/600s, sleep=30s
[action][watch] scan round=414
[action] start split=train, total=651
[action] done split=train, processed=0, existing=275, waiting_keyframes=376
[action] start split=val, total=160
[action] done split=val, processed=0, existing=69, waiting_keyframes=91
[action][watch] waiting for new keyframe outputs: pending=467, idle=32s/600s, sleep=30s
[action][watch] scan round=415
[action] start split=train, total=651
[action] 2018_SR_MF_Morisi: using keyframes from keyframe_selector/outputs/fs1000_all_frame_indices/2018_SR_MF_Morisi/selected_frame_indices.csv (121 rows)
[action] saved ../FS1000 Dataset/static_resnet50_keyframe_cache/static_resnet50_keyframe_2018_SR_MF_Morisi_T121.npy, shape=(121, 2048)
[action] done split=train, processed=1, existing=275, waiting_keyframes=375
[action] start split=val, total=160
[action] done split=val, processed=0, existing=69, waiting_keyframes=91
[action][watch] round=415 processed=1, total_processed=183, waiting_keyframes=466
[action][watch] scan round=416
[action] start split=train, total=651
[action] done split=train, processed=0, existing=276, waiting_keyframes=375
[action] start split=val, total=160
[action] done split=val, processed=0, existing=69, waiting_keyframes=91
[action][watch] waiting for new keyframe outputs: pending=466, idle=1s/600s, sleep=30s
[action][watch] scan round=417
[action] start split=train, total=651
[action] done split=train, processed=0, existing=276, waiting_keyframes=375
[action] start split=val, total=160
[action] done split=val, processed=0, existing=69, waiting_keyframes=91
[action][watch] waiting for new keyframe outputs: pending=466, idle=32s/600s, sleep=30s
[action][watch] scan round=418
[action] start split=train, total=651
[action] done split=train, processed=0, existing=276, waiting_keyframes=375
[action] start split=val, total=160
[action] done split=val, processed=0, existing=69, waiting_keyframes=91
[action][watch] waiting for new keyframe outputs: pending=466, idle=63s/600s, sleep=30s
[action][watch] scan round=419
[action] start split=train, total=651
[action] 2018_SR_MF_Paul: using keyframes from keyframe_selector/outputs/fs1000_all_frame_indices/2018_SR_MF_Paul/selected_frame_indices.csv (122 rows)
[action] saved ../FS1000 Dataset/static_resnet50_keyframe_cache/static_resnet50_keyframe_2018_SR_MF_Paul_T122.npy, shape=(122, 2048)
[action] train: 150/651
[action] done split=train, processed=1, existing=276, waiting_keyframes=374
[action] start split=val, total=160
[action] done split=val, processed=0, existing=69, waiting_keyframes=91
[action][watch] round=419 processed=1, total_processed=184, waiting_keyframes=465
[action][watch] scan round=420
[action] start split=train, total=651
[action] done split=train, processed=0, existing=277, waiting_keyframes=374
[action] start split=val, total=160
[action] done split=val, processed=0, existing=69, waiting_keyframes=91
[action][watch] waiting for new keyframe outputs: pending=465, idle=1s/600s, sleep=30s
[action][watch] scan round=421
[action] start split=train, total=651
[action] done split=train, processed=0, existing=277, waiting_keyframes=374
[action] start split=val, total=160
[action] done split=val, processed=0, existing=69, waiting_keyframes=91
[action][watch] waiting for new keyframe outputs: pending=465, idle=32s/600s, sleep=30s
[action][watch] scan round=422
[action] start split=train, total=651
[action] done split=train, processed=0, existing=277, waiting_keyframes=374
[action] start split=val, total=160
[action] 2018_SR_MF_Yuzuru: using keyframes from keyframe_selector/outputs/fs1000_all_frame_indices/2018_SR_MF_Yuzuru/selected_frame_indices.csv (122 rows)
[action] saved ../FS1000 Dataset/static_resnet50_keyframe_cache/static_resnet50_keyframe_2018_SR_MF_Yuzuru_T122.npy, shape=(122, 2048)
[action] done split=val, processed=1, existing=69, waiting_keyframes=90
[action][watch] round=422 processed=1, total_processed=185, waiting_keyframes=464
[action][watch] scan round=423
[action] start split=train, total=651
[action] done split=train, processed=0, existing=277, waiting_keyframes=374
[action] start split=val, total=160
[action] done split=val, processed=0, existing=70, waiting_keyframes=90
[action][watch] waiting for new keyframe outputs: pending=464, idle=1s/600s, sleep=30s
[action][watch] scan round=424
[action] start split=train, total=651
[action] done split=train, processed=0, existing=277, waiting_keyframes=374
[action] start split=val, total=160
[action] done split=val, processed=0, existing=70, waiting_keyframes=90
[action][watch] waiting for new keyframe outputs: pending=464, idle=32s/600s, sleep=30s
[action][watch] scan round=425
[action] start split=train, total=651
[action] 2018_SR_MS_Alexander: using keyframes from keyframe_selector/outputs/fs1000_all_frame_indices/2018_SR_MS_Alexander/selected_frame_indices.csv (82 rows)
[action] saved ../FS1000 Dataset/static_resnet50_keyframe_cache/static_resnet50_keyframe_2018_SR_MS_Alexander_T82.npy, shape=(82, 2048)
[action] done split=train, processed=1, existing=277, waiting_keyframes=373
[action] start split=val, total=160
[action] done split=val, processed=0, existing=70, waiting_keyframes=90
[action][watch] round=425 processed=1, total_processed=186, waiting_keyframes=463
[action][watch] scan round=426
[action] start split=train, total=651
[action] done split=train, processed=0, existing=278, waiting_keyframes=373
[action] start split=val, total=160
[action] done split=val, processed=0, existing=70, waiting_keyframes=90
[action][watch] waiting for new keyframe outputs: pending=463, idle=1s/600s, sleep=30s
[action][watch] scan round=427
[action] start split=train, total=651
[action] 2018_SR_MS_Alexei: using keyframes from keyframe_selector/outputs/fs1000_all_frame_indices/2018_SR_MS_Alexei/selected_frame_indices.csv (80 rows)
[action] saved ../FS1000 Dataset/static_resnet50_keyframe_cache/static_resnet50_keyframe_2018_SR_MS_Alexei_T80.npy, shape=(80, 2048)
[action] done split=train, processed=1, existing=278, waiting_keyframes=372
[action] start split=val, total=160
[action] done split=val, processed=0, existing=70, waiting_keyframes=90
[action][watch] round=427 processed=1, total_processed=187, waiting_keyframes=462
[action][watch] scan round=428
[action] start split=train, total=651
[action] done split=train, processed=0, existing=279, waiting_keyframes=372
[action] start split=val, total=160
[action] done split=val, processed=0, existing=70, waiting_keyframes=90
[action][watch] waiting for new keyframe outputs: pending=462, idle=1s/600s, sleep=30s
[action][watch] scan round=429
[action] start split=train, total=651
[action] done split=train, processed=0, existing=279, waiting_keyframes=372
[action] start split=val, total=160
[action] done split=val, processed=0, existing=70, waiting_keyframes=90
[action][watch] waiting for new keyframe outputs: pending=462, idle=32s/600s, sleep=30s
[action][watch] scan round=430
[action] start split=train, total=651
[action] done split=train, processed=0, existing=279, waiting_keyframes=372
[action] start split=val, total=160
[action] 2018_SR_MS_Andrei: using keyframes from keyframe_selector/outputs/fs1000_all_frame_indices/2018_SR_MS_Andrei/selected_frame_indices.csv (79 rows)
[action] saved ../FS1000 Dataset/static_resnet50_keyframe_cache/static_resnet50_keyframe_2018_SR_MS_Andrei_T79.npy, shape=(79, 2048)
[action] done split=val, processed=1, existing=70, waiting_keyframes=89
[action][watch] round=430 processed=1, total_processed=188, waiting_keyframes=461
[action][watch] scan round=431
[action] start split=train, total=651
[action] done split=train, processed=0, existing=279, waiting_keyframes=372
[action] start split=val, total=160
[action] done split=val, processed=0, existing=71, waiting_keyframes=89
[action][watch] waiting for new keyframe outputs: pending=461, idle=1s/600s, sleep=30s
[action][watch] scan round=432
[action] start split=train, total=651
[action] done split=train, processed=0, existing=279, waiting_keyframes=372
[action] start split=val, total=160
[action] 2018_SR_MS_Artur: using keyframes from keyframe_selector/outputs/fs1000_all_frame_indices/2018_SR_MS_Artur/selected_frame_indices.csv (82 rows)
[action] saved ../FS1000 Dataset/static_resnet50_keyframe_cache/static_resnet50_keyframe_2018_SR_MS_Artur_T82.npy, shape=(82, 2048)
[action] done split=val, processed=1, existing=71, waiting_keyframes=88
[action][watch] round=432 processed=1, total_processed=189, waiting_keyframes=460
[action][watch] scan round=433
[action] start split=train, total=651
[action] done split=train, processed=0, existing=279, waiting_keyframes=372
[action] start split=val, total=160
[action] done split=val, processed=0, existing=72, waiting_keyframes=88
[action][watch] waiting for new keyframe outputs: pending=460, idle=1s/600s, sleep=30s
[action][watch] scan round=434
[action] start split=train, total=651
[action] done split=train, processed=0, existing=279, waiting_keyframes=372
[action] start split=val, total=160
[action] done split=val, processed=0, existing=72, waiting_keyframes=88
[action][watch] waiting for new keyframe outputs: pending=460, idle=32s/600s, sleep=30s
[action][watch] scan round=435
[action] start split=train, total=651
[action] 2018_SR_MS_Brendan: using keyframes from keyframe_selector/outputs/fs1000_all_frame_indices/2018_SR_MS_Brendan/selected_frame_indices.csv (80 rows)
[action] saved ../FS1000 Dataset/static_resnet50_keyframe_cache/static_resnet50_keyframe_2018_SR_MS_Brendan_T80.npy, shape=(80, 2048)
[action] done split=train, processed=1, existing=279, waiting_keyframes=371
[action] start split=val, total=160
[action] done split=val, processed=0, existing=72, waiting_keyframes=88
[action][watch] round=435 processed=1, total_processed=190, waiting_keyframes=459
[action][watch] scan round=436
[action] start split=train, total=651
[action] done split=train, processed=0, existing=280, waiting_keyframes=371
[action] start split=val, total=160
[action] done split=val, processed=0, existing=72, waiting_keyframes=88
[action][watch] waiting for new keyframe outputs: pending=459, idle=1s/600s, sleep=30s
[action][watch] scan round=437
[action] start split=train, total=651
[action] done split=train, processed=0, existing=280, waiting_keyframes=371
[action] start split=val, total=160
[action] done split=val, processed=0, existing=72, waiting_keyframes=88
[action][watch] waiting for new keyframe outputs: pending=459, idle=32s/600s, sleep=30s
[action][watch] scan round=438
[action] start split=train, total=651
[action] 2018_SR_MS_Julian_Zhi_Jie: using keyframes from keyframe_selector/outputs/fs1000_all_frame_indices/2018_SR_MS_Julian_Zhi_Jie/selected_frame_indices.csv (82 rows)
[action] saved ../FS1000 Dataset/static_resnet50_keyframe_cache/static_resnet50_keyframe_2018_SR_MS_Julian_Zhi_Jie_T82.npy, shape=(82, 2048)
[action] done split=train, processed=1, existing=280, waiting_keyframes=370
[action] start split=val, total=160
[action] done split=val, processed=0, existing=72, waiting_keyframes=88
[action][watch] round=438 processed=1, total_processed=191, waiting_keyframes=458
[action][watch] scan round=439
[action] start split=train, total=651
[action] done split=train, processed=0, existing=281, waiting_keyframes=370
[action] start split=val, total=160
[action] done split=val, processed=0, existing=72, waiting_keyframes=88
[action][watch] waiting for new keyframe outputs: pending=458, idle=1s/600s, sleep=30s
[action][watch] scan round=440
[action] start split=train, total=651
[action] 2018_SR_MS_Keegan: using keyframes from keyframe_selector/outputs/fs1000_all_frame_indices/2018_SR_MS_Keegan/selected_frame_indices.csv (81 rows)
[action] saved ../FS1000 Dataset/static_resnet50_keyframe_cache/static_resnet50_keyframe_2018_SR_MS_Keegan_T81.npy, shape=(81, 2048)
[action] done split=train, processed=1, existing=281, waiting_keyframes=369
[action] start split=val, total=160
[action] done split=val, processed=0, existing=72, waiting_keyframes=88
[action][watch] round=440 processed=1, total_processed=192, waiting_keyframes=457
[action][watch] scan round=441
[action] start split=train, total=651
[action] done split=train, processed=0, existing=282, waiting_keyframes=369
[action] start split=val, total=160
[action] done split=val, processed=0, existing=72, waiting_keyframes=88
[action][watch] waiting for new keyframe outputs: pending=457, idle=1s/600s, sleep=30s
[action][watch] scan round=442
[action] start split=train, total=651
[action] done split=train, processed=0, existing=282, waiting_keyframes=369
[action] start split=val, total=160
[action] done split=val, processed=0, existing=72, waiting_keyframes=88
[action][watch] waiting for new keyframe outputs: pending=457, idle=32s/600s, sleep=30s
[action][watch] scan round=443
[action] start split=train, total=651
[action] 2018_SR_MS_Mikhail: using keyframes from keyframe_selector/outputs/fs1000_all_frame_indices/2018_SR_MS_Mikhail/selected_frame_indices.csv (80 rows)
[action] saved ../FS1000 Dataset/static_resnet50_keyframe_cache/static_resnet50_keyframe_2018_SR_MS_Mikhail_T80.npy, shape=(80, 2048)
[action] done split=train, processed=1, existing=282, waiting_keyframes=368
[action] start split=val, total=160
[action] done split=val, processed=0, existing=72, waiting_keyframes=88
[action][watch] round=443 processed=1, total_processed=193, waiting_keyframes=456
[action][watch] scan round=444
[action] start split=train, total=651
[action] done split=train, processed=0, existing=283, waiting_keyframes=368
[action] start split=val, total=160
[action] done split=val, processed=0, existing=72, waiting_keyframes=88
[action][watch] waiting for new keyframe outputs: pending=456, idle=1s/600s, sleep=30s
[action][watch] scan round=445
[action] start split=train, total=651
[action] 2018_SR_MS_Morisi: using keyframes from keyframe_selector/outputs/fs1000_all_frame_indices/2018_SR_MS_Morisi/selected_frame_indices.csv (82 rows)
[action] saved ../FS1000 Dataset/static_resnet50_keyframe_cache/static_resnet50_keyframe_2018_SR_MS_Morisi_T82.npy, shape=(82, 2048)
[action] done split=train, processed=1, existing=283, waiting_keyframes=367
[action] start split=val, total=160
[action] done split=val, processed=0, existing=72, waiting_keyframes=88
[action][watch] round=445 processed=1, total_processed=194, waiting_keyframes=455
[action][watch] scan round=446
[action] start split=train, total=651
[action] done split=train, processed=0, existing=284, waiting_keyframes=367
[action] start split=val, total=160
[action] done split=val, processed=0, existing=72, waiting_keyframes=88
[action][watch] waiting for new keyframe outputs: pending=455, idle=1s/600s, sleep=30s
[action][watch] scan round=447
[action] start split=train, total=651
[action] done split=train, processed=0, existing=284, waiting_keyframes=367
[action] start split=val, total=160
[action] done split=val, processed=0, existing=72, waiting_keyframes=88
[action][watch] waiting for new keyframe outputs: pending=455, idle=32s/600s, sleep=30s
[action][watch] scan round=448
[action] start split=train, total=651
[action] 2018_SR_MS_Paul: using keyframes from keyframe_selector/outputs/fs1000_all_frame_indices/2018_SR_MS_Paul/selected_frame_indices.csv (83 rows)
[action] saved ../FS1000 Dataset/static_resnet50_keyframe_cache/static_resnet50_keyframe_2018_SR_MS_Paul_T83.npy, shape=(83, 2048)
[action] done split=train, processed=1, existing=284, waiting_keyframes=366
[action] start split=val, total=160
[action] done split=val, processed=0, existing=72, waiting_keyframes=88
[action][watch] round=448 processed=1, total_processed=195, waiting_keyframes=454
[action][watch] scan round=449
[action] start split=train, total=651
[action] done split=train, processed=0, existing=285, waiting_keyframes=366
[action] start split=val, total=160
[action] done split=val, processed=0, existing=72, waiting_keyframes=88
[action][watch] waiting for new keyframe outputs: pending=454, idle=1s/600s, sleep=30s
[action][watch] scan round=450
[action] start split=train, total=651
[action] done split=train, processed=0, existing=285, waiting_keyframes=366
[action] start split=val, total=160
[action] done split=val, processed=0, existing=72, waiting_keyframes=88
[action][watch] waiting for new keyframe outputs: pending=454, idle=32s/600s, sleep=30s
[action][watch] scan round=451
[action] start split=train, total=651
[action] done split=train, processed=0, existing=285, waiting_keyframes=366
[action] start split=val, total=160
[action] done split=val, processed=0, existing=72, waiting_keyframes=88
[action][watch] waiting for new keyframe outputs: pending=454, idle=63s/600s, sleep=30s
[action][watch] scan round=452
[action] start split=train, total=651
[action] 2018_SR_PF_Alisa_Alexander: using keyframes from keyframe_selector/outputs/fs1000_all_frame_indices/2018_SR_PF_Alisa_Alexander/selected_frame_indices.csv (120 rows)
[action] saved ../FS1000 Dataset/static_resnet50_keyframe_cache/static_resnet50_keyframe_2018_SR_PF_Alisa_Alexander_T120.npy, shape=(120, 2048)
[action] done split=train, processed=1, existing=285, waiting_keyframes=365
[action] start split=val, total=160
[action] done split=val, processed=0, existing=72, waiting_keyframes=88
[action][watch] round=452 processed=1, total_processed=196, waiting_keyframes=453
[action][watch] scan round=453
[action] start split=train, total=651
[action] done split=train, processed=0, existing=286, waiting_keyframes=365
[action] start split=val, total=160
[action] done split=val, processed=0, existing=72, waiting_keyframes=88
[action][watch] waiting for new keyframe outputs: pending=453, idle=1s/600s, sleep=30s
[action][watch] scan round=454
[action] start split=train, total=651
[action] done split=train, processed=0, existing=286, waiting_keyframes=365
[action] start split=val, total=160
[action] done split=val, processed=0, existing=72, waiting_keyframes=88
[action][watch] waiting for new keyframe outputs: pending=453, idle=32s/600s, sleep=30s
[action][watch] scan round=455
[action] start split=train, total=651
[action] 2018_SR_PF_Ashley_Timothy: using keyframes from keyframe_selector/outputs/fs1000_all_frame_indices/2018_SR_PF_Ashley_Timothy/selected_frame_indices.csv (122 rows)
[action] saved ../FS1000 Dataset/static_resnet50_keyframe_cache/static_resnet50_keyframe_2018_SR_PF_Ashley_Timothy_T122.npy, shape=(122, 2048)
[action] done split=train, processed=1, existing=286, waiting_keyframes=364
[action] start split=val, total=160
[action] done split=val, processed=0, existing=72, waiting_keyframes=88
[action][watch] round=455 processed=1, total_processed=197, waiting_keyframes=452
[action][watch] scan round=456
[action] start split=train, total=651
[action] done split=train, processed=0, existing=287, waiting_keyframes=364
[action] start split=val, total=160
[action] done split=val, processed=0, existing=72, waiting_keyframes=88
[action][watch] waiting for new keyframe outputs: pending=452, idle=1s/600s, sleep=30s
[action][watch] scan round=457
[action] start split=train, total=651
[action] done split=train, processed=0, existing=287, waiting_keyframes=364
[action] start split=val, total=160
[action] done split=val, processed=0, existing=72, waiting_keyframes=88
[action][watch] waiting for new keyframe outputs: pending=452, idle=32s/600s, sleep=30s
[action][watch] scan round=458
[action] start split=train, total=651
[action] 2018_SR_PF_Daria_Denis: using keyframes from keyframe_selector/outputs/fs1000_all_frame_indices/2018_SR_PF_Daria_Denis/selected_frame_indices.csv (120 rows)
[action] saved ../FS1000 Dataset/static_resnet50_keyframe_cache/static_resnet50_keyframe_2018_SR_PF_Daria_Denis_T120.npy, shape=(120, 2048)
[action] done split=train, processed=1, existing=287, waiting_keyframes=363
[action] start split=val, total=160
[action] done split=val, processed=0, existing=72, waiting_keyframes=88
[action][watch] round=458 processed=1, total_processed=198, waiting_keyframes=451
[action][watch] scan round=459
[action] start split=train, total=651
[action] done split=train, processed=0, existing=288, waiting_keyframes=363
[action] start split=val, total=160
[action] done split=val, processed=0, existing=72, waiting_keyframes=88
[action][watch] waiting for new keyframe outputs: pending=451, idle=1s/600s, sleep=30s
[action][watch] scan round=460
[action] start split=train, total=651
[action] done split=train, processed=0, existing=288, waiting_keyframes=363
[action] start split=val, total=160
[action] done split=val, processed=0, existing=72, waiting_keyframes=88
[action][watch] waiting for new keyframe outputs: pending=451, idle=32s/600s, sleep=30s
[action][watch] scan round=461
[action] start split=train, total=651
[action] done split=train, processed=0, existing=288, waiting_keyframes=363
[action] start split=val, total=160
[action] done split=val, processed=0, existing=72, waiting_keyframes=88
[action][watch] waiting for new keyframe outputs: pending=451, idle=63s/600s, sleep=30s
[action][watch] scan round=462
[action] start split=train, total=651
[action] done split=train, processed=0, existing=288, waiting_keyframes=363
[action] start split=val, total=160
[action] 2018_SR_PF_Ekaterina_Harley: using keyframes from keyframe_selector/outputs/fs1000_all_frame_indices/2018_SR_PF_Ekaterina_Harley/selected_frame_indices.csv (120 rows)
[action] saved ../FS1000 Dataset/static_resnet50_keyframe_cache/static_resnet50_keyframe_2018_SR_PF_Ekaterina_Harley_T120.npy, shape=(120, 2048)
[action] done split=val, processed=1, existing=72, waiting_keyframes=87
[action][watch] round=462 processed=1, total_processed=199, waiting_keyframes=450
[action][watch] scan round=463
[action] start split=train, total=651
[action] done split=train, processed=0, existing=288, waiting_keyframes=363
[action] start split=val, total=160
[action] done split=val, processed=0, existing=73, waiting_keyframes=87
[action][watch] waiting for new keyframe outputs: pending=450, idle=1s/600s, sleep=30s
[action][watch] scan round=464
[action] start split=train, total=651
[action] done split=train, processed=0, existing=288, waiting_keyframes=363
[action] start split=val, total=160
[action] done split=val, processed=0, existing=73, waiting_keyframes=87
[action][watch] waiting for new keyframe outputs: pending=450, idle=32s/600s, sleep=30s
[action][watch] scan round=465
[action] start split=train, total=651
[action] 2018_SR_PF_Evgenia_Vladimir: using keyframes from keyframe_selector/outputs/fs1000_all_frame_indices/2018_SR_PF_Evgenia_Vladimir/selected_frame_indices.csv (121 rows)
[action] saved ../FS1000 Dataset/static_resnet50_keyframe_cache/static_resnet50_keyframe_2018_SR_PF_Evgenia_Vladimir_T121.npy, shape=(121, 2048)
[action] done split=train, processed=1, existing=288, waiting_keyframes=362
[action] start split=val, total=160
[action] done split=val, processed=0, existing=73, waiting_keyframes=87
[action][watch] round=465 processed=1, total_processed=200, waiting_keyframes=449
[action][watch] scan round=466
[action] start split=train, total=651
[action] done split=train, processed=0, existing=289, waiting_keyframes=362
[action] start split=val, total=160
[action] done split=val, processed=0, existing=73, waiting_keyframes=87
[action][watch] waiting for new keyframe outputs: pending=449, idle=1s/600s, sleep=30s
[action][watch] scan round=467
[action] start split=train, total=651
[action] done split=train, processed=0, existing=289, waiting_keyframes=362
[action] start split=val, total=160
[action] done split=val, processed=0, existing=73, waiting_keyframes=87
[action][watch] waiting for new keyframe outputs: pending=449, idle=33s/600s, sleep=30s
[action][watch] scan round=468
[action] start split=train, total=651
[action] done split=train, processed=0, existing=289, waiting_keyframes=362
[action] start split=val, total=160
[action] done split=val, processed=0, existing=73, waiting_keyframes=87
[action][watch] waiting for new keyframe outputs: pending=449, idle=64s/600s, sleep=30s
[action][watch] scan round=469
[action] start split=train, total=651
[action] 2018_SR_PF_Nicole_Matteo: using keyframes from keyframe_selector/outputs/fs1000_all_frame_indices/2018_SR_PF_Nicole_Matteo/selected_frame_indices.csv (123 rows)
[action] saved ../FS1000 Dataset/static_resnet50_keyframe_cache/static_resnet50_keyframe_2018_SR_PF_Nicole_Matteo_T123.npy, shape=(123, 2048)
[action] done split=train, processed=1, existing=289, waiting_keyframes=361
[action] start split=val, total=160
[action] done split=val, processed=0, existing=73, waiting_keyframes=87
[action][watch] round=469 processed=1, total_processed=201, waiting_keyframes=448
[action][watch] scan round=470
[action] start split=train, total=651
[action] done split=train, processed=0, existing=290, waiting_keyframes=361
[action] start split=val, total=160
[action] done split=val, processed=0, existing=73, waiting_keyframes=87
[action][watch] waiting for new keyframe outputs: pending=448, idle=1s/600s, sleep=30s
[action][watch] scan round=471
[action] start split=train, total=651
[action] done split=train, processed=0, existing=290, waiting_keyframes=361
[action] start split=val, total=160
[action] done split=val, processed=0, existing=73, waiting_keyframes=87
[action][watch] waiting for new keyframe outputs: pending=448, idle=32s/600s, sleep=30s
[action][watch] scan round=472
[action] start split=train, total=651
[action] 2018_SR_PS_Alisa_Alexander: using keyframes from keyframe_selector/outputs/fs1000_all_frame_indices/2018_SR_PS_Alisa_Alexander/selected_frame_indices.csv (84 rows)
[action] saved ../FS1000 Dataset/static_resnet50_keyframe_cache/static_resnet50_keyframe_2018_SR_PS_Alisa_Alexander_T84.npy, shape=(84, 2048)
[action] done split=train, processed=1, existing=290, waiting_keyframes=360
[action] start split=val, total=160
[action] done split=val, processed=0, existing=73, waiting_keyframes=87
[action][watch] round=472 processed=1, total_processed=202, waiting_keyframes=447
[action][watch] scan round=473
[action] start split=train, total=651
[action] done split=train, processed=0, existing=291, waiting_keyframes=360
[action] start split=val, total=160
[action] done split=val, processed=0, existing=73, waiting_keyframes=87
[action][watch] waiting for new keyframe outputs: pending=447, idle=1s/600s, sleep=30s
[action][watch] scan round=474
[action] start split=train, total=651
[action] done split=train, processed=0, existing=291, waiting_keyframes=360
[action] start split=val, total=160
[action] 2018_SR_PS_Ashley_Timothy: using keyframes from keyframe_selector/outputs/fs1000_all_frame_indices/2018_SR_PS_Ashley_Timothy/selected_frame_indices.csv (83 rows)
[action] saved ../FS1000 Dataset/static_resnet50_keyframe_cache/static_resnet50_keyframe_2018_SR_PS_Ashley_Timothy_T83.npy, shape=(83, 2048)
[action] done split=val, processed=1, existing=73, waiting_keyframes=86
[action][watch] round=474 processed=1, total_processed=203, waiting_keyframes=446
[action][watch] scan round=475
[action] start split=train, total=651
[action] done split=train, processed=0, existing=291, waiting_keyframes=360
[action] start split=val, total=160
[action] done split=val, processed=0, existing=74, waiting_keyframes=86
[action][watch] waiting for new keyframe outputs: pending=446, idle=1s/600s, sleep=30s
[action][watch] scan round=476
[action] start split=train, total=651
[action] done split=train, processed=0, existing=291, waiting_keyframes=360
[action] start split=val, total=160
[action] done split=val, processed=0, existing=74, waiting_keyframes=86
[action][watch] waiting for new keyframe outputs: pending=446, idle=32s/600s, sleep=30s
[action][watch] scan round=477
[action] start split=train, total=651
[action] 2018_SR_PS_Daria_Denis: using keyframes from keyframe_selector/outputs/fs1000_all_frame_indices/2018_SR_PS_Daria_Denis/selected_frame_indices.csv (82 rows)
[action] saved ../FS1000 Dataset/static_resnet50_keyframe_cache/static_resnet50_keyframe_2018_SR_PS_Daria_Denis_T82.npy, shape=(82, 2048)
[action] done split=train, processed=1, existing=291, waiting_keyframes=359
[action] start split=val, total=160
[action] done split=val, processed=0, existing=74, waiting_keyframes=86
[action][watch] round=477 processed=1, total_processed=204, waiting_keyframes=445
[action][watch] scan round=478
[action] start split=train, total=651
[action] done split=train, processed=0, existing=292, waiting_keyframes=359
[action] start split=val, total=160
[action] done split=val, processed=0, existing=74, waiting_keyframes=86
[action][watch] waiting for new keyframe outputs: pending=445, idle=1s/600s, sleep=30s
[action][watch] scan round=479
[action] start split=train, total=651
[action] done split=train, processed=0, existing=292, waiting_keyframes=359
[action] start split=val, total=160
[action] done split=val, processed=0, existing=74, waiting_keyframes=86
[action][watch] waiting for new keyframe outputs: pending=445, idle=32s/600s, sleep=30s
[action][watch] scan round=480
[action] start split=train, total=651
[action] done split=train, processed=0, existing=292, waiting_keyframes=359
[action] start split=val, total=160
[action] 2018_SR_PS_Deanna_Nathan: using keyframes from keyframe_selector/outputs/fs1000_all_frame_indices/2018_SR_PS_Deanna_Nathan/selected_frame_indices.csv (83 rows)
[action] saved ../FS1000 Dataset/static_resnet50_keyframe_cache/static_resnet50_keyframe_2018_SR_PS_Deanna_Nathan_T83.npy, shape=(83, 2048)
[action] done split=val, processed=1, existing=74, waiting_keyframes=85
[action][watch] round=480 processed=1, total_processed=205, waiting_keyframes=444
[action][watch] scan round=481
[action] start split=train, total=651
[action] done split=train, processed=0, existing=292, waiting_keyframes=359
[action] start split=val, total=160
[action] done split=val, processed=0, existing=75, waiting_keyframes=85
[action][watch] waiting for new keyframe outputs: pending=444, idle=1s/600s, sleep=30s
[action][watch] scan round=482
[action] start split=train, total=651
[action] 2018_SR_PS_Ekaterina_Harley: using keyframes from keyframe_selector/outputs/fs1000_all_frame_indices/2018_SR_PS_Ekaterina_Harley/selected_frame_indices.csv (84 rows)
[action] saved ../FS1000 Dataset/static_resnet50_keyframe_cache/static_resnet50_keyframe_2018_SR_PS_Ekaterina_Harley_T84.npy, shape=(84, 2048)
[action] done split=train, processed=1, existing=292, waiting_keyframes=358
[action] start split=val, total=160
[action] done split=val, processed=0, existing=75, waiting_keyframes=85
[action][watch] round=482 processed=1, total_processed=206, waiting_keyframes=443
[action][watch] scan round=483
[action] start split=train, total=651
[action] done split=train, processed=0, existing=293, waiting_keyframes=358
[action] start split=val, total=160
[action] done split=val, processed=0, existing=75, waiting_keyframes=85
[action][watch] waiting for new keyframe outputs: pending=443, idle=1s/600s, sleep=30s
[action][watch] scan round=484
[action] start split=train, total=651
[action] done split=train, processed=0, existing=293, waiting_keyframes=358
[action] start split=val, total=160
[action] done split=val, processed=0, existing=75, waiting_keyframes=85
[action][watch] waiting for new keyframe outputs: pending=443, idle=32s/600s, sleep=30s
[action][watch] scan round=485
[action] start split=train, total=651
[action] 2018_SR_PS_Evgenia_Vladimir: using keyframes from keyframe_selector/outputs/fs1000_all_frame_indices/2018_SR_PS_Evgenia_Vladimir/selected_frame_indices.csv (84 rows)
[action] saved ../FS1000 Dataset/static_resnet50_keyframe_cache/static_resnet50_keyframe_2018_SR_PS_Evgenia_Vladimir_T84.npy, shape=(84, 2048)
[action] done split=train, processed=1, existing=293, waiting_keyframes=357
[action] start split=val, total=160
[action] done split=val, processed=0, existing=75, waiting_keyframes=85
[action][watch] round=485 processed=1, total_processed=207, waiting_keyframes=442
[action][watch] scan round=486
[action] start split=train, total=651
[action] done split=train, processed=0, existing=294, waiting_keyframes=357
[action] start split=val, total=160
[action] done split=val, processed=0, existing=75, waiting_keyframes=85
[action][watch] waiting for new keyframe outputs: pending=442, idle=1s/600s, sleep=30s
[action][watch] scan round=487
[action] start split=train, total=651
[action] done split=train, processed=0, existing=294, waiting_keyframes=357
[action] start split=val, total=160
[action] done split=val, processed=0, existing=75, waiting_keyframes=85
[action][watch] waiting for new keyframe outputs: pending=442, idle=32s/600s, sleep=30s
[action][watch] scan round=488
[action] start split=train, total=651
[action] 2018_SR_PS_Miriam_Severin: using keyframes from keyframe_selector/outputs/fs1000_all_frame_indices/2018_SR_PS_Miriam_Severin/selected_frame_indices.csv (86 rows)
[action] saved ../FS1000 Dataset/static_resnet50_keyframe_cache/static_resnet50_keyframe_2018_SR_PS_Miriam_Severin_T86.npy, shape=(86, 2048)
[action] done split=train, processed=1, existing=294, waiting_keyframes=356
[action] start split=val, total=160
[action] done split=val, processed=0, existing=75, waiting_keyframes=85
[action][watch] round=488 processed=1, total_processed=208, waiting_keyframes=441
[action][watch] scan round=489
[action] start split=train, total=651
[action] done split=train, processed=0, existing=295, waiting_keyframes=356
[action] start split=val, total=160
[action] done split=val, processed=0, existing=75, waiting_keyframes=85
[action][watch] waiting for new keyframe outputs: pending=441, idle=1s/600s, sleep=30s
[action][watch] scan round=490
[action] start split=train, total=651
[action] done split=train, processed=0, existing=295, waiting_keyframes=356
[action] start split=val, total=160
[action] done split=val, processed=0, existing=75, waiting_keyframes=85
[action][watch] waiting for new keyframe outputs: pending=441, idle=32s/600s, sleep=30s
[action][watch] scan round=491
[action] start split=train, total=651
[action] 2018_SR_PS_Nicole_Matteo: using keyframes from keyframe_selector/outputs/fs1000_all_frame_indices/2018_SR_PS_Nicole_Matteo/selected_frame_indices.csv (85 rows)
[action] saved ../FS1000 Dataset/static_resnet50_keyframe_cache/static_resnet50_keyframe_2018_SR_PS_Nicole_Matteo_T85.npy, shape=(85, 2048)
[action] done split=train, processed=1, existing=295, waiting_keyframes=355
[action] start split=val, total=160
[action] done split=val, processed=0, existing=75, waiting_keyframes=85
[action][watch] round=491 processed=1, total_processed=209, waiting_keyframes=440
[action][watch] scan round=492
[action] start split=train, total=651
[action] done split=train, processed=0, existing=296, waiting_keyframes=355
[action] start split=val, total=160
[action] done split=val, processed=0, existing=75, waiting_keyframes=85
[action][watch] waiting for new keyframe outputs: pending=440, idle=1s/600s, sleep=30s
[action][watch] scan round=493
[action] start split=train, total=651
[action] done split=train, processed=0, existing=296, waiting_keyframes=355
[action] start split=val, total=160
[action] done split=val, processed=0, existing=75, waiting_keyframes=85
[action][watch] waiting for new keyframe outputs: pending=440, idle=32s/600s, sleep=30s
[action][watch] scan round=494
[action] start split=train, total=651
[action] 2019_SA_IF_Alexandra_Ivan: using keyframes from keyframe_selector/outputs/fs1000_all_frame_indices/2019_SA_IF_Alexandra_Ivan/selected_frame_indices.csv (118 rows)
[action] saved ../FS1000 Dataset/static_resnet50_keyframe_cache/static_resnet50_keyframe_2019_SA_IF_Alexandra_Ivan_T118.npy, shape=(118, 2048)
[action] done split=train, processed=1, existing=296, waiting_keyframes=354
[action] start split=val, total=160
[action] done split=val, processed=0, existing=75, waiting_keyframes=85
[action][watch] round=494 processed=1, total_processed=210, waiting_keyframes=439
[action][watch] scan round=495
[action] start split=train, total=651
[action] done split=train, processed=0, existing=297, waiting_keyframes=354
[action] start split=val, total=160
[action] done split=val, processed=0, existing=75, waiting_keyframes=85
[action][watch] waiting for new keyframe outputs: pending=439, idle=1s/600s, sleep=30s
[action][watch] scan round=496
[action] start split=train, total=651
[action] done split=train, processed=0, existing=297, waiting_keyframes=354
[action] start split=val, total=160
[action] done split=val, processed=0, existing=75, waiting_keyframes=85
[action][watch] waiting for new keyframe outputs: pending=439, idle=32s/600s, sleep=30s
[action][watch] scan round=497
[action] start split=train, total=651
[action] 2019_SA_IF_Caroline_Michael: using keyframes from keyframe_selector/outputs/fs1000_all_frame_indices/2019_SA_IF_Caroline_Michael/selected_frame_indices.csv (121 rows)
[action] saved ../FS1000 Dataset/static_resnet50_keyframe_cache/static_resnet50_keyframe_2019_SA_IF_Caroline_Michael_T121.npy, shape=(121, 2048)
[action] train: 350/651
[action] done split=train, processed=1, existing=297, waiting_keyframes=353
[action] start split=val, total=160
[action] done split=val, processed=0, existing=75, waiting_keyframes=85
[action][watch] round=497 processed=1, total_processed=211, waiting_keyframes=438
[action][watch] scan round=498
[action] start split=train, total=651
[action] done split=train, processed=0, existing=298, waiting_keyframes=353
[action] start split=val, total=160
[action] done split=val, processed=0, existing=75, waiting_keyframes=85
[action][watch] waiting for new keyframe outputs: pending=438, idle=1s/600s, sleep=30s
[action][watch] scan round=499
[action] start split=train, total=651
[action] done split=train, processed=0, existing=298, waiting_keyframes=353
[action] start split=val, total=160
[action] done split=val, processed=0, existing=75, waiting_keyframes=85
[action][watch] waiting for new keyframe outputs: pending=438, idle=32s/600s, sleep=30s
[action][watch] scan round=500
[action] start split=train, total=651
[action] done split=train, processed=0, existing=298, waiting_keyframes=353
[action] start split=val, total=160
[action] done split=val, processed=0, existing=75, waiting_keyframes=85
[action][watch] waiting for new keyframe outputs: pending=438, idle=63s/600s, sleep=30s
[action][watch] scan round=501
[action] start split=train, total=651
[action] 2019_SA_IF_Christina_Anthony: using keyframes from keyframe_selector/outputs/fs1000_all_frame_indices/2019_SA_IF_Christina_Anthony/selected_frame_indices.csv (124 rows)
[action] saved ../FS1000 Dataset/static_resnet50_keyframe_cache/static_resnet50_keyframe_2019_SA_IF_Christina_Anthony_T124.npy, shape=(124, 2048)
[action] done split=train, processed=1, existing=298, waiting_keyframes=352
[action] start split=val, total=160
[action] done split=val, processed=0, existing=75, waiting_keyframes=85
[action][watch] round=501 processed=1, total_processed=212, waiting_keyframes=437
[action][watch] scan round=502
[action] start split=train, total=651
[action] done split=train, processed=0, existing=299, waiting_keyframes=352
[action] start split=val, total=160
[action] done split=val, processed=0, existing=75, waiting_keyframes=85
[action][watch] waiting for new keyframe outputs: pending=437, idle=1s/600s, sleep=30s
[action][watch] scan round=503
[action] start split=train, total=651
[action] done split=train, processed=0, existing=299, waiting_keyframes=352
[action] start split=val, total=160
[action] done split=val, processed=0, existing=75, waiting_keyframes=85
[action][watch] waiting for new keyframe outputs: pending=437, idle=32s/600s, sleep=30s
[action][watch] scan round=504
[action] start split=train, total=651
[action] 2019_SA_IF_Hong_Zhuoming: using keyframes from keyframe_selector/outputs/fs1000_all_frame_indices/2019_SA_IF_Hong_Zhuoming/selected_frame_indices.csv (124 rows)
[action] saved ../FS1000 Dataset/static_resnet50_keyframe_cache/static_resnet50_keyframe_2019_SA_IF_Hong_Zhuoming_T124.npy, shape=(124, 2048)
[action] done split=train, processed=1, existing=299, waiting_keyframes=351
[action] start split=val, total=160
[action] done split=val, processed=0, existing=75, waiting_keyframes=85
[action][watch] round=504 processed=1, total_processed=213, waiting_keyframes=436
[action][watch] scan round=505
[action] start split=train, total=651
[action] done split=train, processed=0, existing=300, waiting_keyframes=351
[action] start split=val, total=160
[action] done split=val, processed=0, existing=75, waiting_keyframes=85
[action][watch] waiting for new keyframe outputs: pending=436, idle=1s/600s, sleep=30s
[action][watch] scan round=506
[action] start split=train, total=651
[action] done split=train, processed=0, existing=300, waiting_keyframes=351
[action] start split=val, total=160
[action] done split=val, processed=0, existing=75, waiting_keyframes=85
[action][watch] waiting for new keyframe outputs: pending=436, idle=32s/600s, sleep=30s
[action][watch] scan round=507
[action] start split=train, total=651
[action] 2019_SA_IF_Laurence_Nikolaj: using keyframes from keyframe_selector/outputs/fs1000_all_frame_indices/2019_SA_IF_Laurence_Nikolaj/selected_frame_indices.csv (124 rows)
[action] saved ../FS1000 Dataset/static_resnet50_keyframe_cache/static_resnet50_keyframe_2019_SA_IF_Laurence_Nikolaj_T124.npy, shape=(124, 2048)
[action] done split=train, processed=1, existing=300, waiting_keyframes=350
[action] start split=val, total=160
[action] done split=val, processed=0, existing=75, waiting_keyframes=85
[action][watch] round=507 processed=1, total_processed=214, waiting_keyframes=435
[action][watch] scan round=508
[action] start split=train, total=651
[action] done split=train, processed=0, existing=301, waiting_keyframes=350
[action] start split=val, total=160
[action] done split=val, processed=0, existing=75, waiting_keyframes=85
[action][watch] waiting for new keyframe outputs: pending=435, idle=1s/600s, sleep=30s
[action][watch] scan round=509
[action] start split=train, total=651
[action] done split=train, processed=0, existing=301, waiting_keyframes=350
[action] start split=val, total=160
[action] done split=val, processed=0, existing=75, waiting_keyframes=85
[action][watch] waiting for new keyframe outputs: pending=435, idle=32s/600s, sleep=30s
[action][watch] scan round=510
[action] start split=train, total=651
[action] 2019_SA_IF_Madison_Zachary: using keyframes from keyframe_selector/outputs/fs1000_all_frame_indices/2019_SA_IF_Madison_Zachary/selected_frame_indices.csv (124 rows)
[action] saved ../FS1000 Dataset/static_resnet50_keyframe_cache/static_resnet50_keyframe_2019_SA_IF_Madison_Zachary_T124.npy, shape=(124, 2048)
[action] done split=train, processed=1, existing=301, waiting_keyframes=349
[action] start split=val, total=160
[action] done split=val, processed=0, existing=75, waiting_keyframes=85
[action][watch] round=510 processed=1, total_processed=215, waiting_keyframes=434
[action][watch] scan round=511
[action] start split=train, total=651
[action] done split=train, processed=0, existing=302, waiting_keyframes=349
[action] start split=val, total=160
[action] done split=val, processed=0, existing=75, waiting_keyframes=85
[action][watch] waiting for new keyframe outputs: pending=434, idle=1s/600s, sleep=30s
[action][watch] scan round=512
[action] start split=train, total=651
[action] done split=train, processed=0, existing=302, waiting_keyframes=349
[action] start split=val, total=160
[action] done split=val, processed=0, existing=75, waiting_keyframes=85
[action][watch] waiting for new keyframe outputs: pending=434, idle=32s/600s, sleep=30s
[action][watch] scan round=513
[action] start split=train, total=651
[action] 2019_SA_IF_Marie_Romain: using keyframes from keyframe_selector/outputs/fs1000_all_frame_indices/2019_SA_IF_Marie_Romain/selected_frame_indices.csv (122 rows)
[action] saved ../FS1000 Dataset/static_resnet50_keyframe_cache/static_resnet50_keyframe_2019_SA_IF_Marie_Romain_T122.npy, shape=(122, 2048)
[action] done split=train, processed=1, existing=302, waiting_keyframes=348
[action] start split=val, total=160
[action] done split=val, processed=0, existing=75, waiting_keyframes=85
[action][watch] round=513 processed=1, total_processed=216, waiting_keyframes=433
[action][watch] scan round=514
[action] start split=train, total=651
[action] done split=train, processed=0, existing=303, waiting_keyframes=348
[action] start split=val, total=160
[action] done split=val, processed=0, existing=75, waiting_keyframes=85
[action][watch] waiting for new keyframe outputs: pending=433, idle=1s/600s, sleep=30s
[action][watch] scan round=515
[action] start split=train, total=651
[action] done split=train, processed=0, existing=303, waiting_keyframes=348
[action] start split=val, total=160
[action] done split=val, processed=0, existing=75, waiting_keyframes=85
[action][watch] waiting for new keyframe outputs: pending=433, idle=32s/600s, sleep=30s
[action][watch] scan round=516
[action] start split=train, total=651
[action] done split=train, processed=0, existing=303, waiting_keyframes=348
[action] start split=val, total=160
[action] done split=val, processed=0, existing=75, waiting_keyframes=85
[action][watch] waiting for new keyframe outputs: pending=433, idle=63s/600s, sleep=30s
[action][watch] scan round=517
[action] start split=train, total=651
[action] 2019_SA_IF_Olivia_Adrian: using keyframes from keyframe_selector/outputs/fs1000_all_frame_indices/2019_SA_IF_Olivia_Adrian/selected_frame_indices.csv (122 rows)
[action] saved ../FS1000 Dataset/static_resnet50_keyframe_cache/static_resnet50_keyframe_2019_SA_IF_Olivia_Adrian_T122.npy, shape=(122, 2048)
[action] done split=train, processed=1, existing=303, waiting_keyframes=347
[action] start split=val, total=160
[action] done split=val, processed=0, existing=75, waiting_keyframes=85
[action][watch] round=517 processed=1, total_processed=217, waiting_keyframes=432
[action][watch] scan round=518
[action] start split=train, total=651
[action] done split=train, processed=0, existing=304, waiting_keyframes=347
[action] start split=val, total=160
[action] done split=val, processed=0, existing=75, waiting_keyframes=85
[action][watch] waiting for new keyframe outputs: pending=432, idle=1s/600s, sleep=30s
[action][watch] scan round=519
[action] start split=train, total=651
[action] done split=train, processed=0, existing=304, waiting_keyframes=347
[action] start split=val, total=160
[action] done split=val, processed=0, existing=75, waiting_keyframes=85
[action][watch] waiting for new keyframe outputs: pending=432, idle=32s/600s, sleep=30s
[action][watch] scan round=520
[action] start split=train, total=651
[action] 2019_SA_IF_Sofia_Igor: using keyframes from keyframe_selector/outputs/fs1000_all_frame_indices/2019_SA_IF_Sofia_Igor/selected_frame_indices.csv (120 rows)
[action] saved ../FS1000 Dataset/static_resnet50_keyframe_cache/static_resnet50_keyframe_2019_SA_IF_Sofia_Igor_T120.npy, shape=(120, 2048)
[action] done split=train, processed=1, existing=304, waiting_keyframes=346
[action] start split=val, total=160
[action] done split=val, processed=0, existing=75, waiting_keyframes=85
[action][watch] round=520 processed=1, total_processed=218, waiting_keyframes=431
[action][watch] scan round=521
[action] start split=train, total=651
[action] done split=train, processed=0, existing=305, waiting_keyframes=346
[action] start split=val, total=160
[action] done split=val, processed=0, existing=75, waiting_keyframes=85
[action][watch] waiting for new keyframe outputs: pending=431, idle=1s/600s, sleep=30s
[action][watch] scan round=522
[action] start split=train, total=651
[action] done split=train, processed=0, existing=305, waiting_keyframes=346
[action] start split=val, total=160
[action] done split=val, processed=0, existing=75, waiting_keyframes=85
[action][watch] waiting for new keyframe outputs: pending=431, idle=32s/600s, sleep=30s
[action][watch] scan round=523
[action] start split=train, total=651
[action] 2019_SA_IF_Tiffani_Jonathan: using keyframes from keyframe_selector/outputs/fs1000_all_frame_indices/2019_SA_IF_Tiffani_Jonathan/selected_frame_indices.csv (126 rows)
[action] saved ../FS1000 Dataset/static_resnet50_keyframe_cache/static_resnet50_keyframe_2019_SA_IF_Tiffani_Jonathan_T126.npy, shape=(126, 2048)
[action] done split=train, processed=1, existing=305, waiting_keyframes=345
[action] start split=val, total=160
[action] done split=val, processed=0, existing=75, waiting_keyframes=85
[action][watch] round=523 processed=1, total_processed=219, waiting_keyframes=430
[action][watch] scan round=524
[action] start split=train, total=651
[action] done split=train, processed=0, existing=306, waiting_keyframes=345
[action] start split=val, total=160
[action] done split=val, processed=0, existing=75, waiting_keyframes=85
[action][watch] waiting for new keyframe outputs: pending=430, idle=1s/600s, sleep=30s
[action][watch] scan round=525
[action] start split=train, total=651
[action] 2019_SA_IR_Alexandra_Ivan: using keyframes from keyframe_selector/outputs/fs1000_all_frame_indices/2019_SA_IR_Alexandra_Ivan/selected_frame_indices.csv (88 rows)
[action] saved ../FS1000 Dataset/static_resnet50_keyframe_cache/static_resnet50_keyframe_2019_SA_IR_Alexandra_Ivan_T88.npy, shape=(88, 2048)
[action] done split=train, processed=1, existing=306, waiting_keyframes=344
[action] start split=val, total=160
[action] done split=val, processed=0, existing=75, waiting_keyframes=85
[action][watch] round=525 processed=1, total_processed=220, waiting_keyframes=429
[action][watch] scan round=526
[action] start split=train, total=651
[action] done split=train, processed=0, existing=307, waiting_keyframes=344
[action] start split=val, total=160
[action] done split=val, processed=0, existing=75, waiting_keyframes=85
[action][watch] waiting for new keyframe outputs: pending=429, idle=1s/600s, sleep=30s
[action][watch] scan round=527
[action] start split=train, total=651
[action] done split=train, processed=0, existing=307, waiting_keyframes=344
[action] start split=val, total=160
[action] done split=val, processed=0, existing=75, waiting_keyframes=85
[action][watch] waiting for new keyframe outputs: pending=429, idle=32s/600s, sleep=30s
[action][watch] scan round=528
[action] start split=train, total=651
[action] 2019_SA_IR_Caroline_Michael: using keyframes from keyframe_selector/outputs/fs1000_all_frame_indices/2019_SA_IR_Caroline_Michael/selected_frame_indices.csv (87 rows)
[action] saved ../FS1000 Dataset/static_resnet50_keyframe_cache/static_resnet50_keyframe_2019_SA_IR_Caroline_Michael_T87.npy, shape=(87, 2048)
[action] done split=train, processed=1, existing=307, waiting_keyframes=343
[action] start split=val, total=160
[action] done split=val, processed=0, existing=75, waiting_keyframes=85
[action][watch] round=528 processed=1, total_processed=221, waiting_keyframes=428
[action][watch] scan round=529
[action] start split=train, total=651
[action] done split=train, processed=0, existing=308, waiting_keyframes=343
[action] start split=val, total=160
[action] done split=val, processed=0, existing=75, waiting_keyframes=85
[action][watch] waiting for new keyframe outputs: pending=428, idle=1s/600s, sleep=30s
[action][watch] scan round=530
[action] start split=train, total=651
[action] 2019_SA_IR_Christina_Anthony: using keyframes from keyframe_selector/outputs/fs1000_all_frame_indices/2019_SA_IR_Christina_Anthony/selected_frame_indices.csv (84 rows)
[action] saved ../FS1000 Dataset/static_resnet50_keyframe_cache/static_resnet50_keyframe_2019_SA_IR_Christina_Anthony_T84.npy, shape=(84, 2048)
[action] done split=train, processed=1, existing=308, waiting_keyframes=342
[action] start split=val, total=160
[action] done split=val, processed=0, existing=75, waiting_keyframes=85
[action][watch] round=530 processed=1, total_processed=222, waiting_keyframes=427
[action][watch] scan round=531
[action] start split=train, total=651
[action] done split=train, processed=0, existing=309, waiting_keyframes=342
[action] start split=val, total=160
[action] done split=val, processed=0, existing=75, waiting_keyframes=85
[action][watch] waiting for new keyframe outputs: pending=427, idle=1s/600s, sleep=30s
[action][watch] scan round=532
[action] start split=train, total=651
[action] done split=train, processed=0, existing=309, waiting_keyframes=342
[action] start split=val, total=160
[action] done split=val, processed=0, existing=75, waiting_keyframes=85
[action][watch] waiting for new keyframe outputs: pending=427, idle=32s/600s, sleep=30s
[action][watch] scan round=533
[action] start split=train, total=651
[action] 2019_SA_IR_Hong_Zhuoming: using keyframes from keyframe_selector/outputs/fs1000_all_frame_indices/2019_SA_IR_Hong_Zhuoming/selected_frame_indices.csv (89 rows)
[action] saved ../FS1000 Dataset/static_resnet50_keyframe_cache/static_resnet50_keyframe_2019_SA_IR_Hong_Zhuoming_T89.npy, shape=(89, 2048)
[action] done split=train, processed=1, existing=309, waiting_keyframes=341
[action] start split=val, total=160
[action] done split=val, processed=0, existing=75, waiting_keyframes=85
[action][watch] round=533 processed=1, total_processed=223, waiting_keyframes=426
[action][watch] scan round=534
[action] start split=train, total=651
[action] done split=train, processed=0, existing=310, waiting_keyframes=341
[action] start split=val, total=160
[action] done split=val, processed=0, existing=75, waiting_keyframes=85
[action][watch] waiting for new keyframe outputs: pending=426, idle=1s/600s, sleep=30s
[action][watch] scan round=535
[action] start split=train, total=651
[action] done split=train, processed=0, existing=310, waiting_keyframes=341
[action] start split=val, total=160
[action] done split=val, processed=0, existing=75, waiting_keyframes=85
[action][watch] waiting for new keyframe outputs: pending=426, idle=31s/600s, sleep=30s
[action][watch] scan round=536
[action] start split=train, total=651
[action] 2019_SA_IR_Laurence_Nikolaj: using keyframes from keyframe_selector/outputs/fs1000_all_frame_indices/2019_SA_IR_Laurence_Nikolaj/selected_frame_indices.csv (93 rows)
[action] saved ../FS1000 Dataset/static_resnet50_keyframe_cache/static_resnet50_keyframe_2019_SA_IR_Laurence_Nikolaj_T93.npy, shape=(93, 2048)
[action] done split=train, processed=1, existing=310, waiting_keyframes=340
[action] start split=val, total=160
[action] done split=val, processed=0, existing=75, waiting_keyframes=85
[action][watch] round=536 processed=1, total_processed=224, waiting_keyframes=425
[action][watch] scan round=537
[action] start split=train, total=651
[action] done split=train, processed=0, existing=311, waiting_keyframes=340
[action] start split=val, total=160
[action] done split=val, processed=0, existing=75, waiting_keyframes=85
[action][watch] waiting for new keyframe outputs: pending=425, idle=1s/600s, sleep=30s
[action][watch] scan round=538
[action] start split=train, total=651
[action] 2019_SA_IR_Marie_Romain: using keyframes from keyframe_selector/outputs/fs1000_all_frame_indices/2019_SA_IR_Marie_Romain/selected_frame_indices.csv (88 rows)
[action] saved ../FS1000 Dataset/static_resnet50_keyframe_cache/static_resnet50_keyframe_2019_SA_IR_Marie_Romain_T88.npy, shape=(88, 2048)
[action] done split=train, processed=1, existing=311, waiting_keyframes=339
[action] start split=val, total=160
[action] done split=val, processed=0, existing=75, waiting_keyframes=85
[action][watch] round=538 processed=1, total_processed=225, waiting_keyframes=424
[action][watch] scan round=539
[action] start split=train, total=651
[action] done split=train, processed=0, existing=312, waiting_keyframes=339
[action] start split=val, total=160
[action] done split=val, processed=0, existing=75, waiting_keyframes=85
[action][watch] waiting for new keyframe outputs: pending=424, idle=1s/600s, sleep=30s
[action][watch] scan round=540
[action] start split=train, total=651
[action] done split=train, processed=0, existing=312, waiting_keyframes=339
[action] start split=val, total=160
[action] done split=val, processed=0, existing=75, waiting_keyframes=85
[action][watch] waiting for new keyframe outputs: pending=424, idle=32s/600s, sleep=30s
[action][watch] scan round=541
[action] start split=train, total=651
[action] done split=train, processed=0, existing=312, waiting_keyframes=339
[action] start split=val, total=160
[action] 2019_SA_IR_Olivia_Adrian: using keyframes from keyframe_selector/outputs/fs1000_all_frame_indices/2019_SA_IR_Olivia_Adrian/selected_frame_indices.csv (89 rows)
[action] saved ../FS1000 Dataset/static_resnet50_keyframe_cache/static_resnet50_keyframe_2019_SA_IR_Olivia_Adrian_T89.npy, shape=(89, 2048)
[action] done split=val, processed=1, existing=75, waiting_keyframes=84
[action][watch] round=541 processed=1, total_processed=226, waiting_keyframes=423
[action][watch] scan round=542
[action] start split=train, total=651
[action] done split=train, processed=0, existing=312, waiting_keyframes=339
[action] start split=val, total=160
[action] done split=val, processed=0, existing=76, waiting_keyframes=84
[action][watch] waiting for new keyframe outputs: pending=423, idle=1s/600s, sleep=30s
[action][watch] scan round=543
[action] start split=train, total=651
[action] done split=train, processed=0, existing=312, waiting_keyframes=339
[action] start split=val, total=160
[action] done split=val, processed=0, existing=76, waiting_keyframes=84
[action][watch] waiting for new keyframe outputs: pending=423, idle=32s/600s, sleep=30s
[action][watch] scan round=544
[action] start split=train, total=651
[action] done split=train, processed=0, existing=312, waiting_keyframes=339
[action] start split=val, total=160
[action] 2019_SA_IR_Sofia_Igor: using keyframes from keyframe_selector/outputs/fs1000_all_frame_indices/2019_SA_IR_Sofia_Igor/selected_frame_indices.csv (88 rows)
[action] saved ../FS1000 Dataset/static_resnet50_keyframe_cache/static_resnet50_keyframe_2019_SA_IR_Sofia_Igor_T88.npy, shape=(88, 2048)
[action] done split=val, processed=1, existing=76, waiting_keyframes=83
[action][watch] round=544 processed=1, total_processed=227, waiting_keyframes=422
[action][watch] scan round=545
[action] start split=train, total=651
[action] done split=train, processed=0, existing=312, waiting_keyframes=339
[action] start split=val, total=160
[action] done split=val, processed=0, existing=77, waiting_keyframes=83
[action][watch] waiting for new keyframe outputs: pending=422, idle=1s/600s, sleep=30s
[action][watch] scan round=546
[action] start split=train, total=651
[action] done split=train, processed=0, existing=312, waiting_keyframes=339
[action] start split=val, total=160
[action] done split=val, processed=0, existing=77, waiting_keyframes=83
[action][watch] waiting for new keyframe outputs: pending=422, idle=32s/600s, sleep=30s
[action][watch] scan round=547
[action] start split=train, total=651
[action] done split=train, processed=0, existing=312, waiting_keyframes=339
[action] start split=val, total=160
[action] 2019_SA_IR_Tiffani_Jonathan: using keyframes from keyframe_selector/outputs/fs1000_all_frame_indices/2019_SA_IR_Tiffani_Jonathan/selected_frame_indices.csv (86 rows)
[action] saved ../FS1000 Dataset/static_resnet50_keyframe_cache/static_resnet50_keyframe_2019_SA_IR_Tiffani_Jonathan_T86.npy, shape=(86, 2048)
[action] done split=val, processed=1, existing=77, waiting_keyframes=82
[action][watch] round=547 processed=1, total_processed=228, waiting_keyframes=421
[action][watch] scan round=548
[action] start split=train, total=651
[action] done split=train, processed=0, existing=312, waiting_keyframes=339
[action] start split=val, total=160
[action] done split=val, processed=0, existing=78, waiting_keyframes=82
[action][watch] waiting for new keyframe outputs: pending=421, idle=1s/600s, sleep=30s
[action][watch] scan round=549
[action] start split=train, total=651
[action] done split=train, processed=0, existing=312, waiting_keyframes=339
[action] start split=val, total=160
[action] done split=val, processed=0, existing=78, waiting_keyframes=82
[action][watch] waiting for new keyframe outputs: pending=421, idle=32s/600s, sleep=30s
[action][watch] scan round=550
[action] start split=train, total=651
[action] 2019_SA_LF_Amber: using keyframes from keyframe_selector/outputs/fs1000_all_frame_indices/2019_SA_LF_Amber/selected_frame_indices.csv (125 rows)
[action] saved ../FS1000 Dataset/static_resnet50_keyframe_cache/static_resnet50_keyframe_2019_SA_LF_Amber_T125.npy, shape=(125, 2048)
[action] done split=train, processed=1, existing=312, waiting_keyframes=338
[action] start split=val, total=160
[action] done split=val, processed=0, existing=78, waiting_keyframes=82
[action][watch] round=550 processed=1, total_processed=229, waiting_keyframes=420
[action][watch] scan round=551
[action] start split=train, total=651
[action] done split=train, processed=0, existing=313, waiting_keyframes=338
[action] start split=val, total=160
[action] done split=val, processed=0, existing=78, waiting_keyframes=82
[action][watch] waiting for new keyframe outputs: pending=420, idle=1s/600s, sleep=30s
[action][watch] scan round=552
[action] start split=train, total=651
[action] done split=train, processed=0, existing=313, waiting_keyframes=338
[action] start split=val, total=160
[action] done split=val, processed=0, existing=78, waiting_keyframes=82
[action][watch] waiting for new keyframe outputs: pending=420, idle=32s/600s, sleep=30s
[action][watch] scan round=553
[action] start split=train, total=651
[action] 2019_SA_LF_Anna: using keyframes from keyframe_selector/outputs/fs1000_all_frame_indices/2019_SA_LF_Anna/selected_frame_indices.csv (123 rows)
[action] saved ../FS1000 Dataset/static_resnet50_keyframe_cache/static_resnet50_keyframe_2019_SA_LF_Anna_T123.npy, shape=(123, 2048)
[action] done split=train, processed=1, existing=313, waiting_keyframes=337
[action] start split=val, total=160
[action] done split=val, processed=0, existing=78, waiting_keyframes=82
[action][watch] round=553 processed=1, total_processed=230, waiting_keyframes=419
[action][watch] scan round=554
[action] start split=train, total=651
[action] done split=train, processed=0, existing=314, waiting_keyframes=337
[action] start split=val, total=160
[action] done split=val, processed=0, existing=78, waiting_keyframes=82
[action][watch] waiting for new keyframe outputs: pending=419, idle=1s/600s, sleep=30s
[action][watch] scan round=555
[action] start split=train, total=651
[action] done split=train, processed=0, existing=314, waiting_keyframes=337
[action] start split=val, total=160
[action] done split=val, processed=0, existing=78, waiting_keyframes=82
[action][watch] waiting for new keyframe outputs: pending=419, idle=31s/600s, sleep=30s
[action][watch] scan round=556
[action] start split=train, total=651
[action] 2019_SA_LF_Bradie: using keyframes from keyframe_selector/outputs/fs1000_all_frame_indices/2019_SA_LF_Bradie/selected_frame_indices.csv (128 rows)
[action] saved ../FS1000 Dataset/static_resnet50_keyframe_cache/static_resnet50_keyframe_2019_SA_LF_Bradie_T128.npy, shape=(128, 2048)
[action] done split=train, processed=1, existing=314, waiting_keyframes=336
[action] start split=val, total=160
[action] done split=val, processed=0, existing=78, waiting_keyframes=82
[action][watch] round=556 processed=1, total_processed=231, waiting_keyframes=418
[action][watch] scan round=557
[action] start split=train, total=651
[action] done split=train, processed=0, existing=315, waiting_keyframes=336
[action] start split=val, total=160
[action] done split=val, processed=0, existing=78, waiting_keyframes=82
[action][watch] waiting for new keyframe outputs: pending=418, idle=1s/600s, sleep=30s
[action][watch] scan round=558
[action] start split=train, total=651
[action] done split=train, processed=0, existing=315, waiting_keyframes=336
[action] start split=val, total=160
[action] done split=val, processed=0, existing=78, waiting_keyframes=82
[action][watch] waiting for new keyframe outputs: pending=418, idle=32s/600s, sleep=30s
[action][watch] scan round=559
[action] start split=train, total=651
[action] done split=train, processed=0, existing=315, waiting_keyframes=336
[action] start split=val, total=160
[action] 2019_SA_LF_Elizaveta: using keyframes from keyframe_selector/outputs/fs1000_all_frame_indices/2019_SA_LF_Elizaveta/selected_frame_indices.csv (122 rows)
[action] saved ../FS1000 Dataset/static_resnet50_keyframe_cache/static_resnet50_keyframe_2019_SA_LF_Elizaveta_T122.npy, shape=(122, 2048)
[action] done split=val, processed=1, existing=78, waiting_keyframes=81
[action][watch] round=559 processed=1, total_processed=232, waiting_keyframes=417
[action][watch] scan round=560
[action] start split=train, total=651
[action] done split=train, processed=0, existing=315, waiting_keyframes=336
[action] start split=val, total=160
[action] done split=val, processed=0, existing=79, waiting_keyframes=81
[action][watch] waiting for new keyframe outputs: pending=417, idle=1s/600s, sleep=30s
[action][watch] scan round=561
[action] start split=train, total=651
[action] done split=train, processed=0, existing=315, waiting_keyframes=336
[action] start split=val, total=160
[action] done split=val, processed=0, existing=79, waiting_keyframes=81
[action][watch] waiting for new keyframe outputs: pending=417, idle=32s/600s, sleep=30s
[action][watch] scan round=562
[action] start split=train, total=651
[action] 2019_SA_LF_Eunsoo: using keyframes from keyframe_selector/outputs/fs1000_all_frame_indices/2019_SA_LF_Eunsoo/selected_frame_indices.csv (124 rows)
[action] saved ../FS1000 Dataset/static_resnet50_keyframe_cache/static_resnet50_keyframe_2019_SA_LF_Eunsoo_T124.npy, shape=(124, 2048)
[action] done split=train, processed=1, existing=315, waiting_keyframes=335
[action] start split=val, total=160
[action] done split=val, processed=0, existing=79, waiting_keyframes=81
[action][watch] round=562 processed=1, total_processed=233, waiting_keyframes=416
[action][watch] scan round=563
[action] start split=train, total=651
[action] done split=train, processed=0, existing=316, waiting_keyframes=335
[action] start split=val, total=160
[action] done split=val, processed=0, existing=79, waiting_keyframes=81
[action][watch] waiting for new keyframe outputs: pending=416, idle=1s/600s, sleep=30s
[action][watch] scan round=564
[action] start split=train, total=651
[action] done split=train, processed=0, existing=316, waiting_keyframes=335
[action] start split=val, total=160
[action] done split=val, processed=0, existing=79, waiting_keyframes=81
[action][watch] waiting for new keyframe outputs: pending=416, idle=32s/600s, sleep=30s
[action][watch] scan round=565
[action] start split=train, total=651
[action] done split=train, processed=0, existing=316, waiting_keyframes=335
[action] start split=val, total=160
[action] done split=val, processed=0, existing=79, waiting_keyframes=81
[action][watch] waiting for new keyframe outputs: pending=416, idle=64s/600s, sleep=30s
[action][watch] scan round=566
[action] start split=train, total=651
[action] done split=train, processed=0, existing=316, waiting_keyframes=335
[action] start split=val, total=160
[action] 2019_SA_LF_Kaori: using keyframes from keyframe_selector/outputs/fs1000_all_frame_indices/2019_SA_LF_Kaori/selected_frame_indices.csv (125 rows)
[action] saved ../FS1000 Dataset/static_resnet50_keyframe_cache/static_resnet50_keyframe_2019_SA_LF_Kaori_T125.npy, shape=(125, 2048)
[action] done split=val, processed=1, existing=79, waiting_keyframes=80
[action][watch] round=566 processed=1, total_processed=234, waiting_keyframes=415
[action][watch] scan round=567
[action] start split=train, total=651
[action] done split=train, processed=0, existing=316, waiting_keyframes=335
[action] start split=val, total=160
[action] done split=val, processed=0, existing=80, waiting_keyframes=80
[action][watch] waiting for new keyframe outputs: pending=415, idle=1s/600s, sleep=30s
[action][watch] scan round=568
[action] start split=train, total=651
[action] done split=train, processed=0, existing=316, waiting_keyframes=335
[action] start split=val, total=160
[action] done split=val, processed=0, existing=80, waiting_keyframes=80
[action][watch] waiting for new keyframe outputs: pending=415, idle=32s/600s, sleep=30s
[action][watch] scan round=569
[action] start split=train, total=651
[action] 2019_SA_LF_Mako: using keyframes from keyframe_selector/outputs/fs1000_all_frame_indices/2019_SA_LF_Mako/selected_frame_indices.csv (123 rows)
[action] saved ../FS1000 Dataset/static_resnet50_keyframe_cache/static_resnet50_keyframe_2019_SA_LF_Mako_T123.npy, shape=(123, 2048)
[action] done split=train, processed=1, existing=316, waiting_keyframes=334
[action] start split=val, total=160
[action] done split=val, processed=0, existing=80, waiting_keyframes=80
[action][watch] round=569 processed=1, total_processed=235, waiting_keyframes=414
[action][watch] scan round=570
[action] start split=train, total=651
[action] done split=train, processed=0, existing=317, waiting_keyframes=334
[action] start split=val, total=160
[action] done split=val, processed=0, existing=80, waiting_keyframes=80
[action][watch] waiting for new keyframe outputs: pending=414, idle=1s/600s, sleep=30s
[action][watch] scan round=571
[action] start split=train, total=651
[action] done split=train, processed=0, existing=317, waiting_keyframes=334
[action] start split=val, total=160
[action] done split=val, processed=0, existing=80, waiting_keyframes=80
[action][watch] waiting for new keyframe outputs: pending=414, idle=32s/600s, sleep=30s
[action][watch] scan round=572
[action] start split=train, total=651
[action] 2019_SA_LF_Stanislava: using keyframes from keyframe_selector/outputs/fs1000_all_frame_indices/2019_SA_LF_Stanislava/selected_frame_indices.csv (121 rows)
[action] saved ../FS1000 Dataset/static_resnet50_keyframe_cache/static_resnet50_keyframe_2019_SA_LF_Stanislava_T121.npy, shape=(121, 2048)
[action] done split=train, processed=1, existing=317, waiting_keyframes=333
[action] start split=val, total=160
[action] done split=val, processed=0, existing=80, waiting_keyframes=80
[action][watch] round=572 processed=1, total_processed=236, waiting_keyframes=413
[action][watch] scan round=573
[action] start split=train, total=651
[action] done split=train, processed=0, existing=318, waiting_keyframes=333
[action] start split=val, total=160
[action] done split=val, processed=0, existing=80, waiting_keyframes=80
[action][watch] waiting for new keyframe outputs: pending=413, idle=1s/600s, sleep=30s
[action][watch] scan round=574
[action] start split=train, total=651
[action] done split=train, processed=0, existing=318, waiting_keyframes=333
[action] start split=val, total=160
[action] done split=val, processed=0, existing=80, waiting_keyframes=80
[action][watch] waiting for new keyframe outputs: pending=413, idle=34s/600s, sleep=30s
[action][watch] scan round=575
[action] start split=train, total=651
[action] done split=train, processed=0, existing=318, waiting_keyframes=333
[action] start split=val, total=160
[action] done split=val, processed=0, existing=80, waiting_keyframes=80
[action][watch] waiting for new keyframe outputs: pending=413, idle=65s/600s, sleep=30s
[action][watch] scan round=576
[action] start split=train, total=651
[action] 2019_SA_LF_Veronik: using keyframes from keyframe_selector/outputs/fs1000_all_frame_indices/2019_SA_LF_Veronik/selected_frame_indices.csv (124 rows)
[action] saved ../FS1000 Dataset/static_resnet50_keyframe_cache/static_resnet50_keyframe_2019_SA_LF_Veronik_T124.npy, shape=(124, 2048)
[action] done split=train, processed=1, existing=318, waiting_keyframes=332
[action] start split=val, total=160
[action] done split=val, processed=0, existing=80, waiting_keyframes=80
[action][watch] round=576 processed=1, total_processed=237, waiting_keyframes=412
[action][watch] scan round=577
[action] start split=train, total=651
[action] done split=train, processed=0, existing=319, waiting_keyframes=332
[action] start split=val, total=160
[action] done split=val, processed=0, existing=80, waiting_keyframes=80
[action][watch] waiting for new keyframe outputs: pending=412, idle=1s/600s, sleep=30s
[action][watch] scan round=578
[action] start split=train, total=651
[action] done split=train, processed=0, existing=319, waiting_keyframes=332
[action] start split=val, total=160
[action] done split=val, processed=0, existing=80, waiting_keyframes=80
[action][watch] waiting for new keyframe outputs: pending=412, idle=32s/600s, sleep=30s
[action][watch] scan round=579
[action] start split=train, total=651
[action] 2019_SA_LF_Yi: using keyframes from keyframe_selector/outputs/fs1000_all_frame_indices/2019_SA_LF_Yi/selected_frame_indices.csv (123 rows)
[action] saved ../FS1000 Dataset/static_resnet50_keyframe_cache/static_resnet50_keyframe_2019_SA_LF_Yi_T123.npy, shape=(123, 2048)
[action] done split=train, processed=1, existing=319, waiting_keyframes=331
[action] start split=val, total=160
[action] done split=val, processed=0, existing=80, waiting_keyframes=80
[action][watch] round=579 processed=1, total_processed=238, waiting_keyframes=411
[action][watch] scan round=580
[action] start split=train, total=651
[action] done split=train, processed=0, existing=320, waiting_keyframes=331
[action] start split=val, total=160
[action] done split=val, processed=0, existing=80, waiting_keyframes=80
[action][watch] waiting for new keyframe outputs: pending=411, idle=1s/600s, sleep=30s
[action][watch] scan round=581
[action] start split=train, total=651
[action] done split=train, processed=0, existing=320, waiting_keyframes=331
[action] start split=val, total=160
[action] done split=val, processed=0, existing=80, waiting_keyframes=80
[action][watch] waiting for new keyframe outputs: pending=411, idle=32s/600s, sleep=30s
[action][watch] scan round=582
[action] start split=train, total=651
[action] 2019_SA_LS_Amber: using keyframes from keyframe_selector/outputs/fs1000_all_frame_indices/2019_SA_LS_Amber/selected_frame_indices.csv (84 rows)
[action] saved ../FS1000 Dataset/static_resnet50_keyframe_cache/static_resnet50_keyframe_2019_SA_LS_Amber_T84.npy, shape=(84, 2048)
[action] done split=train, processed=1, existing=320, waiting_keyframes=330
[action] start split=val, total=160
[action] done split=val, processed=0, existing=80, waiting_keyframes=80
[action][watch] round=582 processed=1, total_processed=239, waiting_keyframes=410
[action][watch] scan round=583
[action] start split=train, total=651
[action] done split=train, processed=0, existing=321, waiting_keyframes=330
[action] start split=val, total=160
[action] done split=val, processed=0, existing=80, waiting_keyframes=80
[action][watch] waiting for new keyframe outputs: pending=410, idle=1s/600s, sleep=30s
[action][watch] scan round=584
[action] start split=train, total=651
[action] done split=train, processed=0, existing=321, waiting_keyframes=330
[action] start split=val, total=160
[action] 2019_SA_LS_Anna: using keyframes from keyframe_selector/outputs/fs1000_all_frame_indices/2019_SA_LS_Anna/selected_frame_indices.csv (84 rows)
[action] saved ../FS1000 Dataset/static_resnet50_keyframe_cache/static_resnet50_keyframe_2019_SA_LS_Anna_T84.npy, shape=(84, 2048)
[action] done split=val, processed=1, existing=80, waiting_keyframes=79
[action][watch] round=584 processed=1, total_processed=240, waiting_keyframes=409
[action][watch] scan round=585
[action] start split=train, total=651
[action] done split=train, processed=0, existing=321, waiting_keyframes=330
[action] start split=val, total=160
[action] done split=val, processed=0, existing=81, waiting_keyframes=79
[action][watch] waiting for new keyframe outputs: pending=409, idle=1s/600s, sleep=30s
[action][watch] scan round=586
[action] start split=train, total=651
[action] done split=train, processed=0, existing=321, waiting_keyframes=330
[action] start split=val, total=160
[action] done split=val, processed=0, existing=81, waiting_keyframes=79
[action][watch] waiting for new keyframe outputs: pending=409, idle=32s/600s, sleep=30s
[action][watch] scan round=587
[action] start split=train, total=651
[action] 2019_SA_LS_Elizaveta: using keyframes from keyframe_selector/outputs/fs1000_all_frame_indices/2019_SA_LS_Elizaveta/selected_frame_indices.csv (86 rows)
[action] saved ../FS1000 Dataset/static_resnet50_keyframe_cache/static_resnet50_keyframe_2019_SA_LS_Elizaveta_T86.npy, shape=(86, 2048)
[action] done split=train, processed=1, existing=321, waiting_keyframes=329
[action] start split=val, total=160
[action] done split=val, processed=0, existing=81, waiting_keyframes=79
[action][watch] round=587 processed=1, total_processed=241, waiting_keyframes=408
[action][watch] scan round=588
[action] start split=train, total=651
[action] done split=train, processed=0, existing=322, waiting_keyframes=329
[action] start split=val, total=160
[action] done split=val, processed=0, existing=81, waiting_keyframes=79
[action][watch] waiting for new keyframe outputs: pending=408, idle=1s/600s, sleep=30s
[action][watch] scan round=589
[action] start split=train, total=651
[action] done split=train, processed=0, existing=322, waiting_keyframes=329
[action] start split=val, total=160
[action] done split=val, processed=0, existing=81, waiting_keyframes=79
[action][watch] waiting for new keyframe outputs: pending=408, idle=32s/600s, sleep=30s
[action][watch] scan round=590
[action] start split=train, total=651
[action] 2019_SA_LS_Eunsoo: using keyframes from keyframe_selector/outputs/fs1000_all_frame_indices/2019_SA_LS_Eunsoo/selected_frame_indices.csv (84 rows)
[action] saved ../FS1000 Dataset/static_resnet50_keyframe_cache/static_resnet50_keyframe_2019_SA_LS_Eunsoo_T84.npy, shape=(84, 2048)
[action] done split=train, processed=1, existing=322, waiting_keyframes=328
[action] start split=val, total=160
[action] done split=val, processed=0, existing=81, waiting_keyframes=79
[action][watch] round=590 processed=1, total_processed=242, waiting_keyframes=407
[action][watch] scan round=591
[action] start split=train, total=651
[action] done split=train, processed=0, existing=323, waiting_keyframes=328
[action] start split=val, total=160
[action] done split=val, processed=0, existing=81, waiting_keyframes=79
[action][watch] waiting for new keyframe outputs: pending=407, idle=2s/600s, sleep=30s
[action][watch] scan round=592
[action] start split=train, total=651
[action] 2019_SA_LS_Karen: using keyframes from keyframe_selector/outputs/fs1000_all_frame_indices/2019_SA_LS_Karen/selected_frame_indices.csv (89 rows)
[action] saved ../FS1000 Dataset/static_resnet50_keyframe_cache/static_resnet50_keyframe_2019_SA_LS_Karen_T89.npy, shape=(89, 2048)
[action] done split=train, processed=1, existing=323, waiting_keyframes=327
[action] start split=val, total=160
[action] done split=val, processed=0, existing=81, waiting_keyframes=79
[action][watch] round=592 processed=1, total_processed=243, waiting_keyframes=406
[action][watch] scan round=593
[action] start split=train, total=651
[action] done split=train, processed=0, existing=324, waiting_keyframes=327
[action] start split=val, total=160
[action] done split=val, processed=0, existing=81, waiting_keyframes=79
[action][watch] waiting for new keyframe outputs: pending=406, idle=1s/600s, sleep=30s
[action][watch] scan round=594
[action] start split=train, total=651
[action] done split=train, processed=0, existing=324, waiting_keyframes=327
[action] start split=val, total=160
[action] done split=val, processed=0, existing=81, waiting_keyframes=79
[action][watch] waiting for new keyframe outputs: pending=406, idle=32s/600s, sleep=30s
[action][watch] scan round=595
[action] start split=train, total=651
[action] 2019_SA_LS_Mako: using keyframes from keyframe_selector/outputs/fs1000_all_frame_indices/2019_SA_LS_Mako/selected_frame_indices.csv (84 rows)
[action] saved ../FS1000 Dataset/static_resnet50_keyframe_cache/static_resnet50_keyframe_2019_SA_LS_Mako_T84.npy, shape=(84, 2048)
[action] done split=train, processed=1, existing=324, waiting_keyframes=326
[action] start split=val, total=160
[action] done split=val, processed=0, existing=81, waiting_keyframes=79
[action][watch] round=595 processed=1, total_processed=244, waiting_keyframes=405
[action][watch] scan round=596
[action] start split=train, total=651
[action] done split=train, processed=0, existing=325, waiting_keyframes=326
[action] start split=val, total=160
[action] done split=val, processed=0, existing=81, waiting_keyframes=79
[action][watch] waiting for new keyframe outputs: pending=405, idle=1s/600s, sleep=30s
[action][watch] scan round=597
[action] start split=train, total=651
[action] done split=train, processed=0, existing=325, waiting_keyframes=326
[action] start split=val, total=160
[action] done split=val, processed=0, existing=81, waiting_keyframes=79
[action][watch] waiting for new keyframe outputs: pending=405, idle=31s/600s, sleep=30s
[action][watch] scan round=598
[action] start split=train, total=651
[action] 2019_SA_LS_Stanislava: using keyframes from keyframe_selector/outputs/fs1000_all_frame_indices/2019_SA_LS_Stanislava/selected_frame_indices.csv (84 rows)
[action] saved ../FS1000 Dataset/static_resnet50_keyframe_cache/static_resnet50_keyframe_2019_SA_LS_Stanislava_T84.npy, shape=(84, 2048)
[action] done split=train, processed=1, existing=325, waiting_keyframes=325
[action] start split=val, total=160
[action] done split=val, processed=0, existing=81, waiting_keyframes=79
[action][watch] round=598 processed=1, total_processed=245, waiting_keyframes=404
[action][watch] scan round=599
[action] start split=train, total=651
[action] done split=train, processed=0, existing=326, waiting_keyframes=325
[action] start split=val, total=160
[action] done split=val, processed=0, existing=81, waiting_keyframes=79
[action][watch] waiting for new keyframe outputs: pending=404, idle=1s/600s, sleep=30s
[action][watch] scan round=600
[action] start split=train, total=651
[action] 2019_SA_LS_Wakaba: using keyframes from keyframe_selector/outputs/fs1000_all_frame_indices/2019_SA_LS_Wakaba/selected_frame_indices.csv (89 rows)
[action] saved ../FS1000 Dataset/static_resnet50_keyframe_cache/static_resnet50_keyframe_2019_SA_LS_Wakaba_T89.npy, shape=(89, 2048)
[action] done split=train, processed=1, existing=326, waiting_keyframes=324
[action] start split=val, total=160
[action] done split=val, processed=0, existing=81, waiting_keyframes=79
[action][watch] round=600 processed=1, total_processed=246, waiting_keyframes=403
[action][watch] scan round=601
[action] start split=train, total=651
[action] done split=train, processed=0, existing=327, waiting_keyframes=324
[action] start split=val, total=160
[action] done split=val, processed=0, existing=81, waiting_keyframes=79
[action][watch] waiting for new keyframe outputs: pending=403, idle=1s/600s, sleep=30s
[action][watch] scan round=602
[action] start split=train, total=651
[action] done split=train, processed=0, existing=327, waiting_keyframes=324
[action] start split=val, total=160
[action] done split=val, processed=0, existing=81, waiting_keyframes=79
[action][watch] waiting for new keyframe outputs: pending=403, idle=32s/600s, sleep=30s
[action][watch] scan round=603
[action] start split=train, total=651
[action] 2019_SA_LS_Yi: using keyframes from keyframe_selector/outputs/fs1000_all_frame_indices/2019_SA_LS_Yi/selected_frame_indices.csv (83 rows)
[action] saved ../FS1000 Dataset/static_resnet50_keyframe_cache/static_resnet50_keyframe_2019_SA_LS_Yi_T83.npy, shape=(83, 2048)
[action] done split=train, processed=1, existing=327, waiting_keyframes=323
[action] start split=val, total=160
[action] done split=val, processed=0, existing=81, waiting_keyframes=79
[action][watch] round=603 processed=1, total_processed=247, waiting_keyframes=402
[action][watch] scan round=604
[action] start split=train, total=651
[action] done split=train, processed=0, existing=328, waiting_keyframes=323
[action] start split=val, total=160
[action] done split=val, processed=0, existing=81, waiting_keyframes=79
[action][watch] waiting for new keyframe outputs: pending=402, idle=1s/600s, sleep=30s
[action][watch] scan round=605
[action] start split=train, total=651
[action] done split=train, processed=0, existing=328, waiting_keyframes=323
[action] start split=val, total=160
[action] done split=val, processed=0, existing=81, waiting_keyframes=79
[action][watch] waiting for new keyframe outputs: pending=402, idle=32s/600s, sleep=30s
[action][watch] scan round=606
[action] start split=train, total=651
[action] 2019_SA_MF_AlexeiB: using keyframes from keyframe_selector/outputs/fs1000_all_frame_indices/2019_SA_MF_AlexeiB/selected_frame_indices.csv (122 rows)
[action] saved ../FS1000 Dataset/static_resnet50_keyframe_cache/static_resnet50_keyframe_2019_SA_MF_AlexeiB_T122.npy, shape=(122, 2048)
[action] done split=train, processed=1, existing=328, waiting_keyframes=322
[action] start split=val, total=160
[action] done split=val, processed=0, existing=81, waiting_keyframes=79
[action][watch] round=606 processed=1, total_processed=248, waiting_keyframes=401
[action][watch] scan round=607
[action] start split=train, total=651
[action] done split=train, processed=0, existing=329, waiting_keyframes=322
[action] start split=val, total=160
[action] done split=val, processed=0, existing=81, waiting_keyframes=79
[action][watch] waiting for new keyframe outputs: pending=401, idle=1s/600s, sleep=30s
[action][watch] scan round=608
[action] start split=train, total=651
[action] done split=train, processed=0, existing=329, waiting_keyframes=322
[action] start split=val, total=160
[action] done split=val, processed=0, existing=81, waiting_keyframes=79
[action][watch] waiting for new keyframe outputs: pending=401, idle=33s/600s, sleep=30s
[action][watch] scan round=609
[action] start split=train, total=651
[action] done split=train, processed=0, existing=329, waiting_keyframes=322
[action] start split=val, total=160
[action] done split=val, processed=0, existing=81, waiting_keyframes=79
[action][watch] waiting for new keyframe outputs: pending=401, idle=64s/600s, sleep=30s
[action][watch] scan round=610
[action] start split=train, total=651
[action] 2019_SA_MF_AlexeiK: using keyframes from keyframe_selector/outputs/fs1000_all_frame_indices/2019_SA_MF_AlexeiK/selected_frame_indices.csv (122 rows)
[action] saved ../FS1000 Dataset/static_resnet50_keyframe_cache/static_resnet50_keyframe_2019_SA_MF_AlexeiK_T122.npy, shape=(122, 2048)
[action] done split=train, processed=1, existing=329, waiting_keyframes=321
[action] start split=val, total=160
[action] done split=val, processed=0, existing=81, waiting_keyframes=79
[action][watch] round=610 processed=1, total_processed=249, waiting_keyframes=400
[action][watch] scan round=611
[action] start split=train, total=651
[action] done split=train, processed=0, existing=330, waiting_keyframes=321
[action] start split=val, total=160
[action] done split=val, processed=0, existing=81, waiting_keyframes=79
[action][watch] waiting for new keyframe outputs: pending=400, idle=1s/600s, sleep=30s
[action][watch] scan round=612
[action] start split=train, total=651
[action] done split=train, processed=0, existing=330, waiting_keyframes=321
[action] start split=val, total=160
[action] done split=val, processed=0, existing=81, waiting_keyframes=79
[action][watch] waiting for new keyframe outputs: pending=400, idle=32s/600s, sleep=30s
[action][watch] scan round=613
[action] start split=train, total=651
[action] 2019_SA_MF_Boyang: using keyframes from keyframe_selector/outputs/fs1000_all_frame_indices/2019_SA_MF_Boyang/selected_frame_indices.csv (121 rows)
[action] saved ../FS1000 Dataset/static_resnet50_keyframe_cache/static_resnet50_keyframe_2019_SA_MF_Boyang_T121.npy, shape=(121, 2048)
[action] done split=train, processed=1, existing=330, waiting_keyframes=320
[action] start split=val, total=160
[action] done split=val, processed=0, existing=81, waiting_keyframes=79
[action][watch] round=613 processed=1, total_processed=250, waiting_keyframes=399
[action][watch] scan round=614
[action] start split=train, total=651
[action] done split=train, processed=0, existing=331, waiting_keyframes=320
[action] start split=val, total=160
[action] done split=val, processed=0, existing=81, waiting_keyframes=79
[action][watch] waiting for new keyframe outputs: pending=399, idle=1s/600s, sleep=30s
[action][watch] scan round=615
[action] start split=train, total=651
[action] done split=train, processed=0, existing=331, waiting_keyframes=320
[action] start split=val, total=160
[action] done split=val, processed=0, existing=81, waiting_keyframes=79
[action][watch] waiting for new keyframe outputs: pending=399, idle=31s/600s, sleep=30s
[action][watch] scan round=616
[action] start split=train, total=651
[action] done split=train, processed=0, existing=331, waiting_keyframes=320
[action] start split=val, total=160
[action] 2019_SA_MF_Dmitri: using keyframes from keyframe_selector/outputs/fs1000_all_frame_indices/2019_SA_MF_Dmitri/selected_frame_indices.csv (117 rows)
[action] saved ../FS1000 Dataset/static_resnet50_keyframe_cache/static_resnet50_keyframe_2019_SA_MF_Dmitri_T117.npy, shape=(117, 2048)
[action] done split=val, processed=1, existing=81, waiting_keyframes=78
[action][watch] round=616 processed=1, total_processed=251, waiting_keyframes=398
[action][watch] scan round=617
[action] start split=train, total=651
[action] done split=train, processed=0, existing=331, waiting_keyframes=320
[action] start split=val, total=160
[action] done split=val, processed=0, existing=82, waiting_keyframes=78
[action][watch] waiting for new keyframe outputs: pending=398, idle=1s/600s, sleep=30s
[action][watch] scan round=618
[action] start split=train, total=651
[action] done split=train, processed=0, existing=331, waiting_keyframes=320
[action] start split=val, total=160
[action] done split=val, processed=0, existing=82, waiting_keyframes=78
[action][watch] waiting for new keyframe outputs: pending=398, idle=31s/600s, sleep=30s
[action][watch] scan round=619
[action] start split=train, total=651
[action] 2019_SA_MF_Jason: using keyframes from keyframe_selector/outputs/fs1000_all_frame_indices/2019_SA_MF_Jason/selected_frame_indices.csv (119 rows)
[action] saved ../FS1000 Dataset/static_resnet50_keyframe_cache/static_resnet50_keyframe_2019_SA_MF_Jason_T119.npy, shape=(119, 2048)
[action] done split=train, processed=1, existing=331, waiting_keyframes=319
[action] start split=val, total=160
[action] done split=val, processed=0, existing=82, waiting_keyframes=78
[action][watch] round=619 processed=1, total_processed=252, waiting_keyframes=397
[action][watch] scan round=620
[action] start split=train, total=651
[action] done split=train, processed=0, existing=332, waiting_keyframes=319
[action] start split=val, total=160
[action] done split=val, processed=0, existing=82, waiting_keyframes=78
[action][watch] waiting for new keyframe outputs: pending=397, idle=1s/600s, sleep=30s
[action][watch] scan round=621
[action] start split=train, total=651
[action] done split=train, processed=0, existing=332, waiting_keyframes=319
[action] start split=val, total=160
[action] done split=val, processed=0, existing=82, waiting_keyframes=78
[action][watch] waiting for new keyframe outputs: pending=397, idle=32s/600s, sleep=30s
[action][watch] scan round=622
[action] start split=train, total=651
[action] 2019_SA_MF_Junhwan: using keyframes from keyframe_selector/outputs/fs1000_all_frame_indices/2019_SA_MF_Junhwan/selected_frame_indices.csv (123 rows)
[action] saved ../FS1000 Dataset/static_resnet50_keyframe_cache/static_resnet50_keyframe_2019_SA_MF_Junhwan_T123.npy, shape=(123, 2048)
[action] done split=train, processed=1, existing=332, waiting_keyframes=318
[action] start split=val, total=160
[action] done split=val, processed=0, existing=82, waiting_keyframes=78
[action][watch] round=622 processed=1, total_processed=253, waiting_keyframes=396
[action][watch] scan round=623
[action] start split=train, total=651
[action] done split=train, processed=0, existing=333, waiting_keyframes=318
[action] start split=val, total=160
[action] done split=val, processed=0, existing=82, waiting_keyframes=78
[action][watch] waiting for new keyframe outputs: pending=396, idle=1s/600s, sleep=30s
[action][watch] scan round=624
[action] start split=train, total=651
[action] done split=train, processed=0, existing=333, waiting_keyframes=318
[action] start split=val, total=160
[action] done split=val, processed=0, existing=82, waiting_keyframes=78
[action][watch] waiting for new keyframe outputs: pending=396, idle=32s/600s, sleep=30s
[action][watch] scan round=625
[action] start split=train, total=651
[action] 2019_SA_MF_Kazuki: using keyframes from keyframe_selector/outputs/fs1000_all_frame_indices/2019_SA_MF_Kazuki/selected_frame_indices.csv (120 rows)
[action] saved ../FS1000 Dataset/static_resnet50_keyframe_cache/static_resnet50_keyframe_2019_SA_MF_Kazuki_T120.npy, shape=(120, 2048)
[action] done split=train, processed=1, existing=333, waiting_keyframes=317
[action] start split=val, total=160
[action] done split=val, processed=0, existing=82, waiting_keyframes=78
[action][watch] round=625 processed=1, total_processed=254, waiting_keyframes=395
[action][watch] scan round=626
[action] start split=train, total=651
[action] done split=train, processed=0, existing=334, waiting_keyframes=317
[action] start split=val, total=160
[action] done split=val, processed=0, existing=82, waiting_keyframes=78
[action][watch] waiting for new keyframe outputs: pending=395, idle=1s/600s, sleep=30s
[action][watch] scan round=627
[action] start split=train, total=651
[action] done split=train, processed=0, existing=334, waiting_keyframes=317
[action] start split=val, total=160
[action] done split=val, processed=0, existing=82, waiting_keyframes=78
[action][watch] waiting for new keyframe outputs: pending=395, idle=31s/600s, sleep=30s
[action][watch] scan round=628
[action] start split=train, total=651
[action] done split=train, processed=0, existing=334, waiting_keyframes=317
[action] start split=val, total=160
[action] 2019_SA_MF_Keegan: using keyframes from keyframe_selector/outputs/fs1000_all_frame_indices/2019_SA_MF_Keegan/selected_frame_indices.csv (120 rows)
[action] saved ../FS1000 Dataset/static_resnet50_keyframe_cache/static_resnet50_keyframe_2019_SA_MF_Keegan_T120.npy, shape=(120, 2048)
[action] done split=val, processed=1, existing=82, waiting_keyframes=77
[action][watch] round=628 processed=1, total_processed=255, waiting_keyframes=394
[action][watch] scan round=629
[action] start split=train, total=651
[action] done split=train, processed=0, existing=334, waiting_keyframes=317
[action] start split=val, total=160
[action] done split=val, processed=0, existing=83, waiting_keyframes=77
[action][watch] waiting for new keyframe outputs: pending=394, idle=1s/600s, sleep=30s
[action][watch] scan round=630
[action] start split=train, total=651
[action] done split=train, processed=0, existing=334, waiting_keyframes=317
[action] start split=val, total=160
[action] done split=val, processed=0, existing=83, waiting_keyframes=77
[action][watch] waiting for new keyframe outputs: pending=394, idle=32s/600s, sleep=30s
[action][watch] scan round=631
[action] start split=train, total=651
[action] 2019_SA_MF_Koshiro: using keyframes from keyframe_selector/outputs/fs1000_all_frame_indices/2019_SA_MF_Koshiro/selected_frame_indices.csv (119 rows)
[action] saved ../FS1000 Dataset/static_resnet50_keyframe_cache/static_resnet50_keyframe_2019_SA_MF_Koshiro_T119.npy, shape=(119, 2048)
[action] done split=train, processed=1, existing=334, waiting_keyframes=316
[action] start split=val, total=160
[action] done split=val, processed=0, existing=83, waiting_keyframes=77
[action][watch] round=631 processed=1, total_processed=256, waiting_keyframes=393
[action][watch] scan round=632
[action] start split=train, total=651
[action] done split=train, processed=0, existing=335, waiting_keyframes=316
[action] start split=val, total=160
[action] done split=val, processed=0, existing=83, waiting_keyframes=77
[action][watch] waiting for new keyframe outputs: pending=393, idle=1s/600s, sleep=30s
[action][watch] scan round=633
[action] start split=train, total=651
[action] done split=train, processed=0, existing=335, waiting_keyframes=316
[action] start split=val, total=160
[action] done split=val, processed=0, existing=83, waiting_keyframes=77
[action][watch] waiting for new keyframe outputs: pending=393, idle=32s/600s, sleep=30s
[action][watch] scan round=634
[action] start split=train, total=651
[action] done split=train, processed=0, existing=335, waiting_keyframes=316
[action] start split=val, total=160
[action] done split=val, processed=0, existing=83, waiting_keyframes=77
[action][watch] waiting for new keyframe outputs: pending=393, idle=62s/600s, sleep=30s
[action][watch] scan round=635
[action] start split=train, total=651
[action] 2019_SA_MF_Michal: using keyframes from keyframe_selector/outputs/fs1000_all_frame_indices/2019_SA_MF_Michal/selected_frame_indices.csv (122 rows)
[action] saved ../FS1000 Dataset/static_resnet50_keyframe_cache/static_resnet50_keyframe_2019_SA_MF_Michal_T122.npy, shape=(122, 2048)
[action] done split=train, processed=1, existing=335, waiting_keyframes=315
[action] start split=val, total=160
[action] done split=val, processed=0, existing=83, waiting_keyframes=77
[action][watch] round=635 processed=1, total_processed=257, waiting_keyframes=392
[action][watch] scan round=636
[action] start split=train, total=651
[action] done split=train, processed=0, existing=336, waiting_keyframes=315
[action] start split=val, total=160
[action] done split=val, processed=0, existing=83, waiting_keyframes=77
[action][watch] waiting for new keyframe outputs: pending=392, idle=1s/600s, sleep=30s
[action][watch] scan round=637
[action] start split=train, total=651
[action] done split=train, processed=0, existing=336, waiting_keyframes=315
[action] start split=val, total=160
[action] done split=val, processed=0, existing=83, waiting_keyframes=77
[action][watch] waiting for new keyframe outputs: pending=392, idle=31s/600s, sleep=30s
[action][watch] scan round=638
[action] start split=train, total=651
[action] 2019_SA_MF_Nathan: using keyframes from keyframe_selector/outputs/fs1000_all_frame_indices/2019_SA_MF_Nathan/selected_frame_indices.csv (121 rows)
[action] saved ../FS1000 Dataset/static_resnet50_keyframe_cache/static_resnet50_keyframe_2019_SA_MF_Nathan_T121.npy, shape=(121, 2048)
[action] done split=train, processed=1, existing=336, waiting_keyframes=314
[action] start split=val, total=160
[action] done split=val, processed=0, existing=83, waiting_keyframes=77
[action][watch] round=638 processed=1, total_processed=258, waiting_keyframes=391
[action][watch] scan round=639
[action] start split=train, total=651
[action] done split=train, processed=0, existing=337, waiting_keyframes=314
[action] start split=val, total=160
[action] done split=val, processed=0, existing=83, waiting_keyframes=77
[action][watch] waiting for new keyframe outputs: pending=391, idle=1s/600s, sleep=30s
[action][watch] scan round=640
[action] start split=train, total=651
[action] done split=train, processed=0, existing=337, waiting_keyframes=314
[action] start split=val, total=160
[action] done split=val, processed=0, existing=83, waiting_keyframes=77
[action][watch] waiting for new keyframe outputs: pending=391, idle=32s/600s, sleep=30s
[action][watch] scan round=641
[action] start split=train, total=651
[action] 2019_SA_MF_Roman: using keyframes from keyframe_selector/outputs/fs1000_all_frame_indices/2019_SA_MF_Roman/selected_frame_indices.csv (120 rows)
[action] saved ../FS1000 Dataset/static_resnet50_keyframe_cache/static_resnet50_keyframe_2019_SA_MF_Roman_T120.npy, shape=(120, 2048)
[action] done split=train, processed=1, existing=337, waiting_keyframes=313
[action] start split=val, total=160
[action] done split=val, processed=0, existing=83, waiting_keyframes=77
[action][watch] round=641 processed=1, total_processed=259, waiting_keyframes=390
[action][watch] scan round=642
[action] start split=train, total=651
[action] done split=train, processed=0, existing=338, waiting_keyframes=313
[action] start split=val, total=160
[action] done split=val, processed=0, existing=83, waiting_keyframes=77
[action][watch] waiting for new keyframe outputs: pending=390, idle=1s/600s, sleep=30s
[action][watch] scan round=643
[action] start split=train, total=651
[action] 2019_SA_MS_AlexeiB: using keyframes from keyframe_selector/outputs/fs1000_all_frame_indices/2019_SA_MS_AlexeiB/selected_frame_indices.csv (80 rows)
[action] saved ../FS1000 Dataset/static_resnet50_keyframe_cache/static_resnet50_keyframe_2019_SA_MS_AlexeiB_T80.npy, shape=(80, 2048)
[action] done split=train, processed=1, existing=338, waiting_keyframes=312
[action] start split=val, total=160
[action] done split=val, processed=0, existing=83, waiting_keyframes=77
[action][watch] round=643 processed=1, total_processed=260, waiting_keyframes=389
[action][watch] scan round=644
[action] start split=train, total=651
[action] done split=train, processed=0, existing=339, waiting_keyframes=312
[action] start split=val, total=160
[action] done split=val, processed=0, existing=83, waiting_keyframes=77
[action][watch] waiting for new keyframe outputs: pending=389, idle=1s/600s, sleep=30s
[action][watch] scan round=645
[action] start split=train, total=651
[action] done split=train, processed=0, existing=339, waiting_keyframes=312
[action] start split=val, total=160
[action] done split=val, processed=0, existing=83, waiting_keyframes=77
[action][watch] waiting for new keyframe outputs: pending=389, idle=32s/600s, sleep=30s
[action][watch] scan round=646
[action] start split=train, total=651
[action] 2019_SA_MS_AlexeiK: using keyframes from keyframe_selector/outputs/fs1000_all_frame_indices/2019_SA_MS_AlexeiK/selected_frame_indices.csv (82 rows)
[action] saved ../FS1000 Dataset/static_resnet50_keyframe_cache/static_resnet50_keyframe_2019_SA_MS_AlexeiK_T82.npy, shape=(82, 2048)
[action] done split=train, processed=1, existing=339, waiting_keyframes=311
[action] start split=val, total=160
[action] done split=val, processed=0, existing=83, waiting_keyframes=77
[action][watch] round=646 processed=1, total_processed=261, waiting_keyframes=388
[action][watch] scan round=647
[action] start split=train, total=651
[action] done split=train, processed=0, existing=340, waiting_keyframes=311
[action] start split=val, total=160
[action] done split=val, processed=0, existing=83, waiting_keyframes=77
[action][watch] waiting for new keyframe outputs: pending=388, idle=1s/600s, sleep=30s
[action][watch] scan round=648
[action] start split=train, total=651
[action] 2019_SA_MS_Boyang: using keyframes from keyframe_selector/outputs/fs1000_all_frame_indices/2019_SA_MS_Boyang/selected_frame_indices.csv (81 rows)
[action] saved ../FS1000 Dataset/static_resnet50_keyframe_cache/static_resnet50_keyframe_2019_SA_MS_Boyang_T81.npy, shape=(81, 2048)
[action] done split=train, processed=1, existing=340, waiting_keyframes=310
[action] start split=val, total=160
[action] done split=val, processed=0, existing=83, waiting_keyframes=77
[action][watch] round=648 processed=1, total_processed=262, waiting_keyframes=387
[action][watch] scan round=649
[action] start split=train, total=651
[action] done split=train, processed=0, existing=341, waiting_keyframes=310
[action] start split=val, total=160
[action] done split=val, processed=0, existing=83, waiting_keyframes=77
[action][watch] waiting for new keyframe outputs: pending=387, idle=1s/600s, sleep=30s
[action][watch] scan round=650
[action] start split=train, total=651
[action] done split=train, processed=0, existing=341, waiting_keyframes=310
[action] start split=val, total=160
[action] done split=val, processed=0, existing=83, waiting_keyframes=77
[action][watch] waiting for new keyframe outputs: pending=387, idle=32s/600s, sleep=30s
[action][watch] scan round=651
[action] start split=train, total=651
[action] 2019_SA_MS_Dmitri: using keyframes from keyframe_selector/outputs/fs1000_all_frame_indices/2019_SA_MS_Dmitri/selected_frame_indices.csv (82 rows)
[action] saved ../FS1000 Dataset/static_resnet50_keyframe_cache/static_resnet50_keyframe_2019_SA_MS_Dmitri_T82.npy, shape=(82, 2048)
[action] done split=train, processed=1, existing=341, waiting_keyframes=309
[action] start split=val, total=160
[action] done split=val, processed=0, existing=83, waiting_keyframes=77
[action][watch] round=651 processed=1, total_processed=263, waiting_keyframes=386
[action][watch] scan round=652
[action] start split=train, total=651
[action] done split=train, processed=0, existing=342, waiting_keyframes=309
[action] start split=val, total=160
[action] done split=val, processed=0, existing=83, waiting_keyframes=77
[action][watch] waiting for new keyframe outputs: pending=386, idle=1s/600s, sleep=30s
[action][watch] scan round=653
[action] start split=train, total=651
[action] 2019_SA_MS_Jason: using keyframes from keyframe_selector/outputs/fs1000_all_frame_indices/2019_SA_MS_Jason/selected_frame_indices.csv (79 rows)
[action] saved ../FS1000 Dataset/static_resnet50_keyframe_cache/static_resnet50_keyframe_2019_SA_MS_Jason_T79.npy, shape=(79, 2048)
[action] done split=train, processed=1, existing=342, waiting_keyframes=308
[action] start split=val, total=160
[action] done split=val, processed=0, existing=83, waiting_keyframes=77
[action][watch] round=653 processed=1, total_processed=264, waiting_keyframes=385
[action][watch] scan round=654
[action] start split=train, total=651
[action] done split=train, processed=0, existing=343, waiting_keyframes=308
[action] start split=val, total=160
[action] done split=val, processed=0, existing=83, waiting_keyframes=77
[action][watch] waiting for new keyframe outputs: pending=385, idle=1s/600s, sleep=30s
[action][watch] scan round=655
[action] start split=train, total=651
[action] done split=train, processed=0, existing=343, waiting_keyframes=308
[action] start split=val, total=160
[action] done split=val, processed=0, existing=83, waiting_keyframes=77
[action][watch] waiting for new keyframe outputs: pending=385, idle=32s/600s, sleep=30s
[action][watch] scan round=656
[action] start split=train, total=651
[action] 2019_SA_MS_Junhwan: using keyframes from keyframe_selector/outputs/fs1000_all_frame_indices/2019_SA_MS_Junhwan/selected_frame_indices.csv (81 rows)
[action] saved ../FS1000 Dataset/static_resnet50_keyframe_cache/static_resnet50_keyframe_2019_SA_MS_Junhwan_T81.npy, shape=(81, 2048)
[action] done split=train, processed=1, existing=343, waiting_keyframes=307
[action] start split=val, total=160
[action] done split=val, processed=0, existing=83, waiting_keyframes=77
[action][watch] round=656 processed=1, total_processed=265, waiting_keyframes=384
[action][watch] scan round=657
[action] start split=train, total=651
[action] done split=train, processed=0, existing=344, waiting_keyframes=307
[action] start split=val, total=160
[action] done split=val, processed=0, existing=83, waiting_keyframes=77
[action][watch] waiting for new keyframe outputs: pending=384, idle=1s/600s, sleep=30s
[action][watch] scan round=658
[action] start split=train, total=651
[action] done split=train, processed=0, existing=344, waiting_keyframes=307
[action] start split=val, total=160
[action] 2019_SA_MS_Kazuki: using keyframes from keyframe_selector/outputs/fs1000_all_frame_indices/2019_SA_MS_Kazuki/selected_frame_indices.csv (82 rows)
[action] saved ../FS1000 Dataset/static_resnet50_keyframe_cache/static_resnet50_keyframe_2019_SA_MS_Kazuki_T82.npy, shape=(82, 2048)
[action] done split=val, processed=1, existing=83, waiting_keyframes=76
[action][watch] round=658 processed=1, total_processed=266, waiting_keyframes=383
[action][watch] scan round=659
[action] start split=train, total=651
[action] done split=train, processed=0, existing=344, waiting_keyframes=307
[action] start split=val, total=160
[action] done split=val, processed=0, existing=84, waiting_keyframes=76
[action][watch] waiting for new keyframe outputs: pending=383, idle=1s/600s, sleep=30s
[action][watch] scan round=660
[action] start split=train, total=651
[action] done split=train, processed=0, existing=344, waiting_keyframes=307
[action] start split=val, total=160
[action] done split=val, processed=0, existing=84, waiting_keyframes=76
[action][watch] waiting for new keyframe outputs: pending=383, idle=31s/600s, sleep=30s
[action][watch] scan round=661
[action] start split=train, total=651
[action] 2019_SA_MS_Keegan: using keyframes from keyframe_selector/outputs/fs1000_all_frame_indices/2019_SA_MS_Keegan/selected_frame_indices.csv (81 rows)
[action] saved ../FS1000 Dataset/static_resnet50_keyframe_cache/static_resnet50_keyframe_2019_SA_MS_Keegan_T81.npy, shape=(81, 2048)
[action] done split=train, processed=1, existing=344, waiting_keyframes=306
[action] start split=val, total=160
[action] done split=val, processed=0, existing=84, waiting_keyframes=76
[action][watch] round=661 processed=1, total_processed=267, waiting_keyframes=382
[action][watch] scan round=662
[action] start split=train, total=651
[action] done split=train, processed=0, existing=345, waiting_keyframes=306
[action] start split=val, total=160
[action] done split=val, processed=0, existing=84, waiting_keyframes=76
[action][watch] waiting for new keyframe outputs: pending=382, idle=1s/600s, sleep=30s
[action][watch] scan round=663
[action] start split=train, total=651
[action] 2019_SA_MS_Koshiro: using keyframes from keyframe_selector/outputs/fs1000_all_frame_indices/2019_SA_MS_Koshiro/selected_frame_indices.csv (81 rows)
[action] saved ../FS1000 Dataset/static_resnet50_keyframe_cache/static_resnet50_keyframe_2019_SA_MS_Koshiro_T81.npy, shape=(81, 2048)
[action] done split=train, processed=1, existing=345, waiting_keyframes=305
[action] start split=val, total=160
[action] done split=val, processed=0, existing=84, waiting_keyframes=76
[action][watch] round=663 processed=1, total_processed=268, waiting_keyframes=381
[action][watch] scan round=664
[action] start split=train, total=651
[action] done split=train, processed=0, existing=346, waiting_keyframes=305
[action] start split=val, total=160
[action] done split=val, processed=0, existing=84, waiting_keyframes=76
[action][watch] waiting for new keyframe outputs: pending=381, idle=1s/600s, sleep=30s
[action][watch] scan round=665
[action] start split=train, total=651
[action] done split=train, processed=0, existing=346, waiting_keyframes=305
[action] start split=val, total=160
[action] done split=val, processed=0, existing=84, waiting_keyframes=76
[action][watch] waiting for new keyframe outputs: pending=381, idle=32s/600s, sleep=30s
[action][watch] scan round=666
[action] start split=train, total=651
[action] 2019_SA_MS_Nathan: using keyframes from keyframe_selector/outputs/fs1000_all_frame_indices/2019_SA_MS_Nathan/selected_frame_indices.csv (81 rows)
[action] saved ../FS1000 Dataset/static_resnet50_keyframe_cache/static_resnet50_keyframe_2019_SA_MS_Nathan_T81.npy, shape=(81, 2048)
[action] done split=train, processed=1, existing=346, waiting_keyframes=304
[action] start split=val, total=160
[action] done split=val, processed=0, existing=84, waiting_keyframes=76
[action][watch] round=666 processed=1, total_processed=269, waiting_keyframes=380
[action][watch] scan round=667
[action] start split=train, total=651
[action] done split=train, processed=0, existing=347, waiting_keyframes=304
[action] start split=val, total=160
[action] done split=val, processed=0, existing=84, waiting_keyframes=76
[action][watch] waiting for new keyframe outputs: pending=380, idle=1s/600s, sleep=30s
[action][watch] scan round=668
[action] start split=train, total=651
[action] 2019_SA_MS_Roman: using keyframes from keyframe_selector/outputs/fs1000_all_frame_indices/2019_SA_MS_Roman/selected_frame_indices.csv (82 rows)
[action] saved ../FS1000 Dataset/static_resnet50_keyframe_cache/static_resnet50_keyframe_2019_SA_MS_Roman_T82.npy, shape=(82, 2048)
[action] done split=train, processed=1, existing=347, waiting_keyframes=303
[action] start split=val, total=160
[action] done split=val, processed=0, existing=84, waiting_keyframes=76
[action][watch] round=668 processed=1, total_processed=270, waiting_keyframes=379
[action][watch] scan round=669
[action] start split=train, total=651
[action] done split=train, processed=0, existing=348, waiting_keyframes=303
[action] start split=val, total=160
[action] done split=val, processed=0, existing=84, waiting_keyframes=76
[action][watch] waiting for new keyframe outputs: pending=379, idle=1s/600s, sleep=30s
[action][watch] scan round=670
[action] start split=train, total=651
[action] done split=train, processed=0, existing=348, waiting_keyframes=303
[action] start split=val, total=160
[action] done split=val, processed=0, existing=84, waiting_keyframes=76
[action][watch] waiting for new keyframe outputs: pending=379, idle=33s/600s, sleep=30s
[action][watch] scan round=671
[action] start split=train, total=651
[action] 2019_SA_PF_Ashley: using keyframes from keyframe_selector/outputs/fs1000_all_frame_indices/2019_SA_PF_Ashley/selected_frame_indices.csv (122 rows)
[action] saved ../FS1000 Dataset/static_resnet50_keyframe_cache/static_resnet50_keyframe_2019_SA_PF_Ashley_T122.npy, shape=(122, 2048)
[action] done split=train, processed=1, existing=348, waiting_keyframes=302
[action] start split=val, total=160
[action] done split=val, processed=0, existing=84, waiting_keyframes=76
[action][watch] round=671 processed=1, total_processed=271, waiting_keyframes=378
[action][watch] scan round=672
[action] start split=train, total=651
[action] done split=train, processed=0, existing=349, waiting_keyframes=302
[action] start split=val, total=160
[action] done split=val, processed=0, existing=84, waiting_keyframes=76
[action][watch] waiting for new keyframe outputs: pending=378, idle=1s/600s, sleep=30s
[action][watch] scan round=673
[action] start split=train, total=651
[action] done split=train, processed=0, existing=349, waiting_keyframes=302
[action] start split=val, total=160
[action] done split=val, processed=0, existing=84, waiting_keyframes=76
[action][watch] waiting for new keyframe outputs: pending=378, idle=33s/600s, sleep=30s
[action][watch] scan round=674
[action] start split=train, total=651
[action] done split=train, processed=0, existing=349, waiting_keyframes=302
[action] start split=val, total=160
[action] done split=val, processed=0, existing=84, waiting_keyframes=76
[action][watch] waiting for new keyframe outputs: pending=378, idle=63s/600s, sleep=30s
[action][watch] scan round=675
[action] start split=train, total=651
[action] 2019_SA_PF_Camille: using keyframes from keyframe_selector/outputs/fs1000_all_frame_indices/2019_SA_PF_Camille/selected_frame_indices.csv (121 rows)
[action] saved ../FS1000 Dataset/static_resnet50_keyframe_cache/static_resnet50_keyframe_2019_SA_PF_Camille_T121.npy, shape=(121, 2048)
[action] done split=train, processed=1, existing=349, waiting_keyframes=301
[action] start split=val, total=160
[action] done split=val, processed=0, existing=84, waiting_keyframes=76
[action][watch] round=675 processed=1, total_processed=272, waiting_keyframes=377
[action][watch] scan round=676
[action] start split=train, total=651
[action] done split=train, processed=0, existing=350, waiting_keyframes=301
[action] start split=val, total=160
[action] done split=val, processed=0, existing=84, waiting_keyframes=76
[action][watch] waiting for new keyframe outputs: pending=377, idle=1s/600s, sleep=30s
[action][watch] scan round=677
[action] start split=train, total=651
[action] done split=train, processed=0, existing=350, waiting_keyframes=301
[action] start split=val, total=160
[action] done split=val, processed=0, existing=84, waiting_keyframes=76
[action][watch] waiting for new keyframe outputs: pending=377, idle=31s/600s, sleep=30s
[action][watch] scan round=678
[action] start split=train, total=651
[action] done split=train, processed=0, existing=350, waiting_keyframes=301
[action] start split=val, total=160
[action] 2019_SA_PF_Cheng: using keyframes from keyframe_selector/outputs/fs1000_all_frame_indices/2019_SA_PF_Cheng/selected_frame_indices.csv (122 rows)
[action] saved ../FS1000 Dataset/static_resnet50_keyframe_cache/static_resnet50_keyframe_2019_SA_PF_Cheng_T122.npy, shape=(122, 2048)
[action] done split=val, processed=1, existing=84, waiting_keyframes=75
[action][watch] round=678 processed=1, total_processed=273, waiting_keyframes=376
[action][watch] scan round=679
[action] start split=train, total=651
[action] done split=train, processed=0, existing=350, waiting_keyframes=301
[action] start split=val, total=160
[action] done split=val, processed=0, existing=85, waiting_keyframes=75
[action][watch] waiting for new keyframe outputs: pending=376, idle=1s/600s, sleep=30s
[action][watch] scan round=680
[action] start split=train, total=651
[action] done split=train, processed=0, existing=350, waiting_keyframes=301
[action] start split=val, total=160
[action] done split=val, processed=0, existing=85, waiting_keyframes=75
[action][watch] waiting for new keyframe outputs: pending=376, idle=32s/600s, sleep=30s
[action][watch] scan round=681
[action] start split=train, total=651
[action] done split=train, processed=0, existing=350, waiting_keyframes=301
[action] start split=val, total=160
[action] 2019_SA_PF_Daria: using keyframes from keyframe_selector/outputs/fs1000_all_frame_indices/2019_SA_PF_Daria/selected_frame_indices.csv (122 rows)
[action] saved ../FS1000 Dataset/static_resnet50_keyframe_cache/static_resnet50_keyframe_2019_SA_PF_Daria_T122.npy, shape=(122, 2048)
[action] done split=val, processed=1, existing=85, waiting_keyframes=74
[action][watch] round=681 processed=1, total_processed=274, waiting_keyframes=375
[action][watch] scan round=682
[action] start split=train, total=651
[action] done split=train, processed=0, existing=350, waiting_keyframes=301
[action] start split=val, total=160
[action] done split=val, processed=0, existing=86, waiting_keyframes=74
[action][watch] waiting for new keyframe outputs: pending=375, idle=1s/600s, sleep=30s
[action][watch] scan round=683
[action] start split=train, total=651
[action] done split=train, processed=0, existing=350, waiting_keyframes=301
[action] start split=val, total=160
[action] done split=val, processed=0, existing=86, waiting_keyframes=74
[action][watch] waiting for new keyframe outputs: pending=375, idle=32s/600s, sleep=30s
[action][watch] scan round=684
[action] start split=train, total=651
[action] 2019_SA_PF_Ekaterina: using keyframes from keyframe_selector/outputs/fs1000_all_frame_indices/2019_SA_PF_Ekaterina/selected_frame_indices.csv (121 rows)
[action] saved ../FS1000 Dataset/static_resnet50_keyframe_cache/static_resnet50_keyframe_2019_SA_PF_Ekaterina_T121.npy, shape=(121, 2048)
[action] done split=train, processed=1, existing=350, waiting_keyframes=300
[action] start split=val, total=160
[action] done split=val, processed=0, existing=86, waiting_keyframes=74
[action][watch] round=684 processed=1, total_processed=275, waiting_keyframes=374
[action][watch] scan round=685
[action] start split=train, total=651
[action] done split=train, processed=0, existing=351, waiting_keyframes=300
[action] start split=val, total=160
[action] done split=val, processed=0, existing=86, waiting_keyframes=74
[action][watch] waiting for new keyframe outputs: pending=374, idle=1s/600s, sleep=30s
[action][watch] scan round=686
[action] start split=train, total=651
[action] done split=train, processed=0, existing=351, waiting_keyframes=300
[action] start split=val, total=160
[action] done split=val, processed=0, existing=86, waiting_keyframes=74
[action][watch] waiting for new keyframe outputs: pending=374, idle=32s/600s, sleep=30s
[action][watch] scan round=687
[action] start split=train, total=651
[action] 2019_SA_PF_Haven: using keyframes from keyframe_selector/outputs/fs1000_all_frame_indices/2019_SA_PF_Haven/selected_frame_indices.csv (120 rows)
[action] saved ../FS1000 Dataset/static_resnet50_keyframe_cache/static_resnet50_keyframe_2019_SA_PF_Haven_T120.npy, shape=(120, 2048)
[action] done split=train, processed=1, existing=351, waiting_keyframes=299
[action] start split=val, total=160
[action] done split=val, processed=0, existing=86, waiting_keyframes=74
[action][watch] round=687 processed=1, total_processed=276, waiting_keyframes=373
[action][watch] scan round=688
[action] start split=train, total=651
[action] done split=train, processed=0, existing=352, waiting_keyframes=299
[action] start split=val, total=160
[action] done split=val, processed=0, existing=86, waiting_keyframes=74
[action][watch] waiting for new keyframe outputs: pending=373, idle=1s/600s, sleep=30s
[action][watch] scan round=689
[action] start split=train, total=651
[action] done split=train, processed=0, existing=352, waiting_keyframes=299
[action] start split=val, total=160
[action] done split=val, processed=0, existing=86, waiting_keyframes=74
[action][watch] waiting for new keyframe outputs: pending=373, idle=32s/600s, sleep=30s
[action][watch] scan round=690
[action] start split=train, total=651
[action] done split=train, processed=0, existing=352, waiting_keyframes=299
[action] start split=val, total=160
[action] done split=val, processed=0, existing=86, waiting_keyframes=74
[action][watch] waiting for new keyframe outputs: pending=373, idle=63s/600s, sleep=30s
[action][watch] scan round=691
[action] start split=train, total=651
[action] done split=train, processed=0, existing=352, waiting_keyframes=299
[action] start split=val, total=160
[action] 2019_SA_PF_Jessica: using keyframes from keyframe_selector/outputs/fs1000_all_frame_indices/2019_SA_PF_Jessica/selected_frame_indices.csv (122 rows)
[action] saved ../FS1000 Dataset/static_resnet50_keyframe_cache/static_resnet50_keyframe_2019_SA_PF_Jessica_T122.npy, shape=(122, 2048)
[action] done split=val, processed=1, existing=86, waiting_keyframes=73
[action][watch] round=691 processed=1, total_processed=277, waiting_keyframes=372
[action][watch] scan round=692
[action] start split=train, total=651
[action] done split=train, processed=0, existing=352, waiting_keyframes=299
[action] start split=val, total=160
[action] done split=val, processed=0, existing=87, waiting_keyframes=73
[action][watch] waiting for new keyframe outputs: pending=372, idle=1s/600s, sleep=30s
[action][watch] scan round=693
[action] start split=train, total=651
[action] done split=train, processed=0, existing=352, waiting_keyframes=299
[action] start split=val, total=160
[action] done split=val, processed=0, existing=87, waiting_keyframes=73
[action][watch] waiting for new keyframe outputs: pending=372, idle=31s/600s, sleep=30s
[action][watch] scan round=694
[action] start split=train, total=651
[action] 2019_SA_PF_Zoe: using keyframes from keyframe_selector/outputs/fs1000_all_frame_indices/2019_SA_PF_Zoe/selected_frame_indices.csv (121 rows)
[action] saved ../FS1000 Dataset/static_resnet50_keyframe_cache/static_resnet50_keyframe_2019_SA_PF_Zoe_T121.npy, shape=(121, 2048)
[action] done split=train, processed=1, existing=352, waiting_keyframes=298
[action] start split=val, total=160
[action] done split=val, processed=0, existing=87, waiting_keyframes=73
[action][watch] round=694 processed=1, total_processed=278, waiting_keyframes=371
[action][watch] scan round=695
[action] start split=train, total=651
[action] done split=train, processed=0, existing=353, waiting_keyframes=298
[action] start split=val, total=160
[action] done split=val, processed=0, existing=87, waiting_keyframes=73
[action][watch] waiting for new keyframe outputs: pending=371, idle=1s/600s, sleep=30s
[action][watch] scan round=696
[action] start split=train, total=651
[action] 2019_SA_PS_Ashley_Timothy: using keyframes from keyframe_selector/outputs/fs1000_all_frame_indices/2019_SA_PS_Ashley_Timothy/selected_frame_indices.csv (85 rows)
[action] saved ../FS1000 Dataset/static_resnet50_keyframe_cache/static_resnet50_keyframe_2019_SA_PS_Ashley_Timothy_T85.npy, shape=(85, 2048)
[action] done split=train, processed=1, existing=353, waiting_keyframes=297
[action] start split=val, total=160
[action] done split=val, processed=0, existing=87, waiting_keyframes=73
[action][watch] round=696 processed=1, total_processed=279, waiting_keyframes=370
[action][watch] scan round=697
[action] start split=train, total=651
[action] done split=train, processed=0, existing=354, waiting_keyframes=297
[action] start split=val, total=160
[action] done split=val, processed=0, existing=87, waiting_keyframes=73
[action][watch] waiting for new keyframe outputs: pending=370, idle=1s/600s, sleep=30s
[action][watch] scan round=698
[action] start split=train, total=651
[action] done split=train, processed=0, existing=354, waiting_keyframes=297
[action] start split=val, total=160
[action] done split=val, processed=0, existing=87, waiting_keyframes=73
[action][watch] waiting for new keyframe outputs: pending=370, idle=32s/600s, sleep=30s
[action][watch] scan round=699
[action] start split=train, total=651
[action] 2019_SA_PS_Camille_Andrew: using keyframes from keyframe_selector/outputs/fs1000_all_frame_indices/2019_SA_PS_Camille_Andrew/selected_frame_indices.csv (85 rows)
[action] saved ../FS1000 Dataset/static_resnet50_keyframe_cache/static_resnet50_keyframe_2019_SA_PS_Camille_Andrew_T85.npy, shape=(85, 2048)
[action] done split=train, processed=1, existing=354, waiting_keyframes=296
[action] start split=val, total=160
[action] done split=val, processed=0, existing=87, waiting_keyframes=73
[action][watch] round=699 processed=1, total_processed=280, waiting_keyframes=369
[action][watch] scan round=700
[action] start split=train, total=651
[action] done split=train, processed=0, existing=355, waiting_keyframes=296
[action] start split=val, total=160
[action] done split=val, processed=0, existing=87, waiting_keyframes=73
[action][watch] waiting for new keyframe outputs: pending=369, idle=1s/600s, sleep=30s
[action][watch] scan round=701
[action] start split=train, total=651
[action] 2019_SA_PS_Cheng_Yang: using keyframes from keyframe_selector/outputs/fs1000_all_frame_indices/2019_SA_PS_Cheng_Yang/selected_frame_indices.csv (84 rows)
[action] saved ../FS1000 Dataset/static_resnet50_keyframe_cache/static_resnet50_keyframe_2019_SA_PS_Cheng_Yang_T84.npy, shape=(84, 2048)
[action] done split=train, processed=1, existing=355, waiting_keyframes=295
[action] start split=val, total=160
[action] done split=val, processed=0, existing=87, waiting_keyframes=73
[action][watch] round=701 processed=1, total_processed=281, waiting_keyframes=368
[action][watch] scan round=702
[action] start split=train, total=651
[action] done split=train, processed=0, existing=356, waiting_keyframes=295
[action] start split=val, total=160
[action] done split=val, processed=0, existing=87, waiting_keyframes=73
[action][watch] waiting for new keyframe outputs: pending=368, idle=1s/600s, sleep=30s
[action][watch] scan round=703
[action] start split=train, total=651
[action] done split=train, processed=0, existing=356, waiting_keyframes=295
[action] start split=val, total=160
[action] done split=val, processed=0, existing=87, waiting_keyframes=73
[action][watch] waiting for new keyframe outputs: pending=368, idle=31s/600s, sleep=30s
[action][watch] scan round=704
[action] start split=train, total=651
[action] 2019_SA_PS_Daria_Denis: using keyframes from keyframe_selector/outputs/fs1000_all_frame_indices/2019_SA_PS_Daria_Denis/selected_frame_indices.csv (84 rows)
[action] saved ../FS1000 Dataset/static_resnet50_keyframe_cache/static_resnet50_keyframe_2019_SA_PS_Daria_Denis_T84.npy, shape=(84, 2048)
[action] done split=train, processed=1, existing=356, waiting_keyframes=294
[action] start split=val, total=160
[action] done split=val, processed=0, existing=87, waiting_keyframes=73
[action][watch] round=704 processed=1, total_processed=282, waiting_keyframes=367
[action][watch] scan round=705
[action] start split=train, total=651
[action] done split=train, processed=0, existing=357, waiting_keyframes=294
[action] start split=val, total=160
[action] done split=val, processed=0, existing=87, waiting_keyframes=73
[action][watch] waiting for new keyframe outputs: pending=367, idle=1s/600s, sleep=30s
[action][watch] scan round=706
[action] start split=train, total=651
[action] done split=train, processed=0, existing=357, waiting_keyframes=294
[action] start split=val, total=160
[action] done split=val, processed=0, existing=87, waiting_keyframes=73
[action][watch] waiting for new keyframe outputs: pending=367, idle=32s/600s, sleep=30s
[action][watch] scan round=707
[action] start split=train, total=651
[action] done split=train, processed=0, existing=357, waiting_keyframes=294
[action] start split=val, total=160
[action] 2019_SA_PS_Ekaterina_Harley: using keyframes from keyframe_selector/outputs/fs1000_all_frame_indices/2019_SA_PS_Ekaterina_Harley/selected_frame_indices.csv (85 rows)
[action] saved ../FS1000 Dataset/static_resnet50_keyframe_cache/static_resnet50_keyframe_2019_SA_PS_Ekaterina_Harley_T85.npy, shape=(85, 2048)
[action] done split=val, processed=1, existing=87, waiting_keyframes=72
[action][watch] round=707 processed=1, total_processed=283, waiting_keyframes=366
[action][watch] scan round=708
[action] start split=train, total=651
[action] done split=train, processed=0, existing=357, waiting_keyframes=294
[action] start split=val, total=160
[action] done split=val, processed=0, existing=88, waiting_keyframes=72
[action][watch] waiting for new keyframe outputs: pending=366, idle=1s/600s, sleep=30s
[action][watch] scan round=709
[action] start split=train, total=651
[action] 2019_SA_PS_Haven_Brandon: using keyframes from keyframe_selector/outputs/fs1000_all_frame_indices/2019_SA_PS_Haven_Brandon/selected_frame_indices.csv (83 rows)
[action] saved ../FS1000 Dataset/static_resnet50_keyframe_cache/static_resnet50_keyframe_2019_SA_PS_Haven_Brandon_T83.npy, shape=(83, 2048)
[action] done split=train, processed=1, existing=357, waiting_keyframes=293
[action] start split=val, total=160
[action] done split=val, processed=0, existing=88, waiting_keyframes=72
[action][watch] round=709 processed=1, total_processed=284, waiting_keyframes=365
[action][watch] scan round=710
[action] start split=train, total=651
[action] done split=train, processed=0, existing=358, waiting_keyframes=293
[action] start split=val, total=160
[action] done split=val, processed=0, existing=88, waiting_keyframes=72
[action][watch] waiting for new keyframe outputs: pending=365, idle=1s/600s, sleep=30s
[action][watch] scan round=711
[action] start split=train, total=651
[action] done split=train, processed=0, existing=358, waiting_keyframes=293
[action] start split=val, total=160
[action] done split=val, processed=0, existing=88, waiting_keyframes=72
[action][watch] waiting for new keyframe outputs: pending=365, idle=32s/600s, sleep=30s
[action][watch] scan round=712
[action] start split=train, total=651
[action] 2019_SA_PS_Jessica_Brain: using keyframes from keyframe_selector/outputs/fs1000_all_frame_indices/2019_SA_PS_Jessica_Brain/selected_frame_indices.csv (90 rows)
[action] saved ../FS1000 Dataset/static_resnet50_keyframe_cache/static_resnet50_keyframe_2019_SA_PS_Jessica_Brain_T90.npy, shape=(90, 2048)
[action] done split=train, processed=1, existing=358, waiting_keyframes=292
[action] start split=val, total=160
[action] done split=val, processed=0, existing=88, waiting_keyframes=72
[action][watch] round=712 processed=1, total_processed=285, waiting_keyframes=364
[action][watch] scan round=713
[action] start split=train, total=651
[action] done split=train, processed=0, existing=359, waiting_keyframes=292
[action] start split=val, total=160
[action] done split=val, processed=0, existing=88, waiting_keyframes=72
[action][watch] waiting for new keyframe outputs: pending=364, idle=1s/600s, sleep=30s
[action][watch] scan round=714
[action] start split=train, total=651
[action] done split=train, processed=0, existing=359, waiting_keyframes=292
[action] start split=val, total=160
[action] done split=val, processed=0, existing=88, waiting_keyframes=72
[action][watch] waiting for new keyframe outputs: pending=364, idle=32s/600s, sleep=30s
[action][watch] scan round=715
[action] start split=train, total=651
[action] done split=train, processed=0, existing=359, waiting_keyframes=292
[action] start split=val, total=160
[action] 2019_SA_PS_Zoe_Christopher: using keyframes from keyframe_selector/outputs/fs1000_all_frame_indices/2019_SA_PS_Zoe_Christopher/selected_frame_indices.csv (86 rows)
[action] saved ../FS1000 Dataset/static_resnet50_keyframe_cache/static_resnet50_keyframe_2019_SA_PS_Zoe_Christopher_T86.npy, shape=(86, 2048)
[action] done split=val, processed=1, existing=88, waiting_keyframes=71
[action][watch] round=715 processed=1, total_processed=286, waiting_keyframes=363
[action][watch] scan round=716
[action] start split=train, total=651
[action] done split=train, processed=0, existing=359, waiting_keyframes=292
[action] start split=val, total=160
[action] done split=val, processed=0, existing=89, waiting_keyframes=71
[action][watch] waiting for new keyframe outputs: pending=363, idle=1s/600s, sleep=30s
[action][watch] scan round=717
[action] start split=train, total=651
[action] 2019_SE_IR_Adelina_Louis: using keyframes from keyframe_selector/outputs/fs1000_all_frame_indices/2019_SE_IR_Adelina_Louis/selected_frame_indices.csv (88 rows)
[action] saved ../FS1000 Dataset/static_resnet50_keyframe_cache/static_resnet50_keyframe_2019_SE_IR_Adelina_Louis_T88.npy, shape=(88, 2048)
[action] done split=train, processed=1, existing=359, waiting_keyframes=291
[action] start split=val, total=160
[action] done split=val, processed=0, existing=89, waiting_keyframes=71
[action][watch] round=717 processed=1, total_processed=287, waiting_keyframes=362
[action][watch] scan round=718
[action] start split=train, total=651
[action] done split=train, processed=0, existing=360, waiting_keyframes=291
[action] start split=val, total=160
[action] done split=val, processed=0, existing=89, waiting_keyframes=71
[action][watch] waiting for new keyframe outputs: pending=362, idle=1s/600s, sleep=30s
[action][watch] scan round=719
[action] start split=train, total=651
[action] done split=train, processed=0, existing=360, waiting_keyframes=291
[action] start split=val, total=160
[action] done split=val, processed=0, existing=89, waiting_keyframes=71
[action][watch] waiting for new keyframe outputs: pending=362, idle=32s/600s, sleep=30s
[action][watch] scan round=720
[action] start split=train, total=651
[action] 2019_SE_IR_Alexandra_Lvan: using keyframes from keyframe_selector/outputs/fs1000_all_frame_indices/2019_SE_IR_Alexandra_Lvan/selected_frame_indices.csv (88 rows)
[action] saved ../FS1000 Dataset/static_resnet50_keyframe_cache/static_resnet50_keyframe_2019_SE_IR_Alexandra_Lvan_T88.npy, shape=(88, 2048)
[action] done split=train, processed=1, existing=360, waiting_keyframes=290
[action] start split=val, total=160
[action] done split=val, processed=0, existing=89, waiting_keyframes=71
[action][watch] round=720 processed=1, total_processed=288, waiting_keyframes=361
[action][watch] scan round=721
[action] start split=train, total=651
[action] done split=train, processed=0, existing=361, waiting_keyframes=290
[action] start split=val, total=160
[action] done split=val, processed=0, existing=89, waiting_keyframes=71
[action][watch] waiting for new keyframe outputs: pending=361, idle=1s/600s, sleep=30s
[action][watch] scan round=722
[action] start split=train, total=651
[action] done split=train, processed=0, existing=361, waiting_keyframes=290
[action] start split=val, total=160
[action] done split=val, processed=0, existing=89, waiting_keyframes=71
[action][watch] waiting for new keyframe outputs: pending=361, idle=32s/600s, sleep=30s
[action][watch] scan round=723
[action] start split=train, total=651
[action] 2019_SE_IR_Allison_Saulius: using keyframes from keyframe_selector/outputs/fs1000_all_frame_indices/2019_SE_IR_Allison_Saulius/selected_frame_indices.csv (88 rows)
[action] saved ../FS1000 Dataset/static_resnet50_keyframe_cache/static_resnet50_keyframe_2019_SE_IR_Allison_Saulius_T88.npy, shape=(88, 2048)
[action] done split=train, processed=1, existing=361, waiting_keyframes=289
[action] start split=val, total=160
[action] done split=val, processed=0, existing=89, waiting_keyframes=71
[action][watch] round=723 processed=1, total_processed=289, waiting_keyframes=360
[action][watch] scan round=724
[action] start split=train, total=651
[action] done split=train, processed=0, existing=362, waiting_keyframes=289
[action] start split=val, total=160
[action] done split=val, processed=0, existing=89, waiting_keyframes=71
[action][watch] waiting for new keyframe outputs: pending=360, idle=1s/600s, sleep=30s
[action][watch] scan round=725
[action] start split=train, total=651
[action] done split=train, processed=0, existing=362, waiting_keyframes=289
[action] start split=val, total=160
[action] done split=val, processed=0, existing=89, waiting_keyframes=71
[action][watch] waiting for new keyframe outputs: pending=360, idle=31s/600s, sleep=30s
[action][watch] scan round=726
[action] start split=train, total=651
[action] 2019_SE_IR_Anna_Adam: using keyframes from keyframe_selector/outputs/fs1000_all_frame_indices/2019_SE_IR_Anna_Adam/selected_frame_indices.csv (84 rows)
[action] saved ../FS1000 Dataset/static_resnet50_keyframe_cache/static_resnet50_keyframe_2019_SE_IR_Anna_Adam_T84.npy, shape=(84, 2048)
[action] done split=train, processed=1, existing=362, waiting_keyframes=288
[action] start split=val, total=160
[action] done split=val, processed=0, existing=89, waiting_keyframes=71
[action][watch] round=726 processed=1, total_processed=290, waiting_keyframes=359
[action][watch] scan round=727
[action] start split=train, total=651
[action] done split=train, processed=0, existing=363, waiting_keyframes=288
[action] start split=val, total=160
[action] done split=val, processed=0, existing=89, waiting_keyframes=71
[action][watch] waiting for new keyframe outputs: pending=359, idle=1s/600s, sleep=30s
[action][watch] scan round=728
[action] start split=train, total=651
[action] done split=train, processed=0, existing=363, waiting_keyframes=288
[action] start split=val, total=160
[action] done split=val, processed=0, existing=89, waiting_keyframes=71
[action][watch] waiting for new keyframe outputs: pending=359, idle=32s/600s, sleep=30s
[action][watch] scan round=729
[action] start split=train, total=651
[action] 2019_SE_IR_Anna_Yuri: using keyframes from keyframe_selector/outputs/fs1000_all_frame_indices/2019_SE_IR_Anna_Yuri/selected_frame_indices.csv (88 rows)
[action] saved ../FS1000 Dataset/static_resnet50_keyframe_cache/static_resnet50_keyframe_2019_SE_IR_Anna_Yuri_T88.npy, shape=(88, 2048)
[action] done split=train, processed=1, existing=363, waiting_keyframes=287
[action] start split=val, total=160
[action] done split=val, processed=0, existing=89, waiting_keyframes=71
[action][watch] round=729 processed=1, total_processed=291, waiting_keyframes=358
[action][watch] scan round=730
[action] start split=train, total=651
[action] done split=train, processed=0, existing=364, waiting_keyframes=287
[action] start split=val, total=160
[action] done split=val, processed=0, existing=89, waiting_keyframes=71
[action][watch] waiting for new keyframe outputs: pending=358, idle=1s/600s, sleep=30s
[action][watch] scan round=731
[action] start split=train, total=651
[action] done split=train, processed=0, existing=364, waiting_keyframes=287
[action] start split=val, total=160
[action] done split=val, processed=0, existing=89, waiting_keyframes=71
[action][watch] waiting for new keyframe outputs: pending=358, idle=32s/600s, sleep=30s
[action][watch] scan round=732
[action] start split=train, total=651
[action] 2019_SE_IR_Carolina_Andrea: using keyframes from keyframe_selector/outputs/fs1000_all_frame_indices/2019_SE_IR_Carolina_Andrea/selected_frame_indices.csv (86 rows)
[action] saved ../FS1000 Dataset/static_resnet50_keyframe_cache/static_resnet50_keyframe_2019_SE_IR_Carolina_Andrea_T86.npy, shape=(86, 2048)
[action] done split=train, processed=1, existing=364, waiting_keyframes=286
[action] start split=val, total=160
[action] done split=val, processed=0, existing=89, waiting_keyframes=71
[action][watch] round=732 processed=1, total_processed=292, waiting_keyframes=357
[action][watch] scan round=733
[action] start split=train, total=651
[action] done split=train, processed=0, existing=365, waiting_keyframes=286
[action] start split=val, total=160
[action] done split=val, processed=0, existing=89, waiting_keyframes=71
[action][watch] waiting for new keyframe outputs: pending=357, idle=1s/600s, sleep=30s
[action][watch] scan round=734
[action] start split=train, total=651
[action] done split=train, processed=0, existing=365, waiting_keyframes=286
[action] start split=val, total=160
[action] done split=val, processed=0, existing=89, waiting_keyframes=71
[action][watch] waiting for new keyframe outputs: pending=357, idle=31s/600s, sleep=30s
[action][watch] scan round=735
[action] start split=train, total=651
[action] 2019_SE_IR_Charlene_Marco: using keyframes from keyframe_selector/outputs/fs1000_all_frame_indices/2019_SE_IR_Charlene_Marco/selected_frame_indices.csv (88 rows)
[action] saved ../FS1000 Dataset/static_resnet50_keyframe_cache/static_resnet50_keyframe_2019_SE_IR_Charlene_Marco_T88.npy, shape=(88, 2048)
[action] done split=train, processed=1, existing=365, waiting_keyframes=285
[action] start split=val, total=160
[action] done split=val, processed=0, existing=89, waiting_keyframes=71
[action][watch] round=735 processed=1, total_processed=293, waiting_keyframes=356
[action][watch] scan round=736
[action] start split=train, total=651
[action] done split=train, processed=0, existing=366, waiting_keyframes=285
[action] start split=val, total=160
[action] done split=val, processed=0, existing=89, waiting_keyframes=71
[action][watch] waiting for new keyframe outputs: pending=356, idle=1s/600s, sleep=30s
[action][watch] scan round=737
[action] start split=train, total=651
[action] 2019_SE_IR_Darya_Volodymyr: using keyframes from keyframe_selector/outputs/fs1000_all_frame_indices/2019_SE_IR_Darya_Volodymyr/selected_frame_indices.csv (83 rows)
[action] saved ../FS1000 Dataset/static_resnet50_keyframe_cache/static_resnet50_keyframe_2019_SE_IR_Darya_Volodymyr_T83.npy, shape=(83, 2048)
[action] done split=train, processed=1, existing=366, waiting_keyframes=284
[action] start split=val, total=160
[action] done split=val, processed=0, existing=89, waiting_keyframes=71
[action][watch] round=737 processed=1, total_processed=294, waiting_keyframes=355
[action][watch] scan round=738
[action] start split=train, total=651
[action] done split=train, processed=0, existing=367, waiting_keyframes=284
[action] start split=val, total=160
[action] done split=val, processed=0, existing=89, waiting_keyframes=71
[action][watch] waiting for new keyframe outputs: pending=355, idle=1s/600s, sleep=30s
[action][watch] scan round=739
[action] start split=train, total=651
[action] done split=train, processed=0, existing=367, waiting_keyframes=284
[action] start split=val, total=160
[action] done split=val, processed=0, existing=89, waiting_keyframes=71
[action][watch] waiting for new keyframe outputs: pending=355, idle=32s/600s, sleep=30s
[action][watch] scan round=740
[action] start split=train, total=651
[action] 2019_SE_IR_Gabriella_Guillaume: using keyframes from keyframe_selector/outputs/fs1000_all_frame_indices/2019_SE_IR_Gabriella_Guillaume/selected_frame_indices.csv (83 rows)
[action] saved ../FS1000 Dataset/static_resnet50_keyframe_cache/static_resnet50_keyframe_2019_SE_IR_Gabriella_Guillaume_T83.npy, shape=(83, 2048)
[action] done split=train, processed=1, existing=367, waiting_keyframes=283
[action] start split=val, total=160
[action] done split=val, processed=0, existing=89, waiting_keyframes=71
[action][watch] round=740 processed=1, total_processed=295, waiting_keyframes=354
[action][watch] scan round=741
[action] start split=train, total=651
[action] done split=train, processed=0, existing=368, waiting_keyframes=283
[action] start split=val, total=160
[action] done split=val, processed=0, existing=89, waiting_keyframes=71
[action][watch] waiting for new keyframe outputs: pending=354, idle=1s/600s, sleep=30s
[action][watch] scan round=742
[action] start split=train, total=651
[action] done split=train, processed=0, existing=368, waiting_keyframes=283
[action] start split=val, total=160
[action] done split=val, processed=0, existing=89, waiting_keyframes=71
[action][watch] waiting for new keyframe outputs: pending=354, idle=31s/600s, sleep=30s
[action][watch] scan round=743
[action] start split=train, total=651
[action] 2019_SE_IR_Jasmine_Francesco: using keyframes from keyframe_selector/outputs/fs1000_all_frame_indices/2019_SE_IR_Jasmine_Francesco/selected_frame_indices.csv (86 rows)
[action] saved ../FS1000 Dataset/static_resnet50_keyframe_cache/static_resnet50_keyframe_2019_SE_IR_Jasmine_Francesco_T86.npy, shape=(86, 2048)
[action] done split=train, processed=1, existing=368, waiting_keyframes=282
[action] start split=val, total=160
[action] done split=val, processed=0, existing=89, waiting_keyframes=71
[action][watch] round=743 processed=1, total_processed=296, waiting_keyframes=353
[action][watch] scan round=744
[action] start split=train, total=651
[action] done split=train, processed=0, existing=369, waiting_keyframes=282
[action] start split=val, total=160
[action] done split=val, processed=0, existing=89, waiting_keyframes=71
[action][watch] waiting for new keyframe outputs: pending=353, idle=1s/600s, sleep=30s
[action][watch] scan round=745
[action] start split=train, total=651
[action] done split=train, processed=0, existing=369, waiting_keyframes=282
[action] start split=val, total=160
[action] done split=val, processed=0, existing=89, waiting_keyframes=71
[action][watch] waiting for new keyframe outputs: pending=353, idle=32s/600s, sleep=30s
[action][watch] scan round=746
[action] start split=train, total=651
[action] 2019_SE_IR_Justyna_Jeremie: using keyframes from keyframe_selector/outputs/fs1000_all_frame_indices/2019_SE_IR_Justyna_Jeremie/selected_frame_indices.csv (84 rows)
[action] saved ../FS1000 Dataset/static_resnet50_keyframe_cache/static_resnet50_keyframe_2019_SE_IR_Justyna_Jeremie_T84.npy, shape=(84, 2048)
[action] done split=train, processed=1, existing=369, waiting_keyframes=281
[action] start split=val, total=160
[action] done split=val, processed=0, existing=89, waiting_keyframes=71
[action][watch] round=746 processed=1, total_processed=297, waiting_keyframes=352
[action][watch] scan round=747
[action] start split=train, total=651
[action] done split=train, processed=0, existing=370, waiting_keyframes=281
[action] start split=val, total=160
[action] done split=val, processed=0, existing=89, waiting_keyframes=71
[action][watch] waiting for new keyframe outputs: pending=352, idle=1s/600s, sleep=30s
[action][watch] scan round=748
[action] start split=train, total=651
[action] done split=train, processed=0, existing=370, waiting_keyframes=281
[action] start split=val, total=160
[action] done split=val, processed=0, existing=89, waiting_keyframes=71
[action][watch] waiting for new keyframe outputs: pending=352, idle=32s/600s, sleep=30s
[action][watch] scan round=749
[action] start split=train, total=651
[action] done split=train, processed=0, existing=370, waiting_keyframes=281
[action] start split=val, total=160
[action] 2019_SE_IR_Juulia_Matthias: using keyframes from keyframe_selector/outputs/fs1000_all_frame_indices/2019_SE_IR_Juulia_Matthias/selected_frame_indices.csv (88 rows)
[action] saved ../FS1000 Dataset/static_resnet50_keyframe_cache/static_resnet50_keyframe_2019_SE_IR_Juulia_Matthias_T88.npy, shape=(88, 2048)
[action] done split=val, processed=1, existing=89, waiting_keyframes=70
[action][watch] round=749 processed=1, total_processed=298, waiting_keyframes=351
[action][watch] scan round=750
[action] start split=train, total=651
[action] done split=train, processed=0, existing=370, waiting_keyframes=281
[action] start split=val, total=160
[action] done split=val, processed=0, existing=90, waiting_keyframes=70
[action][watch] waiting for new keyframe outputs: pending=351, idle=2s/600s, sleep=30s
[action][watch] scan round=751
[action] start split=train, total=651
[action] 2019_SE_IR_Katerina_German: using keyframes from keyframe_selector/outputs/fs1000_all_frame_indices/2019_SE_IR_Katerina_German/selected_frame_indices.csv (87 rows)
[action] saved ../FS1000 Dataset/static_resnet50_keyframe_cache/static_resnet50_keyframe_2019_SE_IR_Katerina_German_T87.npy, shape=(87, 2048)
[action] done split=train, processed=1, existing=370, waiting_keyframes=280
[action] start split=val, total=160
[action] done split=val, processed=0, existing=90, waiting_keyframes=70
[action][watch] round=751 processed=1, total_processed=299, waiting_keyframes=350
[action][watch] scan round=752
[action] start split=train, total=651
[action] done split=train, processed=0, existing=371, waiting_keyframes=280
[action] start split=val, total=160
[action] done split=val, processed=0, existing=90, waiting_keyframes=70
[action][watch] waiting for new keyframe outputs: pending=350, idle=1s/600s, sleep=30s
[action][watch] scan round=753
[action] start split=train, total=651
[action] done split=train, processed=0, existing=371, waiting_keyframes=280
[action] start split=val, total=160
[action] done split=val, processed=0, existing=90, waiting_keyframes=70
[action][watch] waiting for new keyframe outputs: pending=350, idle=32s/600s, sleep=30s
[action][watch] scan round=754
[action] start split=train, total=651
[action] done split=train, processed=0, existing=371, waiting_keyframes=280
[action] start split=val, total=160
[action] 2019_SE_IR_Lilah_Lewis: using keyframes from keyframe_selector/outputs/fs1000_all_frame_indices/2019_SE_IR_Lilah_Lewis/selected_frame_indices.csv (85 rows)
[action] saved ../FS1000 Dataset/static_resnet50_keyframe_cache/static_resnet50_keyframe_2019_SE_IR_Lilah_Lewis_T85.npy, shape=(85, 2048)
[action] done split=val, processed=1, existing=90, waiting_keyframes=69
[action][watch] round=754 processed=1, total_processed=300, waiting_keyframes=349
[action][watch] scan round=755
[action] start split=train, total=651
[action] done split=train, processed=0, existing=371, waiting_keyframes=280
[action] start split=val, total=160
[action] done split=val, processed=0, existing=91, waiting_keyframes=69
[action][watch] waiting for new keyframe outputs: pending=349, idle=1s/600s, sleep=30s
[action][watch] scan round=756
[action] start split=train, total=651
[action] done split=train, processed=0, existing=371, waiting_keyframes=280
[action] start split=val, total=160
[action] done split=val, processed=0, existing=91, waiting_keyframes=69
[action][watch] waiting for new keyframe outputs: pending=349, idle=32s/600s, sleep=30s
[action][watch] scan round=757
[action] start split=train, total=651
[action] done split=train, processed=0, existing=371, waiting_keyframes=280
[action] start split=val, total=160
[action] 2019_SE_IR_Marie_Romain: using keyframes from keyframe_selector/outputs/fs1000_all_frame_indices/2019_SE_IR_Marie_Romain/selected_frame_indices.csv (87 rows)
[action] saved ../FS1000 Dataset/static_resnet50_keyframe_cache/static_resnet50_keyframe_2019_SE_IR_Marie_Romain_T87.npy, shape=(87, 2048)
[action] done split=val, processed=1, existing=91, waiting_keyframes=68
[action][watch] round=757 processed=1, total_processed=301, waiting_keyframes=348
[action][watch] scan round=758
[action] start split=train, total=651
[action] done split=train, processed=0, existing=371, waiting_keyframes=280
[action] start split=val, total=160
[action] done split=val, processed=0, existing=92, waiting_keyframes=68
[action][watch] waiting for new keyframe outputs: pending=348, idle=1s/600s, sleep=30s
[action][watch] scan round=759
[action] start split=train, total=651
[action] done split=train, processed=0, existing=371, waiting_keyframes=280
[action] start split=val, total=160
[action] 2019_SE_IR_Natalia_Maksym: using keyframes from keyframe_selector/outputs/fs1000_all_frame_indices/2019_SE_IR_Natalia_Maksym/selected_frame_indices.csv (87 rows)
[action] saved ../FS1000 Dataset/static_resnet50_keyframe_cache/static_resnet50_keyframe_2019_SE_IR_Natalia_Maksym_T87.npy, shape=(87, 2048)
[action] done split=val, processed=1, existing=92, waiting_keyframes=67
[action][watch] round=759 processed=1, total_processed=302, waiting_keyframes=347
[action][watch] scan round=760
[action] start split=train, total=651
[action] done split=train, processed=0, existing=371, waiting_keyframes=280
[action] start split=val, total=160
[action] done split=val, processed=0, existing=93, waiting_keyframes=67
[action][watch] waiting for new keyframe outputs: pending=347, idle=1s/600s, sleep=30s
[action][watch] scan round=761
[action] start split=train, total=651
[action] done split=train, processed=0, existing=371, waiting_keyframes=280
[action] start split=val, total=160
[action] done split=val, processed=0, existing=93, waiting_keyframes=67
[action][watch] waiting for new keyframe outputs: pending=347, idle=32s/600s, sleep=30s
[action][watch] scan round=762
[action] start split=train, total=651
[action] 2019_SE_IR_Olivia_Adrian: using keyframes from keyframe_selector/outputs/fs1000_all_frame_indices/2019_SE_IR_Olivia_Adrian/selected_frame_indices.csv (88 rows)
[action] saved ../FS1000 Dataset/static_resnet50_keyframe_cache/static_resnet50_keyframe_2019_SE_IR_Olivia_Adrian_T88.npy, shape=(88, 2048)
[action] done split=train, processed=1, existing=371, waiting_keyframes=279
[action] start split=val, total=160
[action] done split=val, processed=0, existing=93, waiting_keyframes=67
[action][watch] round=762 processed=1, total_processed=303, waiting_keyframes=346
[action][watch] scan round=763
[action] start split=train, total=651
[action] done split=train, processed=0, existing=372, waiting_keyframes=279
[action] start split=val, total=160
[action] done split=val, processed=0, existing=93, waiting_keyframes=67
[action][watch] waiting for new keyframe outputs: pending=346, idle=1s/600s, sleep=30s
[action][watch] scan round=764
[action] start split=train, total=651
[action] done split=train, processed=0, existing=372, waiting_keyframes=279
[action] start split=val, total=160
[action] done split=val, processed=0, existing=93, waiting_keyframes=67
[action][watch] waiting for new keyframe outputs: pending=346, idle=32s/600s, sleep=30s
[action][watch] scan round=765
[action] start split=train, total=651
[action] 2019_SE_IR_Robynne_Joseph: using keyframes from keyframe_selector/outputs/fs1000_all_frame_indices/2019_SE_IR_Robynne_Joseph/selected_frame_indices.csv (88 rows)
[action] saved ../FS1000 Dataset/static_resnet50_keyframe_cache/static_resnet50_keyframe_2019_SE_IR_Robynne_Joseph_T88.npy, shape=(88, 2048)
[action] done split=train, processed=1, existing=372, waiting_keyframes=278
[action] start split=val, total=160
[action] done split=val, processed=0, existing=93, waiting_keyframes=67
[action][watch] round=765 processed=1, total_processed=304, waiting_keyframes=345
[action][watch] scan round=766
[action] start split=train, total=651
[action] done split=train, processed=0, existing=373, waiting_keyframes=278
[action] start split=val, total=160
[action] done split=val, processed=0, existing=93, waiting_keyframes=67
[action][watch] waiting for new keyframe outputs: pending=345, idle=1s/600s, sleep=30s
[action][watch] scan round=767
[action] start split=train, total=651
[action] done split=train, processed=0, existing=373, waiting_keyframes=278
[action] start split=val, total=160
[action] done split=val, processed=0, existing=93, waiting_keyframes=67
[action][watch] waiting for new keyframe outputs: pending=345, idle=32s/600s, sleep=30s
[action][watch] scan round=768
[action] start split=train, total=651
[action] done split=train, processed=0, existing=373, waiting_keyframes=278
[action] start split=val, total=160
[action] 2019_SE_IR_Sara_Kirill: using keyframes from keyframe_selector/outputs/fs1000_all_frame_indices/2019_SE_IR_Sara_Kirill/selected_frame_indices.csv (88 rows)
[action] saved ../FS1000 Dataset/static_resnet50_keyframe_cache/static_resnet50_keyframe_2019_SE_IR_Sara_Kirill_T88.npy, shape=(88, 2048)
[action] val: 160/160
[action] done split=val, processed=1, existing=93, waiting_keyframes=66
[action][watch] round=768 processed=1, total_processed=305, waiting_keyframes=344
[action][watch] scan round=769
[action] start split=train, total=651
[action] done split=train, processed=0, existing=373, waiting_keyframes=278
[action] start split=val, total=160
[action] done split=val, processed=0, existing=94, waiting_keyframes=66
[action][watch] waiting for new keyframe outputs: pending=344, idle=1s/600s, sleep=30s
[action][watch] scan round=770
[action] start split=train, total=651
[action] done split=train, processed=0, existing=373, waiting_keyframes=278
[action] start split=val, total=160
[action] done split=val, processed=0, existing=94, waiting_keyframes=66
[action][watch] waiting for new keyframe outputs: pending=344, idle=31s/600s, sleep=30s
[action][watch] scan round=771
[action] start split=train, total=651
[action] 2019_SE_IR_Shari_Christian: using keyframes from keyframe_selector/outputs/fs1000_all_frame_indices/2019_SE_IR_Shari_Christian/selected_frame_indices.csv (89 rows)
[action] saved ../FS1000 Dataset/static_resnet50_keyframe_cache/static_resnet50_keyframe_2019_SE_IR_Shari_Christian_T89.npy, shape=(89, 2048)
[action] done split=train, processed=1, existing=373, waiting_keyframes=277
[action] start split=val, total=160
[action] done split=val, processed=0, existing=94, waiting_keyframes=66
[action][watch] round=771 processed=1, total_processed=306, waiting_keyframes=343
[action][watch] scan round=772
[action] start split=train, total=651
[action] done split=train, processed=0, existing=374, waiting_keyframes=277
[action] start split=val, total=160
[action] done split=val, processed=0, existing=94, waiting_keyframes=66
[action][watch] waiting for new keyframe outputs: pending=343, idle=1s/600s, sleep=30s
[action][watch] scan round=773
[action] start split=train, total=651
[action] done split=train, processed=0, existing=374, waiting_keyframes=277
[action] start split=val, total=160
[action] done split=val, processed=0, existing=94, waiting_keyframes=66
[action][watch] waiting for new keyframe outputs: pending=343, idle=32s/600s, sleep=30s
[action][watch] scan round=774
[action] start split=train, total=651
[action] done split=train, processed=0, existing=374, waiting_keyframes=277
[action] start split=val, total=160
[action] 2019_SE_IR_Shira_Vadim: using keyframes from keyframe_selector/outputs/fs1000_all_frame_indices/2019_SE_IR_Shira_Vadim/selected_frame_indices.csv (87 rows)
[action] saved ../FS1000 Dataset/static_resnet50_keyframe_cache/static_resnet50_keyframe_2019_SE_IR_Shira_Vadim_T87.npy, shape=(87, 2048)
[action] done split=val, processed=1, existing=94, waiting_keyframes=65
[action][watch] round=774 processed=1, total_processed=307, waiting_keyframes=342
[action][watch] scan round=775
[action] start split=train, total=651
[action] done split=train, processed=0, existing=374, waiting_keyframes=277
[action] start split=val, total=160
[action] done split=val, processed=0, existing=95, waiting_keyframes=65
[action][watch] waiting for new keyframe outputs: pending=342, idle=1s/600s, sleep=30s
[action][watch] scan round=776
[action] start split=train, total=651
[action] 2019_SE_IR_Sofia_Egor: using keyframes from keyframe_selector/outputs/fs1000_all_frame_indices/2019_SE_IR_Sofia_Egor/selected_frame_indices.csv (83 rows)
[action] saved ../FS1000 Dataset/static_resnet50_keyframe_cache/static_resnet50_keyframe_2019_SE_IR_Sofia_Egor_T83.npy, shape=(83, 2048)
[action] done split=train, processed=1, existing=374, waiting_keyframes=276
[action] start split=val, total=160
[action] done split=val, processed=0, existing=95, waiting_keyframes=65
[action][watch] round=776 processed=1, total_processed=308, waiting_keyframes=341
[action][watch] scan round=777
[action] start split=train, total=651
[action] done split=train, processed=0, existing=375, waiting_keyframes=276
[action] start split=val, total=160
[action] done split=val, processed=0, existing=95, waiting_keyframes=65
[action][watch] waiting for new keyframe outputs: pending=341, idle=1s/600s, sleep=30s
[action][watch] scan round=778
[action] start split=train, total=651
[action] done split=train, processed=0, existing=375, waiting_keyframes=276
[action] start split=val, total=160
[action] done split=val, processed=0, existing=95, waiting_keyframes=65
[action][watch] waiting for new keyframe outputs: pending=341, idle=31s/600s, sleep=30s
[action][watch] scan round=779
[action] start split=train, total=651
[action] 2019_SE_IR_Teodora_Simon: using keyframes from keyframe_selector/outputs/fs1000_all_frame_indices/2019_SE_IR_Teodora_Simon/selected_frame_indices.csv (84 rows)
[action] saved ../FS1000 Dataset/static_resnet50_keyframe_cache/static_resnet50_keyframe_2019_SE_IR_Teodora_Simon_T84.npy, shape=(84, 2048)
[action] done split=train, processed=1, existing=375, waiting_keyframes=275
[action] start split=val, total=160
[action] done split=val, processed=0, existing=95, waiting_keyframes=65
[action][watch] round=779 processed=1, total_processed=309, waiting_keyframes=340
[action][watch] scan round=780
[action] start split=train, total=651
[action] done split=train, processed=0, existing=376, waiting_keyframes=275
[action] start split=val, total=160
[action] done split=val, processed=0, existing=95, waiting_keyframes=65
[action][watch] waiting for new keyframe outputs: pending=340, idle=1s/600s, sleep=30s
[action][watch] scan round=781
[action] start split=train, total=651
[action] done split=train, processed=0, existing=376, waiting_keyframes=275
[action] start split=val, total=160
[action] done split=val, processed=0, existing=95, waiting_keyframes=65
[action][watch] waiting for new keyframe outputs: pending=340, idle=32s/600s, sleep=30s
[action][watch] scan round=782
[action] start split=train, total=651
[action] 2019_SE_IR_Victoria_Carlo: using keyframes from keyframe_selector/outputs/fs1000_all_frame_indices/2019_SE_IR_Victoria_Carlo/selected_frame_indices.csv (87 rows)
[action] saved ../FS1000 Dataset/static_resnet50_keyframe_cache/static_resnet50_keyframe_2019_SE_IR_Victoria_Carlo_T87.npy, shape=(87, 2048)
[action] done split=train, processed=1, existing=376, waiting_keyframes=274
[action] start split=val, total=160
[action] done split=val, processed=0, existing=95, waiting_keyframes=65
[action][watch] round=782 processed=1, total_processed=310, waiting_keyframes=339
[action][watch] scan round=783
[action] start split=train, total=651
[action] done split=train, processed=0, existing=377, waiting_keyframes=274
[action] start split=val, total=160
[action] done split=val, processed=0, existing=95, waiting_keyframes=65
[action][watch] waiting for new keyframe outputs: pending=339, idle=1s/600s, sleep=30s
[action][watch] scan round=784
[action] start split=train, total=651
[action] done split=train, processed=0, existing=377, waiting_keyframes=274
[action] start split=val, total=160
[action] done split=val, processed=0, existing=95, waiting_keyframes=65
[action][watch] waiting for new keyframe outputs: pending=339, idle=31s/600s, sleep=30s
[action][watch] scan round=785
[action] start split=train, total=651
[action] 2019_SE_IR_Victoria_Nikita: using keyframes from keyframe_selector/outputs/fs1000_all_frame_indices/2019_SE_IR_Victoria_Nikita/selected_frame_indices.csv (85 rows)
[action] saved ../FS1000 Dataset/static_resnet50_keyframe_cache/static_resnet50_keyframe_2019_SE_IR_Victoria_Nikita_T85.npy, shape=(85, 2048)
[action] done split=train, processed=1, existing=377, waiting_keyframes=273
[action] start split=val, total=160
[action] done split=val, processed=0, existing=95, waiting_keyframes=65
[action][watch] round=785 processed=1, total_processed=311, waiting_keyframes=338
[action][watch] scan round=786
[action] start split=train, total=651
[action] done split=train, processed=0, existing=378, waiting_keyframes=273
[action] start split=val, total=160
[action] done split=val, processed=0, existing=95, waiting_keyframes=65
[action][watch] waiting for new keyframe outputs: pending=338, idle=1s/600s, sleep=30s
[action][watch] scan round=787
[action] start split=train, total=651
[action] 2019_SWJ_LF_Alexandra_F: using keyframes from keyframe_selector/outputs/fs1000_all_frame_indices/2019_SWJ_LF_Alexandra_F/selected_frame_indices.csv (109 rows)
[action] saved ../FS1000 Dataset/static_resnet50_keyframe_cache/static_resnet50_keyframe_2019_SWJ_LF_Alexandra_F_T109.npy, shape=(109, 2048)
[action] done split=train, processed=1, existing=378, waiting_keyframes=272
[action] start split=val, total=160
[action] done split=val, processed=0, existing=95, waiting_keyframes=65
[action][watch] round=787 processed=1, total_processed=312, waiting_keyframes=337
[action][watch] scan round=788
[action] start split=train, total=651
[action] done split=train, processed=0, existing=379, waiting_keyframes=272
[action] start split=val, total=160
[action] done split=val, processed=0, existing=95, waiting_keyframes=65
[action][watch] waiting for new keyframe outputs: pending=337, idle=1s/600s, sleep=30s
[action][watch] scan round=789
[action] start split=train, total=651
[action] done split=train, processed=0, existing=379, waiting_keyframes=272
[action] start split=val, total=160
[action] done split=val, processed=0, existing=95, waiting_keyframes=65
[action][watch] waiting for new keyframe outputs: pending=337, idle=31s/600s, sleep=30s
[action][watch] scan round=790
[action] start split=train, total=651
[action] 2019_SWJ_LF_Alexandra_T: using keyframes from keyframe_selector/outputs/fs1000_all_frame_indices/2019_SWJ_LF_Alexandra_T/selected_frame_indices.csv (111 rows)
[action] saved ../FS1000 Dataset/static_resnet50_keyframe_cache/static_resnet50_keyframe_2019_SWJ_LF_Alexandra_T_T111.npy, shape=(111, 2048)
[action] train: 650/651
[action] done split=train, processed=1, existing=379, waiting_keyframes=271
[action] start split=val, total=160
[action] done split=val, processed=0, existing=95, waiting_keyframes=65
[action][watch] round=790 processed=1, total_processed=313, waiting_keyframes=336
[action][watch] scan round=791
[action] start split=train, total=651
[action] done split=train, processed=0, existing=380, waiting_keyframes=271
[action] start split=val, total=160
[action] done split=val, processed=0, existing=95, waiting_keyframes=65
[action][watch] waiting for new keyframe outputs: pending=336, idle=1s/600s, sleep=30s
[action][watch] scan round=792
[action] start split=train, total=651
[action] done split=train, processed=0, existing=380, waiting_keyframes=271
[action] start split=val, total=160
[action] done split=val, processed=0, existing=95, waiting_keyframes=65
[action][watch] waiting for new keyframe outputs: pending=336, idle=32s/600s, sleep=30s
[action][watch] scan round=793
[action] start split=train, total=651
[action] 2019_SWJ_LF_Alina_S: using keyframes from keyframe_selector/outputs/fs1000_all_frame_indices/2019_SWJ_LF_Alina_S/selected_frame_indices.csv (108 rows)
[action] saved ../FS1000 Dataset/static_resnet50_keyframe_cache/static_resnet50_keyframe_2019_SWJ_LF_Alina_S_T108.npy, shape=(108, 2048)
[action] done split=train, processed=1, existing=380, waiting_keyframes=270
[action] start split=val, total=160
[action] done split=val, processed=0, existing=95, waiting_keyframes=65
[action][watch] round=793 processed=1, total_processed=314, waiting_keyframes=335
[action][watch] scan round=794
[action] start split=train, total=651
[action] done split=train, processed=0, existing=381, waiting_keyframes=270
[action] start split=val, total=160
[action] done split=val, processed=0, existing=95, waiting_keyframes=65
[action][watch] waiting for new keyframe outputs: pending=335, idle=1s/600s, sleep=30s
[action][watch] scan round=795
[action] start split=train, total=651
[action] 2019_SWJ_LF_Alina_U: using keyframes from keyframe_selector/outputs/fs1000_all_frame_indices/2019_SWJ_LF_Alina_U/selected_frame_indices.csv (108 rows)
[action] saved ../FS1000 Dataset/static_resnet50_keyframe_cache/static_resnet50_keyframe_2019_SWJ_LF_Alina_U_T108.npy, shape=(108, 2048)
[action] done split=train, processed=1, existing=381, waiting_keyframes=269
[action] start split=val, total=160
[action] done split=val, processed=0, existing=95, waiting_keyframes=65
[action][watch] round=795 processed=1, total_processed=315, waiting_keyframes=334
[action][watch] scan round=796
[action] start split=train, total=651
[action] done split=train, processed=0, existing=382, waiting_keyframes=269
[action] start split=val, total=160
[action] done split=val, processed=0, existing=95, waiting_keyframes=65
[action][watch] waiting for new keyframe outputs: pending=334, idle=1s/600s, sleep=30s
[action][watch] scan round=797
[action] start split=train, total=651
[action] done split=train, processed=0, existing=382, waiting_keyframes=269
[action] start split=val, total=160
[action] done split=val, processed=0, existing=95, waiting_keyframes=65
[action][watch] waiting for new keyframe outputs: pending=334, idle=32s/600s, sleep=30s
[action][watch] scan round=798
[action] start split=train, total=651
[action] done split=train, processed=0, existing=382, waiting_keyframes=269
[action] start split=val, total=160
[action] 2019_SWJ_LF_Alison: using keyframes from keyframe_selector/outputs/fs1000_all_frame_indices/2019_SWJ_LF_Alison/selected_frame_indices.csv (107 rows)
[action] saved ../FS1000 Dataset/static_resnet50_keyframe_cache/static_resnet50_keyframe_2019_SWJ_LF_Alison_T107.npy, shape=(107, 2048)
[action] done split=val, processed=1, existing=95, waiting_keyframes=64
[action][watch] round=798 processed=1, total_processed=316, waiting_keyframes=333
[action][watch] scan round=799
[action] start split=train, total=651
[action] done split=train, processed=0, existing=382, waiting_keyframes=269
[action] start split=val, total=160
[action] done split=val, processed=0, existing=96, waiting_keyframes=64
[action][watch] waiting for new keyframe outputs: pending=333, idle=1s/600s, sleep=30s
[action][watch] scan round=800
[action] start split=train, total=651
[action] done split=train, processed=0, existing=382, waiting_keyframes=269
[action] start split=val, total=160
[action] done split=val, processed=0, existing=96, waiting_keyframes=64
[action][watch] waiting for new keyframe outputs: pending=333, idle=32s/600s, sleep=30s
[action][watch] scan round=801
[action] start split=train, total=651
[action] done split=train, processed=0, existing=382, waiting_keyframes=269
[action] start split=val, total=160
[action] 2019_SWJ_LF_Anais: using keyframes from keyframe_selector/outputs/fs1000_all_frame_indices/2019_SWJ_LF_Anais/selected_frame_indices.csv (109 rows)
[action] saved ../FS1000 Dataset/static_resnet50_keyframe_cache/static_resnet50_keyframe_2019_SWJ_LF_Anais_T109.npy, shape=(109, 2048)
[action] done split=val, processed=1, existing=96, waiting_keyframes=63
[action][watch] round=801 processed=1, total_processed=317, waiting_keyframes=332
[action][watch] scan round=802
[action] start split=train, total=651
[action] done split=train, processed=0, existing=382, waiting_keyframes=269
[action] start split=val, total=160
[action] done split=val, processed=0, existing=97, waiting_keyframes=63
[action][watch] waiting for new keyframe outputs: pending=332, idle=1s/600s, sleep=30s
[action][watch] scan round=803
[action] start split=train, total=651
[action] 2019_SWJ_LF_Anastasiia: using keyframes from keyframe_selector/outputs/fs1000_all_frame_indices/2019_SWJ_LF_Anastasiia/selected_frame_indices.csv (108 rows)
[action] saved ../FS1000 Dataset/static_resnet50_keyframe_cache/static_resnet50_keyframe_2019_SWJ_LF_Anastasiia_T108.npy, shape=(108, 2048)
[action] done split=train, processed=1, existing=382, waiting_keyframes=268
[action] start split=val, total=160
[action] done split=val, processed=0, existing=97, waiting_keyframes=63
[action][watch] round=803 processed=1, total_processed=318, waiting_keyframes=331
[action][watch] scan round=804
[action] start split=train, total=651
[action] done split=train, processed=0, existing=383, waiting_keyframes=268
[action] start split=val, total=160
[action] done split=val, processed=0, existing=97, waiting_keyframes=63
[action][watch] waiting for new keyframe outputs: pending=331, idle=1s/600s, sleep=30s
[action][watch] scan round=805
[action] start split=train, total=651
[action] done split=train, processed=0, existing=383, waiting_keyframes=268
[action] start split=val, total=160
[action] done split=val, processed=0, existing=97, waiting_keyframes=63
[action][watch] waiting for new keyframe outputs: pending=331, idle=32s/600s, sleep=30s
[action][watch] scan round=806
[action] start split=train, total=651
[action] 2019_SWJ_LF_Anna: using keyframes from keyframe_selector/outputs/fs1000_all_frame_indices/2019_SWJ_LF_Anna/selected_frame_indices.csv (109 rows)
[action] saved ../FS1000 Dataset/static_resnet50_keyframe_cache/static_resnet50_keyframe_2019_SWJ_LF_Anna_T109.npy, shape=(109, 2048)
[action] done split=train, processed=1, existing=383, waiting_keyframes=267
[action] start split=val, total=160
[action] done split=val, processed=0, existing=97, waiting_keyframes=63
[action][watch] round=806 processed=1, total_processed=319, waiting_keyframes=330
[action][watch] scan round=807
[action] start split=train, total=651
[action] done split=train, processed=0, existing=384, waiting_keyframes=267
[action] start split=val, total=160
[action] done split=val, processed=0, existing=97, waiting_keyframes=63
[action][watch] waiting for new keyframe outputs: pending=330, idle=1s/600s, sleep=30s
[action][watch] scan round=808
[action] start split=train, total=651
[action] 2019_SWJ_LF_Anna_S: using keyframes from keyframe_selector/outputs/fs1000_all_frame_indices/2019_SWJ_LF_Anna_S/selected_frame_indices.csv (108 rows)
[action] saved ../FS1000 Dataset/static_resnet50_keyframe_cache/static_resnet50_keyframe_2019_SWJ_LF_Anna_S_T108.npy, shape=(108, 2048)
[action] train: 651/651
[action] done split=train, processed=1, existing=384, waiting_keyframes=266
[action] start split=val, total=160
[action] done split=val, processed=0, existing=97, waiting_keyframes=63
[action][watch] round=808 processed=1, total_processed=320, waiting_keyframes=329
[action][watch] scan round=809
[action] start split=train, total=651
[action] done split=train, processed=0, existing=385, waiting_keyframes=266
[action] start split=val, total=160
[action] done split=val, processed=0, existing=97, waiting_keyframes=63
[action][watch] waiting for new keyframe outputs: pending=329, idle=1s/600s, sleep=30s
[action][watch] scan round=810
[action] start split=train, total=651
[action] done split=train, processed=0, existing=385, waiting_keyframes=266
[action] start split=val, total=160
[action] done split=val, processed=0, existing=97, waiting_keyframes=63
[action][watch] waiting for new keyframe outputs: pending=329, idle=31s/600s, sleep=30s
[action][watch] scan round=811
[action] start split=train, total=651
[action] done split=train, processed=0, existing=385, waiting_keyframes=266
[action] start split=val, total=160
[action] 2019_SWJ_LF_Ekaterina: using keyframes from keyframe_selector/outputs/fs1000_all_frame_indices/2019_SWJ_LF_Ekaterina/selected_frame_indices.csv (108 rows)
[action] saved ../FS1000 Dataset/static_resnet50_keyframe_cache/static_resnet50_keyframe_2019_SWJ_LF_Ekaterina_T108.npy, shape=(108, 2048)
[action] done split=val, processed=1, existing=97, waiting_keyframes=62
[action][watch] round=811 processed=1, total_processed=321, waiting_keyframes=328
[action][watch] scan round=812
[action] start split=train, total=651
[action] done split=train, processed=0, existing=385, waiting_keyframes=266
[action] start split=val, total=160
[action] done split=val, processed=0, existing=98, waiting_keyframes=62
[action][watch] waiting for new keyframe outputs: pending=328, idle=1s/600s, sleep=30s
[action][watch] scan round=813
[action] start split=train, total=651
[action] done split=train, processed=0, existing=385, waiting_keyframes=266
[action] start split=val, total=160
[action] done split=val, processed=0, existing=98, waiting_keyframes=62
[action][watch] waiting for new keyframe outputs: pending=328, idle=32s/600s, sleep=30s
[action][watch] scan round=814
[action] start split=train, total=651
[action] 2019_SWJ_LF_Haein: using keyframes from keyframe_selector/outputs/fs1000_all_frame_indices/2019_SWJ_LF_Haein/selected_frame_indices.csv (108 rows)
[action] saved ../FS1000 Dataset/static_resnet50_keyframe_cache/static_resnet50_keyframe_2019_SWJ_LF_Haein_T108.npy, shape=(108, 2048)
[action] done split=train, processed=1, existing=385, waiting_keyframes=265
[action] start split=val, total=160
[action] done split=val, processed=0, existing=98, waiting_keyframes=62
[action][watch] round=814 processed=1, total_processed=322, waiting_keyframes=327
[action][watch] scan round=815
[action] start split=train, total=651
[action] done split=train, processed=0, existing=386, waiting_keyframes=265
[action] start split=val, total=160
[action] done split=val, processed=0, existing=98, waiting_keyframes=62
[action][watch] waiting for new keyframe outputs: pending=327, idle=1s/600s, sleep=30s
[action][watch] scan round=816
[action] start split=train, total=651
[action] 2019_SWJ_LF_Hanna: using keyframes from keyframe_selector/outputs/fs1000_all_frame_indices/2019_SWJ_LF_Hanna/selected_frame_indices.csv (107 rows)
[action] saved ../FS1000 Dataset/static_resnet50_keyframe_cache/static_resnet50_keyframe_2019_SWJ_LF_Hanna_T107.npy, shape=(107, 2048)
[action] done split=train, processed=1, existing=386, waiting_keyframes=264
[action] start split=val, total=160
[action] done split=val, processed=0, existing=98, waiting_keyframes=62
[action][watch] round=816 processed=1, total_processed=323, waiting_keyframes=326
[action][watch] scan round=817
[action] start split=train, total=651
[action] done split=train, processed=0, existing=387, waiting_keyframes=264
[action] start split=val, total=160
[action] done split=val, processed=0, existing=98, waiting_keyframes=62
[action][watch] waiting for new keyframe outputs: pending=326, idle=1s/600s, sleep=30s
[action][watch] scan round=818
[action] start split=train, total=651
[action] done split=train, processed=0, existing=387, waiting_keyframes=264
[action] start split=val, total=160
[action] done split=val, processed=0, existing=98, waiting_keyframes=62
[action][watch] waiting for new keyframe outputs: pending=326, idle=32s/600s, sleep=30s
[action][watch] scan round=819
[action] start split=train, total=651
[action] 2019_SWJ_LF_Hongyi: using keyframes from keyframe_selector/outputs/fs1000_all_frame_indices/2019_SWJ_LF_Hongyi/selected_frame_indices.csv (108 rows)
[action] saved ../FS1000 Dataset/static_resnet50_keyframe_cache/static_resnet50_keyframe_2019_SWJ_LF_Hongyi_T108.npy, shape=(108, 2048)
[action] done split=train, processed=1, existing=387, waiting_keyframes=263
[action] start split=val, total=160
[action] done split=val, processed=0, existing=98, waiting_keyframes=62
[action][watch] round=819 processed=1, total_processed=324, waiting_keyframes=325
[action][watch] scan round=820
[action] start split=train, total=651
[action] done split=train, processed=0, existing=388, waiting_keyframes=263
[action] start split=val, total=160
[action] done split=val, processed=0, existing=98, waiting_keyframes=62
[action][watch] waiting for new keyframe outputs: pending=325, idle=1s/600s, sleep=30s
[action][watch] scan round=821
[action] start split=train, total=651
[action] 2019_SWJ_LF_Julia: using keyframes from keyframe_selector/outputs/fs1000_all_frame_indices/2019_SWJ_LF_Julia/selected_frame_indices.csv (107 rows)
[action] saved ../FS1000 Dataset/static_resnet50_keyframe_cache/static_resnet50_keyframe_2019_SWJ_LF_Julia_T107.npy, shape=(107, 2048)
[action] done split=train, processed=1, existing=388, waiting_keyframes=262
[action] start split=val, total=160
[action] done split=val, processed=0, existing=98, waiting_keyframes=62
[action][watch] round=821 processed=1, total_processed=325, waiting_keyframes=324
[action][watch] scan round=822
[action] start split=train, total=651
[action] done split=train, processed=0, existing=389, waiting_keyframes=262
[action] start split=val, total=160
[action] done split=val, processed=0, existing=98, waiting_keyframes=62
[action][watch] waiting for new keyframe outputs: pending=324, idle=1s/600s, sleep=30s
[action][watch] scan round=823
[action] start split=train, total=651
[action] done split=train, processed=0, existing=389, waiting_keyframes=262
[action] start split=val, total=160
[action] done split=val, processed=0, existing=98, waiting_keyframes=62
[action][watch] waiting for new keyframe outputs: pending=324, idle=32s/600s, sleep=30s
[action][watch] scan round=824
[action] start split=train, total=651
[action] 2019_SWJ_LF_Kristen: using keyframes from keyframe_selector/outputs/fs1000_all_frame_indices/2019_SWJ_LF_Kristen/selected_frame_indices.csv (106 rows)
[action] saved ../FS1000 Dataset/static_resnet50_keyframe_cache/static_resnet50_keyframe_2019_SWJ_LF_Kristen_T106.npy, shape=(106, 2048)
[action] done split=train, processed=1, existing=389, waiting_keyframes=261
[action] start split=val, total=160
[action] done split=val, processed=0, existing=98, waiting_keyframes=62
[action][watch] round=824 processed=1, total_processed=326, waiting_keyframes=323
[action][watch] scan round=825
[action] start split=train, total=651
[action] done split=train, processed=0, existing=390, waiting_keyframes=261
[action] start split=val, total=160
[action] done split=val, processed=0, existing=98, waiting_keyframes=62
[action][watch] waiting for new keyframe outputs: pending=323, idle=1s/600s, sleep=30s
[action][watch] scan round=826
[action] start split=train, total=651
[action] 2019_SWJ_LF_Kseniia: using keyframes from keyframe_selector/outputs/fs1000_all_frame_indices/2019_SWJ_LF_Kseniia/selected_frame_indices.csv (108 rows)
[action] saved ../FS1000 Dataset/static_resnet50_keyframe_cache/static_resnet50_keyframe_2019_SWJ_LF_Kseniia_T108.npy, shape=(108, 2048)
[action] done split=train, processed=1, existing=390, waiting_keyframes=260
[action] start split=val, total=160
[action] done split=val, processed=0, existing=98, waiting_keyframes=62
[action][watch] round=826 processed=1, total_processed=327, waiting_keyframes=322
[action][watch] scan round=827
[action] start split=train, total=651
[action] done split=train, processed=0, existing=391, waiting_keyframes=260
[action] start split=val, total=160
[action] done split=val, processed=0, existing=98, waiting_keyframes=62
[action][watch] waiting for new keyframe outputs: pending=322, idle=1s/600s, sleep=30s
[action][watch] scan round=828
[action] start split=train, total=651
[action] done split=train, processed=0, existing=391, waiting_keyframes=260
[action] start split=val, total=160
[action] done split=val, processed=0, existing=98, waiting_keyframes=62
[action][watch] waiting for new keyframe outputs: pending=322, idle=32s/600s, sleep=30s
[action][watch] scan round=829
[action] start split=train, total=651
[action] 2019_SWJ_LF_Lucrezia: using keyframes from keyframe_selector/outputs/fs1000_all_frame_indices/2019_SWJ_LF_Lucrezia/selected_frame_indices.csv (107 rows)
[action] saved ../FS1000 Dataset/static_resnet50_keyframe_cache/static_resnet50_keyframe_2019_SWJ_LF_Lucrezia_T107.npy, shape=(107, 2048)
[action] done split=train, processed=1, existing=391, waiting_keyframes=259
[action] start split=val, total=160
[action] done split=val, processed=0, existing=98, waiting_keyframes=62
[action][watch] round=829 processed=1, total_processed=328, waiting_keyframes=321
[action][watch] scan round=830
[action] start split=train, total=651
[action] done split=train, processed=0, existing=392, waiting_keyframes=259
[action] start split=val, total=160
[action] done split=val, processed=0, existing=98, waiting_keyframes=62
[action][watch] waiting for new keyframe outputs: pending=321, idle=1s/600s, sleep=30s
[action][watch] scan round=831
[action] start split=train, total=651
[action] done split=train, processed=0, existing=392, waiting_keyframes=259
[action] start split=val, total=160
[action] done split=val, processed=0, existing=98, waiting_keyframes=62
[action][watch] waiting for new keyframe outputs: pending=321, idle=31s/600s, sleep=30s
[action][watch] scan round=832
[action] start split=train, total=651
[action] 2019_SWJ_LF_Olga: using keyframes from keyframe_selector/outputs/fs1000_all_frame_indices/2019_SWJ_LF_Olga/selected_frame_indices.csv (107 rows)
[action] saved ../FS1000 Dataset/static_resnet50_keyframe_cache/static_resnet50_keyframe_2019_SWJ_LF_Olga_T107.npy, shape=(107, 2048)
[action] done split=train, processed=1, existing=392, waiting_keyframes=258
[action] start split=val, total=160
[action] done split=val, processed=0, existing=98, waiting_keyframes=62
[action][watch] round=832 processed=1, total_processed=329, waiting_keyframes=320
[action][watch] scan round=833
[action] start split=train, total=651
[action] done split=train, processed=0, existing=393, waiting_keyframes=258
[action] start split=val, total=160
[action] done split=val, processed=0, existing=98, waiting_keyframes=62
[action][watch] waiting for new keyframe outputs: pending=320, idle=1s/600s, sleep=30s
[action][watch] scan round=834
[action] start split=train, total=651
[action] done split=train, processed=0, existing=393, waiting_keyframes=258
[action] start split=val, total=160
[action] 2019_SWJ_LF_Ting: using keyframes from keyframe_selector/outputs/fs1000_all_frame_indices/2019_SWJ_LF_Ting/selected_frame_indices.csv (110 rows)
[action] saved ../FS1000 Dataset/static_resnet50_keyframe_cache/static_resnet50_keyframe_2019_SWJ_LF_Ting_T110.npy, shape=(110, 2048)
[action] done split=val, processed=1, existing=98, waiting_keyframes=61
[action][watch] round=834 processed=1, total_processed=330, waiting_keyframes=319
[action][watch] scan round=835
[action] start split=train, total=651
[action] done split=train, processed=0, existing=393, waiting_keyframes=258
[action] start split=val, total=160
[action] done split=val, processed=0, existing=99, waiting_keyframes=61
[action][watch] waiting for new keyframe outputs: pending=319, idle=1s/600s, sleep=30s
[action][watch] scan round=836
[action] start split=train, total=651
[action] done split=train, processed=0, existing=393, waiting_keyframes=258
[action] start split=val, total=160
[action] done split=val, processed=0, existing=99, waiting_keyframes=61
[action][watch] waiting for new keyframe outputs: pending=319, idle=31s/600s, sleep=30s
[action][watch] scan round=837
[action] start split=train, total=651
[action] 2019_SWJ_LF_Tomoe: using keyframes from keyframe_selector/outputs/fs1000_all_frame_indices/2019_SWJ_LF_Tomoe/selected_frame_indices.csv (108 rows)
[action] saved ../FS1000 Dataset/static_resnet50_keyframe_cache/static_resnet50_keyframe_2019_SWJ_LF_Tomoe_T108.npy, shape=(108, 2048)
[action] done split=train, processed=1, existing=393, waiting_keyframes=257
[action] start split=val, total=160
[action] done split=val, processed=0, existing=99, waiting_keyframes=61
[action][watch] round=837 processed=1, total_processed=331, waiting_keyframes=318
[action][watch] scan round=838
[action] start split=train, total=651
[action] done split=train, processed=0, existing=394, waiting_keyframes=257
[action] start split=val, total=160
[action] done split=val, processed=0, existing=99, waiting_keyframes=61
[action][watch] waiting for new keyframe outputs: pending=318, idle=1s/600s, sleep=30s
[action][watch] scan round=839
[action] start split=train, total=651
[action] done split=train, processed=0, existing=394, waiting_keyframes=257
[action] start split=val, total=160
[action] done split=val, processed=0, existing=99, waiting_keyframes=61
[action][watch] waiting for new keyframe outputs: pending=318, idle=31s/600s, sleep=30s
[action][watch] scan round=840
[action] start split=train, total=651
[action] 2019_SWJ_LF_Yi: using keyframes from keyframe_selector/outputs/fs1000_all_frame_indices/2019_SWJ_LF_Yi/selected_frame_indices.csv (109 rows)
[action] saved ../FS1000 Dataset/static_resnet50_keyframe_cache/static_resnet50_keyframe_2019_SWJ_LF_Yi_T109.npy, shape=(109, 2048)
[action] done split=train, processed=1, existing=394, waiting_keyframes=256
[action] start split=val, total=160
[action] done split=val, processed=0, existing=99, waiting_keyframes=61
[action][watch] round=840 processed=1, total_processed=332, waiting_keyframes=317
[action][watch] scan round=841
[action] start split=train, total=651
[action] done split=train, processed=0, existing=395, waiting_keyframes=256
[action] start split=val, total=160
[action] done split=val, processed=0, existing=99, waiting_keyframes=61
[action][watch] waiting for new keyframe outputs: pending=317, idle=1s/600s, sleep=30s
[action][watch] scan round=842
[action] start split=train, total=651
[action] 2019_SWJ_LF_Young: using keyframes from keyframe_selector/outputs/fs1000_all_frame_indices/2019_SWJ_LF_Young/selected_frame_indices.csv (108 rows)
[action] saved ../FS1000 Dataset/static_resnet50_keyframe_cache/static_resnet50_keyframe_2019_SWJ_LF_Young_T108.npy, shape=(108, 2048)
[action] done split=train, processed=1, existing=395, waiting_keyframes=255
[action] start split=val, total=160
[action] done split=val, processed=0, existing=99, waiting_keyframes=61
[action][watch] round=842 processed=1, total_processed=333, waiting_keyframes=316
[action][watch] scan round=843
[action] start split=train, total=651
[action] done split=train, processed=0, existing=396, waiting_keyframes=255
[action] start split=val, total=160
[action] done split=val, processed=0, existing=99, waiting_keyframes=61
[action][watch] waiting for new keyframe outputs: pending=316, idle=1s/600s, sleep=30s
[action][watch] scan round=844
[action] start split=train, total=651
[action] done split=train, processed=0, existing=396, waiting_keyframes=255
[action] start split=val, total=160
[action] done split=val, processed=0, existing=99, waiting_keyframes=61
[action][watch] waiting for new keyframe outputs: pending=316, idle=31s/600s, sleep=30s
[action][watch] scan round=845
[action] start split=train, total=651
[action] done split=train, processed=0, existing=396, waiting_keyframes=255
[action] start split=val, total=160
[action] 2019_SWJ_LF_Yuhana: using keyframes from keyframe_selector/outputs/fs1000_all_frame_indices/2019_SWJ_LF_Yuhana/selected_frame_indices.csv (108 rows)
[action] saved ../FS1000 Dataset/static_resnet50_keyframe_cache/static_resnet50_keyframe_2019_SWJ_LF_Yuhana_T108.npy, shape=(108, 2048)
[action] done split=val, processed=1, existing=99, waiting_keyframes=60
[action][watch] round=845 processed=1, total_processed=334, waiting_keyframes=315
[action][watch] scan round=846
[action] start split=train, total=651
[action] done split=train, processed=0, existing=396, waiting_keyframes=255
[action] start split=val, total=160
[action] done split=val, processed=0, existing=100, waiting_keyframes=60
[action][watch] waiting for new keyframe outputs: pending=315, idle=1s/600s, sleep=30s
[action][watch] scan round=847
[action] start split=train, total=651
[action] 2019_SWJ_LF_Yuna: using keyframes from keyframe_selector/outputs/fs1000_all_frame_indices/2019_SWJ_LF_Yuna/selected_frame_indices.csv (109 rows)
[action] saved ../FS1000 Dataset/static_resnet50_keyframe_cache/static_resnet50_keyframe_2019_SWJ_LF_Yuna_T109.npy, shape=(109, 2048)
[action] done split=train, processed=1, existing=396, waiting_keyframes=254
[action] start split=val, total=160
[action] done split=val, processed=0, existing=100, waiting_keyframes=60
[action][watch] round=847 processed=1, total_processed=335, waiting_keyframes=314
[action][watch] scan round=848
[action] start split=train, total=651
[action] done split=train, processed=0, existing=397, waiting_keyframes=254
[action] start split=val, total=160
[action] done split=val, processed=0, existing=100, waiting_keyframes=60
[action][watch] waiting for new keyframe outputs: pending=314, idle=1s/600s, sleep=30s
[action][watch] scan round=849
[action] start split=train, total=651
[action] done split=train, processed=0, existing=397, waiting_keyframes=254
[action] start split=val, total=160
[action] done split=val, processed=0, existing=100, waiting_keyframes=60
[action][watch] waiting for new keyframe outputs: pending=314, idle=32s/600s, sleep=30s
[action][watch] scan round=850
[action] start split=train, total=651
[action] 2019_SWJ_LS_Alana: using keyframes from keyframe_selector/outputs/fs1000_all_frame_indices/2019_SWJ_LS_Alana/selected_frame_indices.csv (82 rows)
[action] saved ../FS1000 Dataset/static_resnet50_keyframe_cache/static_resnet50_keyframe_2019_SWJ_LS_Alana_T82.npy, shape=(82, 2048)
[action] done split=train, processed=1, existing=397, waiting_keyframes=253
[action] start split=val, total=160
[action] done split=val, processed=0, existing=100, waiting_keyframes=60
[action][watch] round=850 processed=1, total_processed=336, waiting_keyframes=313
[action][watch] scan round=851
[action] start split=train, total=651
[action] done split=train, processed=0, existing=398, waiting_keyframes=253
[action] start split=val, total=160
[action] done split=val, processed=0, existing=100, waiting_keyframes=60
[action][watch] waiting for new keyframe outputs: pending=313, idle=1s/600s, sleep=30s
[action][watch] scan round=852
[action] start split=train, total=651
[action] 2019_SWJ_LS_Alexandra_F: using keyframes from keyframe_selector/outputs/fs1000_all_frame_indices/2019_SWJ_LS_Alexandra_F/selected_frame_indices.csv (83 rows)
[action] saved ../FS1000 Dataset/static_resnet50_keyframe_cache/static_resnet50_keyframe_2019_SWJ_LS_Alexandra_F_T83.npy, shape=(83, 2048)
[action] done split=train, processed=1, existing=398, waiting_keyframes=252
[action] start split=val, total=160
[action] done split=val, processed=0, existing=100, waiting_keyframes=60
[action][watch] round=852 processed=1, total_processed=337, waiting_keyframes=312
[action][watch] scan round=853
[action] start split=train, total=651
[action] done split=train, processed=0, existing=399, waiting_keyframes=252
[action] start split=val, total=160
[action] done split=val, processed=0, existing=100, waiting_keyframes=60
[action][watch] waiting for new keyframe outputs: pending=312, idle=1s/600s, sleep=30s
[action][watch] scan round=854
[action] start split=train, total=651
[action] 2019_SWJ_LS_Alexandra_T: using keyframes from keyframe_selector/outputs/fs1000_all_frame_indices/2019_SWJ_LS_Alexandra_T/selected_frame_indices.csv (83 rows)
[action] saved ../FS1000 Dataset/static_resnet50_keyframe_cache/static_resnet50_keyframe_2019_SWJ_LS_Alexandra_T_T83.npy, shape=(83, 2048)
[action] done split=train, processed=1, existing=399, waiting_keyframes=251
[action] start split=val, total=160
[action] done split=val, processed=0, existing=100, waiting_keyframes=60
[action][watch] round=854 processed=1, total_processed=338, waiting_keyframes=311
[action][watch] scan round=855
[action] start split=train, total=651
[action] done split=train, processed=0, existing=400, waiting_keyframes=251
[action] start split=val, total=160
[action] done split=val, processed=0, existing=100, waiting_keyframes=60
[action][watch] waiting for new keyframe outputs: pending=311, idle=1s/600s, sleep=30s
[action][watch] scan round=856
[action] start split=train, total=651
[action] done split=train, processed=0, existing=400, waiting_keyframes=251
[action] start split=val, total=160
[action] 2019_SWJ_LS_Aliaksandra: using keyframes from keyframe_selector/outputs/fs1000_all_frame_indices/2019_SWJ_LS_Aliaksandra/selected_frame_indices.csv (85 rows)
[action] saved ../FS1000 Dataset/static_resnet50_keyframe_cache/static_resnet50_keyframe_2019_SWJ_LS_Aliaksandra_T85.npy, shape=(85, 2048)
[action] done split=val, processed=1, existing=100, waiting_keyframes=59
[action][watch] round=856 processed=1, total_processed=339, waiting_keyframes=310
[action][watch] scan round=857
[action] start split=train, total=651
[action] done split=train, processed=0, existing=400, waiting_keyframes=251
[action] start split=val, total=160
[action] done split=val, processed=0, existing=101, waiting_keyframes=59
[action][watch] waiting for new keyframe outputs: pending=310, idle=1s/600s, sleep=30s
[action][watch] scan round=858
[action] start split=train, total=651
[action] done split=train, processed=0, existing=400, waiting_keyframes=251
[action] start split=val, total=160
[action] done split=val, processed=0, existing=101, waiting_keyframes=59
[action][watch] waiting for new keyframe outputs: pending=310, idle=31s/600s, sleep=30s
[action][watch] scan round=859
[action] start split=train, total=651
[action] done split=train, processed=0, existing=400, waiting_keyframes=251
[action] start split=val, total=160
[action] 2019_SWJ_LS_Alina_S: using keyframes from keyframe_selector/outputs/fs1000_all_frame_indices/2019_SWJ_LS_Alina_S/selected_frame_indices.csv (81 rows)
[action] saved ../FS1000 Dataset/static_resnet50_keyframe_cache/static_resnet50_keyframe_2019_SWJ_LS_Alina_S_T81.npy, shape=(81, 2048)
[action] done split=val, processed=1, existing=101, waiting_keyframes=58
[action][watch] round=859 processed=1, total_processed=340, waiting_keyframes=309
[action][watch] scan round=860
[action] start split=train, total=651
[action] done split=train, processed=0, existing=400, waiting_keyframes=251
[action] start split=val, total=160
[action] done split=val, processed=0, existing=102, waiting_keyframes=58
[action][watch] waiting for new keyframe outputs: pending=309, idle=1s/600s, sleep=30s
[action][watch] scan round=861
[action] start split=train, total=651
[action] 2019_SWJ_LS_Alina_U: using keyframes from keyframe_selector/outputs/fs1000_all_frame_indices/2019_SWJ_LS_Alina_U/selected_frame_indices.csv (93 rows)
[action][warn] 2019_SWJ_LS_Alina_U: keyframe rows (93) != T_dyn (89); mapping selected frames to dynamic timesteps. Use select_keyframes.py --num-segments or --feature-path to produce one keyframe per overlapping dynamic window.
[action] saved ../FS1000 Dataset/static_resnet50_keyframe_cache/static_resnet50_keyframe_2019_SWJ_LS_Alina_U_T89.npy, shape=(89, 2048)
[action] done split=train, processed=1, existing=400, waiting_keyframes=250
[action] start split=val, total=160
[action] done split=val, processed=0, existing=102, waiting_keyframes=58
[action][watch] round=861 processed=1, total_processed=341, waiting_keyframes=308
[action][watch] scan round=862
[action] start split=train, total=651
[action] done split=train, processed=0, existing=401, waiting_keyframes=250
[action] start split=val, total=160
[action] done split=val, processed=0, existing=102, waiting_keyframes=58
[action][watch] waiting for new keyframe outputs: pending=308, idle=1s/600s, sleep=30s
[action][watch] scan round=863
[action] start split=train, total=651
[action] 2019_SWJ_LS_Alison: using keyframes from keyframe_selector/outputs/fs1000_all_frame_indices/2019_SWJ_LS_Alison/selected_frame_indices.csv (81 rows)
[action] saved ../FS1000 Dataset/static_resnet50_keyframe_cache/static_resnet50_keyframe_2019_SWJ_LS_Alison_T81.npy, shape=(81, 2048)
[action] done split=train, processed=1, existing=401, waiting_keyframes=249
[action] start split=val, total=160
[action] done split=val, processed=0, existing=102, waiting_keyframes=58
[action][watch] round=863 processed=1, total_processed=342, waiting_keyframes=307
[action][watch] scan round=864
[action] start split=train, total=651
[action] done split=train, processed=0, existing=402, waiting_keyframes=249
[action] start split=val, total=160
[action] done split=val, processed=0, existing=102, waiting_keyframes=58
[action][watch] waiting for new keyframe outputs: pending=307, idle=1s/600s, sleep=30s
[action][watch] scan round=865
[action] start split=train, total=651
[action] 2019_SWJ_LS_Ana: using keyframes from keyframe_selector/outputs/fs1000_all_frame_indices/2019_SWJ_LS_Ana/selected_frame_indices.csv (84 rows)
[action] saved ../FS1000 Dataset/static_resnet50_keyframe_cache/static_resnet50_keyframe_2019_SWJ_LS_Ana_T84.npy, shape=(84, 2048)
[action] done split=train, processed=1, existing=402, waiting_keyframes=248
[action] start split=val, total=160
[action] done split=val, processed=0, existing=102, waiting_keyframes=58
[action][watch] round=865 processed=1, total_processed=343, waiting_keyframes=306
[action][watch] scan round=866
[action] start split=train, total=651
[action] done split=train, processed=0, existing=403, waiting_keyframes=248
[action] start split=val, total=160
[action] done split=val, processed=0, existing=102, waiting_keyframes=58
[action][watch] waiting for new keyframe outputs: pending=306, idle=1s/600s, sleep=30s
[action][watch] scan round=867
[action] start split=train, total=651
[action] 2019_SWJ_LS_Anais: using keyframes from keyframe_selector/outputs/fs1000_all_frame_indices/2019_SWJ_LS_Anais/selected_frame_indices.csv (83 rows)
[action] saved ../FS1000 Dataset/static_resnet50_keyframe_cache/static_resnet50_keyframe_2019_SWJ_LS_Anais_T83.npy, shape=(83, 2048)
[action] done split=train, processed=1, existing=403, waiting_keyframes=247
[action] start split=val, total=160
[action] done split=val, processed=0, existing=102, waiting_keyframes=58
[action][watch] round=867 processed=1, total_processed=344, waiting_keyframes=305
[action][watch] scan round=868
[action] start split=train, total=651
[action] done split=train, processed=0, existing=404, waiting_keyframes=247
[action] start split=val, total=160
[action] done split=val, processed=0, existing=102, waiting_keyframes=58
[action][watch] waiting for new keyframe outputs: pending=305, idle=1s/600s, sleep=30s
[action][watch] scan round=869
[action] start split=train, total=651
[action] done split=train, processed=0, existing=404, waiting_keyframes=247
[action] start split=val, total=160
[action] done split=val, processed=0, existing=102, waiting_keyframes=58
[action][watch] waiting for new keyframe outputs: pending=305, idle=32s/600s, sleep=30s
[action][watch] scan round=870
[action] start split=train, total=651
[action] 2019_SWJ_LS_Anastasiia: using keyframes from keyframe_selector/outputs/fs1000_all_frame_indices/2019_SWJ_LS_Anastasiia/selected_frame_indices.csv (83 rows)
[action] saved ../FS1000 Dataset/static_resnet50_keyframe_cache/static_resnet50_keyframe_2019_SWJ_LS_Anastasiia_T83.npy, shape=(83, 2048)
[action] done split=train, processed=1, existing=404, waiting_keyframes=246
[action] start split=val, total=160
[action] done split=val, processed=0, existing=102, waiting_keyframes=58
[action][watch] round=870 processed=1, total_processed=345, waiting_keyframes=304
[action][watch] scan round=871
[action] start split=train, total=651
[action] done split=train, processed=0, existing=405, waiting_keyframes=246
[action] start split=val, total=160
[action] done split=val, processed=0, existing=102, waiting_keyframes=58
[action][watch] waiting for new keyframe outputs: pending=304, idle=1s/600s, sleep=30s
[action][watch] scan round=872
[action] start split=train, total=651
[action] 2019_SWJ_LS_Andrea: using keyframes from keyframe_selector/outputs/fs1000_all_frame_indices/2019_SWJ_LS_Andrea/selected_frame_indices.csv (84 rows)
[action] saved ../FS1000 Dataset/static_resnet50_keyframe_cache/static_resnet50_keyframe_2019_SWJ_LS_Andrea_T84.npy, shape=(84, 2048)
[action] done split=train, processed=1, existing=405, waiting_keyframes=245
[action] start split=val, total=160
[action] done split=val, processed=0, existing=102, waiting_keyframes=58
[action][watch] round=872 processed=1, total_processed=346, waiting_keyframes=303
[action][watch] scan round=873
[action] start split=train, total=651
[action] done split=train, processed=0, existing=406, waiting_keyframes=245
[action] start split=val, total=160
[action] done split=val, processed=0, existing=102, waiting_keyframes=58
[action][watch] waiting for new keyframe outputs: pending=303, idle=1s/600s, sleep=30s
[action][watch] scan round=874
[action] start split=train, total=651
[action] 2019_SWJ_LS_Ann: using keyframes from keyframe_selector/outputs/fs1000_all_frame_indices/2019_SWJ_LS_Ann/selected_frame_indices.csv (83 rows)
[action] saved ../FS1000 Dataset/static_resnet50_keyframe_cache/static_resnet50_keyframe_2019_SWJ_LS_Ann_T83.npy, shape=(83, 2048)
[action] done split=train, processed=1, existing=406, waiting_keyframes=244
[action] start split=val, total=160
[action] done split=val, processed=0, existing=102, waiting_keyframes=58
[action][watch] round=874 processed=1, total_processed=347, waiting_keyframes=302
[action][watch] scan round=875
[action] start split=train, total=651
[action] done split=train, processed=0, existing=407, waiting_keyframes=244
[action] start split=val, total=160
[action] done split=val, processed=0, existing=102, waiting_keyframes=58
[action][watch] waiting for new keyframe outputs: pending=302, idle=1s/600s, sleep=30s
[action][watch] scan round=876
[action] start split=train, total=651
[action] 2019_SWJ_LS_Anna_K: using keyframes from keyframe_selector/outputs/fs1000_all_frame_indices/2019_SWJ_LS_Anna_K/selected_frame_indices.csv (83 rows)
[action] saved ../FS1000 Dataset/static_resnet50_keyframe_cache/static_resnet50_keyframe_2019_SWJ_LS_Anna_K_T83.npy, shape=(83, 2048)
[action] done split=train, processed=1, existing=407, waiting_keyframes=243
[action] start split=val, total=160
[action] done split=val, processed=0, existing=102, waiting_keyframes=58
[action][watch] round=876 processed=1, total_processed=348, waiting_keyframes=301
[action][watch] scan round=877
[action] start split=train, total=651
[action] done split=train, processed=0, existing=408, waiting_keyframes=243
[action] start split=val, total=160
[action] done split=val, processed=0, existing=102, waiting_keyframes=58
[action][watch] waiting for new keyframe outputs: pending=301, idle=1s/600s, sleep=30s
[action][watch] scan round=878
[action] start split=train, total=651
[action] done split=train, processed=0, existing=408, waiting_keyframes=243
[action] start split=val, total=160
[action] done split=val, processed=0, existing=102, waiting_keyframes=58
[action][watch] waiting for new keyframe outputs: pending=301, idle=31s/600s, sleep=30s
[action][watch] scan round=879
[action] start split=train, total=651
[action] 2019_SWJ_LS_Anna_S: using keyframes from keyframe_selector/outputs/fs1000_all_frame_indices/2019_SWJ_LS_Anna_S/selected_frame_indices.csv (86 rows)
[action] saved ../FS1000 Dataset/static_resnet50_keyframe_cache/static_resnet50_keyframe_2019_SWJ_LS_Anna_S_T86.npy, shape=(86, 2048)
[action] done split=train, processed=1, existing=408, waiting_keyframes=242
[action] start split=val, total=160
[action] done split=val, processed=0, existing=102, waiting_keyframes=58
[action][watch] round=879 processed=1, total_processed=349, waiting_keyframes=300
[action][watch] scan round=880
[action] start split=train, total=651
[action] done split=train, processed=0, existing=409, waiting_keyframes=242
[action] start split=val, total=160
[action] done split=val, processed=0, existing=102, waiting_keyframes=58
[action][watch] waiting for new keyframe outputs: pending=300, idle=1s/600s, sleep=30s
[action][watch] scan round=881
[action] start split=train, total=651
[action] 2019_SWJ_LS_Arina: using keyframes from keyframe_selector/outputs/fs1000_all_frame_indices/2019_SWJ_LS_Arina/selected_frame_indices.csv (81 rows)
[action] saved ../FS1000 Dataset/static_resnet50_keyframe_cache/static_resnet50_keyframe_2019_SWJ_LS_Arina_T81.npy, shape=(81, 2048)
[action] done split=train, processed=1, existing=409, waiting_keyframes=241
[action] start split=val, total=160
[action] done split=val, processed=0, existing=102, waiting_keyframes=58
[action][watch] round=881 processed=1, total_processed=350, waiting_keyframes=299
[action][watch] scan round=882
[action] start split=train, total=651
[action] done split=train, processed=0, existing=410, waiting_keyframes=241
[action] start split=val, total=160
[action] done split=val, processed=0, existing=102, waiting_keyframes=58
[action][watch] waiting for new keyframe outputs: pending=299, idle=1s/600s, sleep=30s
[action][watch] scan round=883
[action] start split=train, total=651
[action] done split=train, processed=0, existing=410, waiting_keyframes=241
[action] start split=val, total=160
[action] 2019_SWJ_LS_Caya: using keyframes from keyframe_selector/outputs/fs1000_all_frame_indices/2019_SWJ_LS_Caya/selected_frame_indices.csv (83 rows)
[action] saved ../FS1000 Dataset/static_resnet50_keyframe_cache/static_resnet50_keyframe_2019_SWJ_LS_Caya_T83.npy, shape=(83, 2048)
[action] done split=val, processed=1, existing=102, waiting_keyframes=57
[action][watch] round=883 processed=1, total_processed=351, waiting_keyframes=298
[action][watch] scan round=884
[action] start split=train, total=651
[action] done split=train, processed=0, existing=410, waiting_keyframes=241
[action] start split=val, total=160
[action] done split=val, processed=0, existing=103, waiting_keyframes=57
[action][watch] waiting for new keyframe outputs: pending=298, idle=1s/600s, sleep=30s
[action][watch] scan round=885
[action] start split=train, total=651
[action] 2019_SWJ_LS_Ekaterina: using keyframes from keyframe_selector/outputs/fs1000_all_frame_indices/2019_SWJ_LS_Ekaterina/selected_frame_indices.csv (82 rows)
[action] saved ../FS1000 Dataset/static_resnet50_keyframe_cache/static_resnet50_keyframe_2019_SWJ_LS_Ekaterina_T82.npy, shape=(82, 2048)
[action] done split=train, processed=1, existing=410, waiting_keyframes=240
[action] start split=val, total=160
[action] done split=val, processed=0, existing=103, waiting_keyframes=57
[action][watch] round=885 processed=1, total_processed=352, waiting_keyframes=297
[action][watch] scan round=886
[action] start split=train, total=651
[action] done split=train, processed=0, existing=411, waiting_keyframes=240
[action] start split=val, total=160
[action] done split=val, processed=0, existing=103, waiting_keyframes=57
[action][watch] waiting for new keyframe outputs: pending=297, idle=1s/600s, sleep=30s
[action][watch] scan round=887
[action] start split=train, total=651
[action] 2019_SWJ_LS_Elodie: using keyframes from keyframe_selector/outputs/fs1000_all_frame_indices/2019_SWJ_LS_Elodie/selected_frame_indices.csv (83 rows)
[action] saved ../FS1000 Dataset/static_resnet50_keyframe_cache/static_resnet50_keyframe_2019_SWJ_LS_Elodie_T83.npy, shape=(83, 2048)
[action] done split=train, processed=1, existing=411, waiting_keyframes=239
[action] start split=val, total=160
[action] done split=val, processed=0, existing=103, waiting_keyframes=57
[action][watch] round=887 processed=1, total_processed=353, waiting_keyframes=296
[action][watch] scan round=888
[action] start split=train, total=651
[action] done split=train, processed=0, existing=412, waiting_keyframes=239
[action] start split=val, total=160
[action] done split=val, processed=0, existing=103, waiting_keyframes=57
[action][watch] waiting for new keyframe outputs: pending=296, idle=1s/600s, sleep=30s
[action][watch] scan round=889
[action] start split=train, total=651
[action] done split=train, processed=0, existing=412, waiting_keyframes=239
[action] start split=val, total=160
[action] done split=val, processed=0, existing=103, waiting_keyframes=57
[action][watch] waiting for new keyframe outputs: pending=296, idle=31s/600s, sleep=30s
[action][watch] scan round=890
[action] start split=train, total=651
[action] 2019_SWJ_LS_Eva: using keyframes from keyframe_selector/outputs/fs1000_all_frame_indices/2019_SWJ_LS_Eva/selected_frame_indices.csv (83 rows)
[action] saved ../FS1000 Dataset/static_resnet50_keyframe_cache/static_resnet50_keyframe_2019_SWJ_LS_Eva_T83.npy, shape=(83, 2048)
[action] done split=train, processed=1, existing=412, waiting_keyframes=238
[action] start split=val, total=160
[action] done split=val, processed=0, existing=103, waiting_keyframes=57
[action][watch] round=890 processed=1, total_processed=354, waiting_keyframes=295
[action][watch] scan round=891
[action] start split=train, total=651
[action] done split=train, processed=0, existing=413, waiting_keyframes=238
[action] start split=val, total=160
[action] done split=val, processed=0, existing=103, waiting_keyframes=57
[action][watch] waiting for new keyframe outputs: pending=295, idle=1s/600s, sleep=30s
[action][watch] scan round=892
[action] start split=train, total=651
[action] 2019_SWJ_LS_Guzide: using keyframes from keyframe_selector/outputs/fs1000_all_frame_indices/2019_SWJ_LS_Guzide/selected_frame_indices.csv (78 rows)
[action] saved ../FS1000 Dataset/static_resnet50_keyframe_cache/static_resnet50_keyframe_2019_SWJ_LS_Guzide_T78.npy, shape=(78, 2048)
[action] done split=train, processed=1, existing=413, waiting_keyframes=237
[action] start split=val, total=160
[action] done split=val, processed=0, existing=103, waiting_keyframes=57
[action][watch] round=892 processed=1, total_processed=355, waiting_keyframes=294
[action][watch] scan round=893
[action] start split=train, total=651
[action] done split=train, processed=0, existing=414, waiting_keyframes=237
[action] start split=val, total=160
[action] done split=val, processed=0, existing=103, waiting_keyframes=57
[action][watch] waiting for new keyframe outputs: pending=294, idle=1s/600s, sleep=30s
[action][watch] scan round=894
[action] start split=train, total=651
[action] done split=train, processed=0, existing=414, waiting_keyframes=237
[action] start split=val, total=160
[action] 2019_SWJ_LS_Haein: using keyframes from keyframe_selector/outputs/fs1000_all_frame_indices/2019_SWJ_LS_Haein/selected_frame_indices.csv (83 rows)
[action] saved ../FS1000 Dataset/static_resnet50_keyframe_cache/static_resnet50_keyframe_2019_SWJ_LS_Haein_T83.npy, shape=(83, 2048)
[action] done split=val, processed=1, existing=103, waiting_keyframes=56
[action][watch] round=894 processed=1, total_processed=356, waiting_keyframes=293
[action][watch] scan round=895
[action] start split=train, total=651
[action] done split=train, processed=0, existing=414, waiting_keyframes=237
[action] start split=val, total=160
[action] done split=val, processed=0, existing=104, waiting_keyframes=56
[action][watch] waiting for new keyframe outputs: pending=293, idle=1s/600s, sleep=30s
[action][watch] scan round=896
[action] start split=train, total=651
[action] done split=train, processed=0, existing=414, waiting_keyframes=237
[action] start split=val, total=160
[action] done split=val, processed=0, existing=104, waiting_keyframes=56
[action][watch] waiting for new keyframe outputs: pending=293, idle=31s/600s, sleep=30s
[action][watch] scan round=897
[action] start split=train, total=651
[action] 2019_SWJ_LS_Hana: using keyframes from keyframe_selector/outputs/fs1000_all_frame_indices/2019_SWJ_LS_Hana/selected_frame_indices.csv (81 rows)
[action] saved ../FS1000 Dataset/static_resnet50_keyframe_cache/static_resnet50_keyframe_2019_SWJ_LS_Hana_T81.npy, shape=(81, 2048)
[action] done split=train, processed=1, existing=414, waiting_keyframes=236
[action] start split=val, total=160
[action] done split=val, processed=0, existing=104, waiting_keyframes=56
[action][watch] round=897 processed=1, total_processed=357, waiting_keyframes=292
[action][watch] scan round=898
[action] start split=train, total=651
[action] done split=train, processed=0, existing=415, waiting_keyframes=236
[action] start split=val, total=160
[action] done split=val, processed=0, existing=104, waiting_keyframes=56
[action][watch] waiting for new keyframe outputs: pending=292, idle=1s/600s, sleep=30s
[action][watch] scan round=899
[action] start split=train, total=651
[action] 2019_SWJ_LS_Hanna: using keyframes from keyframe_selector/outputs/fs1000_all_frame_indices/2019_SWJ_LS_Hanna/selected_frame_indices.csv (82 rows)
[action] saved ../FS1000 Dataset/static_resnet50_keyframe_cache/static_resnet50_keyframe_2019_SWJ_LS_Hanna_T82.npy, shape=(82, 2048)
[action] done split=train, processed=1, existing=415, waiting_keyframes=235
[action] start split=val, total=160
[action] done split=val, processed=0, existing=104, waiting_keyframes=56
[action][watch] round=899 processed=1, total_processed=358, waiting_keyframes=291
[action][watch] scan round=900
[action] start split=train, total=651
[action] done split=train, processed=0, existing=416, waiting_keyframes=235
[action] start split=val, total=160
[action] done split=val, processed=0, existing=104, waiting_keyframes=56
[action][watch] waiting for new keyframe outputs: pending=291, idle=1s/600s, sleep=30s
[action][watch] scan round=901
[action] start split=train, total=651
[action] 2019_SWJ_LS_Hongyi: using keyframes from keyframe_selector/outputs/fs1000_all_frame_indices/2019_SWJ_LS_Hongyi/selected_frame_indices.csv (86 rows)
[action] saved ../FS1000 Dataset/static_resnet50_keyframe_cache/static_resnet50_keyframe_2019_SWJ_LS_Hongyi_T86.npy, shape=(86, 2048)
[action] done split=train, processed=1, existing=416, waiting_keyframes=234
[action] start split=val, total=160
[action] done split=val, processed=0, existing=104, waiting_keyframes=56
[action][watch] round=901 processed=1, total_processed=359, waiting_keyframes=290
[action][watch] scan round=902
[action] start split=train, total=651
[action] done split=train, processed=0, existing=417, waiting_keyframes=234
[action] start split=val, total=160
[action] done split=val, processed=0, existing=104, waiting_keyframes=56
[action][watch] waiting for new keyframe outputs: pending=290, idle=1s/600s, sleep=30s
[action][watch] scan round=903
[action] start split=train, total=651
[action] 2019_SWJ_LS_Jocelyn: using keyframes from keyframe_selector/outputs/fs1000_all_frame_indices/2019_SWJ_LS_Jocelyn/selected_frame_indices.csv (83 rows)
[action] saved ../FS1000 Dataset/static_resnet50_keyframe_cache/static_resnet50_keyframe_2019_SWJ_LS_Jocelyn_T83.npy, shape=(83, 2048)
[action] done split=train, processed=1, existing=417, waiting_keyframes=233
[action] start split=val, total=160
[action] done split=val, processed=0, existing=104, waiting_keyframes=56
[action][watch] round=903 processed=1, total_processed=360, waiting_keyframes=289
[action][watch] scan round=904
[action] start split=train, total=651
[action] done split=train, processed=0, existing=418, waiting_keyframes=233
[action] start split=val, total=160
[action] done split=val, processed=0, existing=104, waiting_keyframes=56
[action][watch] waiting for new keyframe outputs: pending=289, idle=1s/600s, sleep=30s
[action][watch] scan round=905
[action] start split=train, total=651
[action] done split=train, processed=0, existing=418, waiting_keyframes=233
[action] start split=val, total=160
[action] done split=val, processed=0, existing=104, waiting_keyframes=56
[action][watch] waiting for new keyframe outputs: pending=289, idle=31s/600s, sleep=30s
[action][watch] scan round=906
[action] start split=train, total=651
[action] done split=train, processed=0, existing=418, waiting_keyframes=233
[action] start split=val, total=160
[action] 2019_SWJ_LS_Julia: using keyframes from keyframe_selector/outputs/fs1000_all_frame_indices/2019_SWJ_LS_Julia/selected_frame_indices.csv (81 rows)
[action] saved ../FS1000 Dataset/static_resnet50_keyframe_cache/static_resnet50_keyframe_2019_SWJ_LS_Julia_T81.npy, shape=(81, 2048)
[action] done split=val, processed=1, existing=104, waiting_keyframes=55
[action][watch] round=906 processed=1, total_processed=361, waiting_keyframes=288
[action][watch] scan round=907
[action] start split=train, total=651
[action] done split=train, processed=0, existing=418, waiting_keyframes=233
[action] start split=val, total=160
[action] done split=val, processed=0, existing=105, waiting_keyframes=55
[action][watch] waiting for new keyframe outputs: pending=288, idle=1s/600s, sleep=30s
[action][watch] scan round=908
[action] start split=train, total=651
[action] done split=train, processed=0, existing=418, waiting_keyframes=233
[action] start split=val, total=160
[action] 2019_SWJ_LS_Kristen: using keyframes from keyframe_selector/outputs/fs1000_all_frame_indices/2019_SWJ_LS_Kristen/selected_frame_indices.csv (81 rows)
[action] saved ../FS1000 Dataset/static_resnet50_keyframe_cache/static_resnet50_keyframe_2019_SWJ_LS_Kristen_T81.npy, shape=(81, 2048)
[action] done split=val, processed=1, existing=105, waiting_keyframes=54
[action][watch] round=908 processed=1, total_processed=362, waiting_keyframes=287
[action][watch] scan round=909
[action] start split=train, total=651
[action] done split=train, processed=0, existing=418, waiting_keyframes=233
[action] start split=val, total=160
[action] done split=val, processed=0, existing=106, waiting_keyframes=54
[action][watch] waiting for new keyframe outputs: pending=287, idle=1s/600s, sleep=30s
[action][watch] scan round=910
[action] start split=train, total=651
[action] 2019_SWJ_LS_Kseniia: using keyframes from keyframe_selector/outputs/fs1000_all_frame_indices/2019_SWJ_LS_Kseniia/selected_frame_indices.csv (84 rows)
[action] saved ../FS1000 Dataset/static_resnet50_keyframe_cache/static_resnet50_keyframe_2019_SWJ_LS_Kseniia_T84.npy, shape=(84, 2048)
[action] done split=train, processed=1, existing=418, waiting_keyframes=232
[action] start split=val, total=160
[action] done split=val, processed=0, existing=106, waiting_keyframes=54
[action][watch] round=910 processed=1, total_processed=363, waiting_keyframes=286
[action][watch] scan round=911
[action] start split=train, total=651
[action] done split=train, processed=0, existing=419, waiting_keyframes=232
[action] start split=val, total=160
[action] done split=val, processed=0, existing=106, waiting_keyframes=54
[action][watch] waiting for new keyframe outputs: pending=286, idle=1s/600s, sleep=30s
[action][watch] scan round=912
[action] start split=train, total=651
[action] 2019_SWJ_LS_Linnea: using keyframes from keyframe_selector/outputs/fs1000_all_frame_indices/2019_SWJ_LS_Linnea/selected_frame_indices.csv (79 rows)
[action] saved ../FS1000 Dataset/static_resnet50_keyframe_cache/static_resnet50_keyframe_2019_SWJ_LS_Linnea_T79.npy, shape=(79, 2048)
[action] done split=train, processed=1, existing=419, waiting_keyframes=231
[action] start split=val, total=160
[action] done split=val, processed=0, existing=106, waiting_keyframes=54
[action][watch] round=912 processed=1, total_processed=364, waiting_keyframes=285
[action][watch] scan round=913
[action] start split=train, total=651
[action] done split=train, processed=0, existing=420, waiting_keyframes=231
[action] start split=val, total=160
[action] done split=val, processed=0, existing=106, waiting_keyframes=54
[action][watch] waiting for new keyframe outputs: pending=285, idle=1s/600s, sleep=30s
[action][watch] scan round=914
[action] start split=train, total=651
[action] done split=train, processed=0, existing=420, waiting_keyframes=231
[action] start split=val, total=160
[action] done split=val, processed=0, existing=106, waiting_keyframes=54
[action][watch] waiting for new keyframe outputs: pending=285, idle=31s/600s, sleep=30s
[action][watch] scan round=915
[action] start split=train, total=651
[action] 2019_SWJ_LS_Lucrezia: using keyframes from keyframe_selector/outputs/fs1000_all_frame_indices/2019_SWJ_LS_Lucrezia/selected_frame_indices.csv (83 rows)
[action] saved ../FS1000 Dataset/static_resnet50_keyframe_cache/static_resnet50_keyframe_2019_SWJ_LS_Lucrezia_T83.npy, shape=(83, 2048)
[action] done split=train, processed=1, existing=420, waiting_keyframes=230
[action] start split=val, total=160
[action] done split=val, processed=0, existing=106, waiting_keyframes=54
[action][watch] round=915 processed=1, total_processed=365, waiting_keyframes=284
[action][watch] scan round=916
[action] start split=train, total=651
[action] done split=train, processed=0, existing=421, waiting_keyframes=230
[action] start split=val, total=160
[action] done split=val, processed=0, existing=106, waiting_keyframes=54
[action][watch] waiting for new keyframe outputs: pending=284, idle=1s/600s, sleep=30s
[action][watch] scan round=917
[action] start split=train, total=651
[action] 2019_SWJ_LS_Maia: using keyframes from keyframe_selector/outputs/fs1000_all_frame_indices/2019_SWJ_LS_Maia/selected_frame_indices.csv (82 rows)
[action] saved ../FS1000 Dataset/static_resnet50_keyframe_cache/static_resnet50_keyframe_2019_SWJ_LS_Maia_T82.npy, shape=(82, 2048)
[action] done split=train, processed=1, existing=421, waiting_keyframes=229
[action] start split=val, total=160
[action] done split=val, processed=0, existing=106, waiting_keyframes=54
[action][watch] round=917 processed=1, total_processed=366, waiting_keyframes=283
[action][watch] scan round=918
[action] start split=train, total=651
[action] done split=train, processed=0, existing=422, waiting_keyframes=229
[action] start split=val, total=160
[action] done split=val, processed=0, existing=106, waiting_keyframes=54
[action][watch] waiting for new keyframe outputs: pending=283, idle=1s/600s, sleep=30s
[action][watch] scan round=919
[action] start split=train, total=651
[action] 2019_SWJ_LS_Mandy: using keyframes from keyframe_selector/outputs/fs1000_all_frame_indices/2019_SWJ_LS_Mandy/selected_frame_indices.csv (83 rows)
[action] saved ../FS1000 Dataset/static_resnet50_keyframe_cache/static_resnet50_keyframe_2019_SWJ_LS_Mandy_T83.npy, shape=(83, 2048)
[action] train: 600/651
[action] done split=train, processed=1, existing=422, waiting_keyframes=228
[action] start split=val, total=160
[action] done split=val, processed=0, existing=106, waiting_keyframes=54
[action][watch] round=919 processed=1, total_processed=367, waiting_keyframes=282
[action][watch] scan round=920
[action] start split=train, total=651
[action] done split=train, processed=0, existing=423, waiting_keyframes=228
[action] start split=val, total=160
[action] done split=val, processed=0, existing=106, waiting_keyframes=54
[action][watch] waiting for new keyframe outputs: pending=282, idle=1s/600s, sleep=30s
[action][watch] scan round=921
[action] start split=train, total=651
[action] done split=train, processed=0, existing=423, waiting_keyframes=228
[action] start split=val, total=160
[action] done split=val, processed=0, existing=106, waiting_keyframes=54
[action][watch] waiting for new keyframe outputs: pending=282, idle=31s/600s, sleep=30s
[action][watch] scan round=922
[action] start split=train, total=651
[action] done split=train, processed=0, existing=423, waiting_keyframes=228
[action] start split=val, total=160
[action] 2019_SWJ_LS_Marian: using keyframes from keyframe_selector/outputs/fs1000_all_frame_indices/2019_SWJ_LS_Marian/selected_frame_indices.csv (82 rows)
[action] saved ../FS1000 Dataset/static_resnet50_keyframe_cache/static_resnet50_keyframe_2019_SWJ_LS_Marian_T82.npy, shape=(82, 2048)
[action] done split=val, processed=1, existing=106, waiting_keyframes=53
[action][watch] round=922 processed=1, total_processed=368, waiting_keyframes=281
[action][watch] scan round=923
[action] start split=train, total=651
[action] done split=train, processed=0, existing=423, waiting_keyframes=228
[action] start split=val, total=160
[action] done split=val, processed=0, existing=107, waiting_keyframes=53
[action][watch] waiting for new keyframe outputs: pending=281, idle=1s/600s, sleep=30s
[action][watch] scan round=924
[action] start split=train, total=651
[action] 2019_SWJ_LS_Nikola: using keyframes from keyframe_selector/outputs/fs1000_all_frame_indices/2019_SWJ_LS_Nikola/selected_frame_indices.csv (81 rows)
[action] saved ../FS1000 Dataset/static_resnet50_keyframe_cache/static_resnet50_keyframe_2019_SWJ_LS_Nikola_T81.npy, shape=(81, 2048)
[action] done split=train, processed=1, existing=423, waiting_keyframes=227
[action] start split=val, total=160
[action] done split=val, processed=0, existing=107, waiting_keyframes=53
[action][watch] round=924 processed=1, total_processed=369, waiting_keyframes=280
[action][watch] scan round=925
[action] start split=train, total=651
[action] done split=train, processed=0, existing=424, waiting_keyframes=227
[action] start split=val, total=160
[action] done split=val, processed=0, existing=107, waiting_keyframes=53
[action][watch] waiting for new keyframe outputs: pending=280, idle=1s/600s, sleep=30s
[action][watch] scan round=926
[action] start split=train, total=651
[action] 2019_SWJ_LS_Nina: using keyframes from keyframe_selector/outputs/fs1000_all_frame_indices/2019_SWJ_LS_Nina/selected_frame_indices.csv (83 rows)
[action] saved ../FS1000 Dataset/static_resnet50_keyframe_cache/static_resnet50_keyframe_2019_SWJ_LS_Nina_T83.npy, shape=(83, 2048)
[action] done split=train, processed=1, existing=424, waiting_keyframes=226
[action] start split=val, total=160
[action] done split=val, processed=0, existing=107, waiting_keyframes=53
[action][watch] round=926 processed=1, total_processed=370, waiting_keyframes=279
[action][watch] scan round=927
[action] start split=train, total=651
[action] done split=train, processed=0, existing=425, waiting_keyframes=226
[action] start split=val, total=160
[action] done split=val, processed=0, existing=107, waiting_keyframes=53
[action][watch] waiting for new keyframe outputs: pending=279, idle=1s/600s, sleep=30s
[action][watch] scan round=928
[action] start split=train, total=651
[action] done split=train, processed=0, existing=425, waiting_keyframes=226
[action] start split=val, total=160
[action] 2019_SWJ_LS_Olga: using keyframes from keyframe_selector/outputs/fs1000_all_frame_indices/2019_SWJ_LS_Olga/selected_frame_indices.csv (81 rows)
[action] saved ../FS1000 Dataset/static_resnet50_keyframe_cache/static_resnet50_keyframe_2019_SWJ_LS_Olga_T81.npy, shape=(81, 2048)
[action] done split=val, processed=1, existing=107, waiting_keyframes=52
[action][watch] round=928 processed=1, total_processed=371, waiting_keyframes=278
[action][watch] scan round=929
[action] start split=train, total=651
[action] done split=train, processed=0, existing=425, waiting_keyframes=226
[action] start split=val, total=160
[action] done split=val, processed=0, existing=108, waiting_keyframes=52
[action][watch] waiting for new keyframe outputs: pending=278, idle=1s/600s, sleep=30s
[action][watch] scan round=930
[action] start split=train, total=651
[action] 2019_SWJ_LS_Oliwia: using keyframes from keyframe_selector/outputs/fs1000_all_frame_indices/2019_SWJ_LS_Oliwia/selected_frame_indices.csv (84 rows)
[action] saved ../FS1000 Dataset/static_resnet50_keyframe_cache/static_resnet50_keyframe_2019_SWJ_LS_Oliwia_T84.npy, shape=(84, 2048)
[action] done split=train, processed=1, existing=425, waiting_keyframes=225
[action] start split=val, total=160
[action] done split=val, processed=0, existing=108, waiting_keyframes=52
[action][watch] round=930 processed=1, total_processed=372, waiting_keyframes=277
[action][watch] scan round=931
[action] start split=train, total=651
[action] done split=train, processed=0, existing=426, waiting_keyframes=225
[action] start split=val, total=160
[action] done split=val, processed=0, existing=108, waiting_keyframes=52
[action][watch] waiting for new keyframe outputs: pending=277, idle=1s/600s, sleep=30s
[action][watch] scan round=932
[action] start split=train, total=651
[action] done split=train, processed=0, existing=426, waiting_keyframes=225
[action] start split=val, total=160
[action] done split=val, processed=0, existing=108, waiting_keyframes=52
[action][watch] waiting for new keyframe outputs: pending=277, idle=31s/600s, sleep=30s
[action][watch] scan round=933
[action] start split=train, total=651
[action] done split=train, processed=0, existing=426, waiting_keyframes=225
[action] start split=val, total=160
[action] 2019_SWJ_LS_Paulina: using keyframes from keyframe_selector/outputs/fs1000_all_frame_indices/2019_SWJ_LS_Paulina/selected_frame_indices.csv (84 rows)
[action] saved ../FS1000 Dataset/static_resnet50_keyframe_cache/static_resnet50_keyframe_2019_SWJ_LS_Paulina_T84.npy, shape=(84, 2048)
[action] done split=val, processed=1, existing=108, waiting_keyframes=51
[action][watch] round=933 processed=1, total_processed=373, waiting_keyframes=276
[action][watch] scan round=934
[action] start split=train, total=651
[action] done split=train, processed=0, existing=426, waiting_keyframes=225
[action] start split=val, total=160
[action] done split=val, processed=0, existing=109, waiting_keyframes=51
[action][watch] waiting for new keyframe outputs: pending=276, idle=1s/600s, sleep=30s
[action][watch] scan round=935
[action] start split=train, total=651
[action] 2019_SWJ_LS_Silvia: using keyframes from keyframe_selector/outputs/fs1000_all_frame_indices/2019_SWJ_LS_Silvia/selected_frame_indices.csv (82 rows)
[action] saved ../FS1000 Dataset/static_resnet50_keyframe_cache/static_resnet50_keyframe_2019_SWJ_LS_Silvia_T82.npy, shape=(82, 2048)
[action] done split=train, processed=1, existing=426, waiting_keyframes=224
[action] start split=val, total=160
[action] done split=val, processed=0, existing=109, waiting_keyframes=51
[action][watch] round=935 processed=1, total_processed=374, waiting_keyframes=275
[action][watch] scan round=936
[action] start split=train, total=651
[action] done split=train, processed=0, existing=427, waiting_keyframes=224
[action] start split=val, total=160
[action] done split=val, processed=0, existing=109, waiting_keyframes=51
[action][watch] waiting for new keyframe outputs: pending=275, idle=1s/600s, sleep=30s
[action][watch] scan round=937
[action] start split=train, total=651
[action] 2019_SWJ_LS_Smilla: using keyframes from keyframe_selector/outputs/fs1000_all_frame_indices/2019_SWJ_LS_Smilla/selected_frame_indices.csv (83 rows)
[action] saved ../FS1000 Dataset/static_resnet50_keyframe_cache/static_resnet50_keyframe_2019_SWJ_LS_Smilla_T83.npy, shape=(83, 2048)
[action] done split=train, processed=1, existing=427, waiting_keyframes=223
[action] start split=val, total=160
[action] done split=val, processed=0, existing=109, waiting_keyframes=51
[action][watch] round=937 processed=1, total_processed=375, waiting_keyframes=274
[action][watch] scan round=938
[action] start split=train, total=651
[action] done split=train, processed=0, existing=428, waiting_keyframes=223
[action] start split=val, total=160
[action] done split=val, processed=0, existing=109, waiting_keyframes=51
[action][watch] waiting for new keyframe outputs: pending=274, idle=1s/600s, sleep=30s
[action][watch] scan round=939
[action] start split=train, total=651
[action] done split=train, processed=0, existing=428, waiting_keyframes=223
[action] start split=val, total=160
[action] done split=val, processed=0, existing=109, waiting_keyframes=51
[action][watch] waiting for new keyframe outputs: pending=274, idle=31s/600s, sleep=30s
[action][watch] scan round=940
[action] start split=train, total=651
[action] 2019_SWJ_LS_Ting: using keyframes from keyframe_selector/outputs/fs1000_all_frame_indices/2019_SWJ_LS_Ting/selected_frame_indices.csv (84 rows)
[action] saved ../FS1000 Dataset/static_resnet50_keyframe_cache/static_resnet50_keyframe_2019_SWJ_LS_Ting_T84.npy, shape=(84, 2048)
[action] done split=train, processed=1, existing=428, waiting_keyframes=222
[action] start split=val, total=160
[action] done split=val, processed=0, existing=109, waiting_keyframes=51
[action][watch] round=940 processed=1, total_processed=376, waiting_keyframes=273
[action][watch] scan round=941
[action] start split=train, total=651
[action] done split=train, processed=0, existing=429, waiting_keyframes=222
[action] start split=val, total=160
[action] done split=val, processed=0, existing=109, waiting_keyframes=51
[action][watch] waiting for new keyframe outputs: pending=273, idle=1s/600s, sleep=30s
[action][watch] scan round=942
[action] start split=train, total=651
[action] 2019_SWJ_LS_Tomoe: using keyframes from keyframe_selector/outputs/fs1000_all_frame_indices/2019_SWJ_LS_Tomoe/selected_frame_indices.csv (78 rows)
[action] saved ../FS1000 Dataset/static_resnet50_keyframe_cache/static_resnet50_keyframe_2019_SWJ_LS_Tomoe_T78.npy, shape=(78, 2048)
[action] done split=train, processed=1, existing=429, waiting_keyframes=221
[action] start split=val, total=160
[action] done split=val, processed=0, existing=109, waiting_keyframes=51
[action][watch] round=942 processed=1, total_processed=377, waiting_keyframes=272
[action][watch] scan round=943
[action] start split=train, total=651
[action] done split=train, processed=0, existing=430, waiting_keyframes=221
[action] start split=val, total=160
[action] done split=val, processed=0, existing=109, waiting_keyframes=51
[action][watch] waiting for new keyframe outputs: pending=272, idle=1s/600s, sleep=30s
[action][watch] scan round=944
[action] start split=train, total=651
[action] 2019_SWJ_LS_Yi: using keyframes from keyframe_selector/outputs/fs1000_all_frame_indices/2019_SWJ_LS_Yi/selected_frame_indices.csv (83 rows)
[action] saved ../FS1000 Dataset/static_resnet50_keyframe_cache/static_resnet50_keyframe_2019_SWJ_LS_Yi_T83.npy, shape=(83, 2048)
[action] done split=train, processed=1, existing=430, waiting_keyframes=220
[action] start split=val, total=160
[action] done split=val, processed=0, existing=109, waiting_keyframes=51
[action][watch] round=944 processed=1, total_processed=378, waiting_keyframes=271
[action][watch] scan round=945
[action] start split=train, total=651
[action] done split=train, processed=0, existing=431, waiting_keyframes=220
[action] start split=val, total=160
[action] done split=val, processed=0, existing=109, waiting_keyframes=51
[action][watch] waiting for new keyframe outputs: pending=271, idle=1s/600s, sleep=30s
[action][watch] scan round=946
[action] start split=train, total=651
[action] 2019_SWJ_LS_Young: using keyframes from keyframe_selector/outputs/fs1000_all_frame_indices/2019_SWJ_LS_Young/selected_frame_indices.csv (82 rows)
[action] saved ../FS1000 Dataset/static_resnet50_keyframe_cache/static_resnet50_keyframe_2019_SWJ_LS_Young_T82.npy, shape=(82, 2048)
[action] done split=train, processed=1, existing=431, waiting_keyframes=219
[action] start split=val, total=160
[action] done split=val, processed=0, existing=109, waiting_keyframes=51
[action][watch] round=946 processed=1, total_processed=379, waiting_keyframes=270
[action][watch] scan round=947
[action] start split=train, total=651
[action] done split=train, processed=0, existing=432, waiting_keyframes=219
[action] start split=val, total=160
[action] done split=val, processed=0, existing=109, waiting_keyframes=51
[action][watch] waiting for new keyframe outputs: pending=270, idle=1s/600s, sleep=30s
[action][watch] scan round=948
[action] start split=train, total=651
[action] 2019_SWJ_LS_Yuhana: using keyframes from keyframe_selector/outputs/fs1000_all_frame_indices/2019_SWJ_LS_Yuhana/selected_frame_indices.csv (79 rows)
[action] saved ../FS1000 Dataset/static_resnet50_keyframe_cache/static_resnet50_keyframe_2019_SWJ_LS_Yuhana_T79.npy, shape=(79, 2048)
[action] done split=train, processed=1, existing=432, waiting_keyframes=218
[action] start split=val, total=160
[action] done split=val, processed=0, existing=109, waiting_keyframes=51
[action][watch] round=948 processed=1, total_processed=380, waiting_keyframes=269
[action][watch] scan round=949
[action] start split=train, total=651
[action] done split=train, processed=0, existing=433, waiting_keyframes=218
[action] start split=val, total=160
[action] done split=val, processed=0, existing=109, waiting_keyframes=51
[action][watch] waiting for new keyframe outputs: pending=269, idle=1s/600s, sleep=30s
[action][watch] scan round=950
[action] start split=train, total=651
[action] done split=train, processed=0, existing=433, waiting_keyframes=218
[action] start split=val, total=160
[action] done split=val, processed=0, existing=109, waiting_keyframes=51
[action][watch] waiting for new keyframe outputs: pending=269, idle=31s/600s, sleep=30s
[action][watch] scan round=951
[action] start split=train, total=651
[action] 2019_SWJ_LS_Yuna: using keyframes from keyframe_selector/outputs/fs1000_all_frame_indices/2019_SWJ_LS_Yuna/selected_frame_indices.csv (82 rows)
[action] saved ../FS1000 Dataset/static_resnet50_keyframe_cache/static_resnet50_keyframe_2019_SWJ_LS_Yuna_T82.npy, shape=(82, 2048)
[action] done split=train, processed=1, existing=433, waiting_keyframes=217
[action] start split=val, total=160
[action] done split=val, processed=0, existing=109, waiting_keyframes=51
[action][watch] round=951 processed=1, total_processed=381, waiting_keyframes=268
[action][watch] scan round=952
[action] start split=train, total=651
[action] done split=train, processed=0, existing=434, waiting_keyframes=217
[action] start split=val, total=160
[action] done split=val, processed=0, existing=109, waiting_keyframes=51
[action][watch] waiting for new keyframe outputs: pending=268, idle=1s/600s, sleep=30s
[action][watch] scan round=953
[action] start split=train, total=651
[action] 2019_SWJ_MF_Adam: using keyframes from keyframe_selector/outputs/fs1000_all_frame_indices/2019_SWJ_MF_Adam/selected_frame_indices.csv (110 rows)
[action] saved ../FS1000 Dataset/static_resnet50_keyframe_cache/static_resnet50_keyframe_2019_SWJ_MF_Adam_T110.npy, shape=(110, 2048)
[action] done split=train, processed=1, existing=434, waiting_keyframes=216
[action] start split=val, total=160
[action] done split=val, processed=0, existing=109, waiting_keyframes=51
[action][watch] round=953 processed=1, total_processed=382, waiting_keyframes=267
[action][watch] scan round=954
[action] start split=train, total=651
[action] done split=train, processed=0, existing=435, waiting_keyframes=216
[action] start split=val, total=160
[action] done split=val, processed=0, existing=109, waiting_keyframes=51
[action][watch] waiting for new keyframe outputs: pending=267, idle=1s/600s, sleep=30s
[action][watch] scan round=955
[action] start split=train, total=651
[action] done split=train, processed=0, existing=435, waiting_keyframes=216
[action] start split=val, total=160
[action] done split=val, processed=0, existing=109, waiting_keyframes=51
[action][watch] waiting for new keyframe outputs: pending=267, idle=31s/600s, sleep=30s
[action][watch] scan round=956
[action] start split=train, total=651
[action] 2019_SWJ_MF_Alexei: using keyframes from keyframe_selector/outputs/fs1000_all_frame_indices/2019_SWJ_MF_Alexei/selected_frame_indices.csv (108 rows)
[action] saved ../FS1000 Dataset/static_resnet50_keyframe_cache/static_resnet50_keyframe_2019_SWJ_MF_Alexei_T108.npy, shape=(108, 2048)
[action] done split=train, processed=1, existing=435, waiting_keyframes=215
[action] start split=val, total=160
[action] done split=val, processed=0, existing=109, waiting_keyframes=51
[action][watch] round=956 processed=1, total_processed=383, waiting_keyframes=266
[action][watch] scan round=957
[action] start split=train, total=651
[action] done split=train, processed=0, existing=436, waiting_keyframes=215
[action] start split=val, total=160
[action] done split=val, processed=0, existing=109, waiting_keyframes=51
[action][watch] waiting for new keyframe outputs: pending=266, idle=1s/600s, sleep=30s
[action][watch] scan round=958
[action] start split=train, total=651
[action] done split=train, processed=0, existing=436, waiting_keyframes=215
[action] start split=val, total=160
[action] done split=val, processed=0, existing=109, waiting_keyframes=51
[action][watch] waiting for new keyframe outputs: pending=266, idle=31s/600s, sleep=30s
[action][watch] scan round=959
[action] start split=train, total=651
[action] 2019_SWJ_MF_Artur: using keyframes from keyframe_selector/outputs/fs1000_all_frame_indices/2019_SWJ_MF_Artur/selected_frame_indices.csv (108 rows)
[action] saved ../FS1000 Dataset/static_resnet50_keyframe_cache/static_resnet50_keyframe_2019_SWJ_MF_Artur_T108.npy, shape=(108, 2048)
[action] done split=train, processed=1, existing=436, waiting_keyframes=214
[action] start split=val, total=160
[action] done split=val, processed=0, existing=109, waiting_keyframes=51
[action][watch] round=959 processed=1, total_processed=384, waiting_keyframes=265
[action][watch] scan round=960
[action] start split=train, total=651
[action] done split=train, processed=0, existing=437, waiting_keyframes=214
[action] start split=val, total=160
[action] done split=val, processed=0, existing=109, waiting_keyframes=51
[action][watch] waiting for new keyframe outputs: pending=265, idle=1s/600s, sleep=30s
[action][watch] scan round=961
[action] start split=train, total=651
[action] 2019_SWJ_MF_Basar: using keyframes from keyframe_selector/outputs/fs1000_all_frame_indices/2019_SWJ_MF_Basar/selected_frame_indices.csv (107 rows)
[action] saved ../FS1000 Dataset/static_resnet50_keyframe_cache/static_resnet50_keyframe_2019_SWJ_MF_Basar_T107.npy, shape=(107, 2048)
[action] done split=train, processed=1, existing=437, waiting_keyframes=213
[action] start split=val, total=160
[action] done split=val, processed=0, existing=109, waiting_keyframes=51
[action][watch] round=961 processed=1, total_processed=385, waiting_keyframes=264
[action][watch] scan round=962
[action] start split=train, total=651
[action] done split=train, processed=0, existing=438, waiting_keyframes=213
[action] start split=val, total=160
[action] done split=val, processed=0, existing=109, waiting_keyframes=51
[action][watch] waiting for new keyframe outputs: pending=264, idle=1s/600s, sleep=30s
[action][watch] scan round=963
[action] start split=train, total=651
[action] done split=train, processed=0, existing=438, waiting_keyframes=213
[action] start split=val, total=160
[action] done split=val, processed=0, existing=109, waiting_keyframes=51
[action][watch] waiting for new keyframe outputs: pending=264, idle=31s/600s, sleep=30s
[action][watch] scan round=964
[action] start split=train, total=651
[action] 2019_SWJ_MF_Camden: using keyframes from keyframe_selector/outputs/fs1000_all_frame_indices/2019_SWJ_MF_Camden/selected_frame_indices.csv (113 rows)
[action] saved ../FS1000 Dataset/static_resnet50_keyframe_cache/static_resnet50_keyframe_2019_SWJ_MF_Camden_T113.npy, shape=(113, 2048)
[action] done split=train, processed=1, existing=438, waiting_keyframes=212
[action] start split=val, total=160
[action] done split=val, processed=0, existing=109, waiting_keyframes=51
[action][watch] round=964 processed=1, total_processed=386, waiting_keyframes=263
[action][watch] scan round=965
[action] start split=train, total=651
[action] done split=train, processed=0, existing=439, waiting_keyframes=212
[action] start split=val, total=160
[action] done split=val, processed=0, existing=109, waiting_keyframes=51
[action][watch] waiting for new keyframe outputs: pending=263, idle=1s/600s, sleep=30s
[action][watch] scan round=966
[action] start split=train, total=651
[action] done split=train, processed=0, existing=439, waiting_keyframes=212
[action] start split=val, total=160
[action] done split=val, processed=0, existing=109, waiting_keyframes=51
[action][watch] waiting for new keyframe outputs: pending=263, idle=31s/600s, sleep=30s
[action][watch] scan round=967
[action] start split=train, total=651
[action] 2019_SWJ_MF_Daniel: using keyframes from keyframe_selector/outputs/fs1000_all_frame_indices/2019_SWJ_MF_Daniel/selected_frame_indices.csv (108 rows)
[action] saved ../FS1000 Dataset/static_resnet50_keyframe_cache/static_resnet50_keyframe_2019_SWJ_MF_Daniel_T108.npy, shape=(108, 2048)
[action] done split=train, processed=1, existing=439, waiting_keyframes=211
[action] start split=val, total=160
[action] done split=val, processed=0, existing=109, waiting_keyframes=51
[action][watch] round=967 processed=1, total_processed=387, waiting_keyframes=262
[action][watch] scan round=968
[action] start split=train, total=651
[action] done split=train, processed=0, existing=440, waiting_keyframes=211
[action] start split=val, total=160
[action] done split=val, processed=0, existing=109, waiting_keyframes=51
[action][watch] waiting for new keyframe outputs: pending=262, idle=1s/600s, sleep=30s
[action][watch] scan round=969
[action] start split=train, total=651
[action] 2019_SWJ_MF_Gabriele: using keyframes from keyframe_selector/outputs/fs1000_all_frame_indices/2019_SWJ_MF_Gabriele/selected_frame_indices.csv (109 rows)
[action] saved ../FS1000 Dataset/static_resnet50_keyframe_cache/static_resnet50_keyframe_2019_SWJ_MF_Gabriele_T109.npy, shape=(109, 2048)
[action] done split=train, processed=1, existing=440, waiting_keyframes=210
[action] start split=val, total=160
[action] done split=val, processed=0, existing=109, waiting_keyframes=51
[action][watch] round=969 processed=1, total_processed=388, waiting_keyframes=261
[action][watch] scan round=970
[action] start split=train, total=651
[action] done split=train, processed=0, existing=441, waiting_keyframes=210
[action] start split=val, total=160
[action] done split=val, processed=0, existing=109, waiting_keyframes=51
[action][watch] waiting for new keyframe outputs: pending=261, idle=1s/600s, sleep=30s
[action][watch] scan round=971
[action] start split=train, total=651
[action] done split=train, processed=0, existing=441, waiting_keyframes=210
[action] start split=val, total=160
[action] done split=val, processed=0, existing=109, waiting_keyframes=51
[action][watch] waiting for new keyframe outputs: pending=261, idle=31s/600s, sleep=30s
[action][watch] scan round=972
[action] start split=train, total=651
[action] done split=train, processed=0, existing=441, waiting_keyframes=210
[action] start split=val, total=160
[action] 2019_SWJ_MF_Irakli: using keyframes from keyframe_selector/outputs/fs1000_all_frame_indices/2019_SWJ_MF_Irakli/selected_frame_indices.csv (112 rows)
[action] saved ../FS1000 Dataset/static_resnet50_keyframe_cache/static_resnet50_keyframe_2019_SWJ_MF_Irakli_T112.npy, shape=(112, 2048)
[action] done split=val, processed=1, existing=109, waiting_keyframes=50
[action][watch] round=972 processed=1, total_processed=389, waiting_keyframes=260
[action][watch] scan round=973
[action] start split=train, total=651
[action] done split=train, processed=0, existing=441, waiting_keyframes=210
[action] start split=val, total=160
[action] done split=val, processed=0, existing=110, waiting_keyframes=50
[action][watch] waiting for new keyframe outputs: pending=260, idle=1s/600s, sleep=30s
[action][watch] scan round=974
[action] start split=train, total=651
[action] 2019_SWJ_MF_Ivan: using keyframes from keyframe_selector/outputs/fs1000_all_frame_indices/2019_SWJ_MF_Ivan/selected_frame_indices.csv (109 rows)
[action] saved ../FS1000 Dataset/static_resnet50_keyframe_cache/static_resnet50_keyframe_2019_SWJ_MF_Ivan_T109.npy, shape=(109, 2048)
[action] done split=train, processed=1, existing=441, waiting_keyframes=209
[action] start split=val, total=160
[action] done split=val, processed=0, existing=110, waiting_keyframes=50
[action][watch] round=974 processed=1, total_processed=390, waiting_keyframes=259
[action][watch] scan round=975
[action] start split=train, total=651
[action] done split=train, processed=0, existing=442, waiting_keyframes=209
[action] start split=val, total=160
[action] done split=val, processed=0, existing=110, waiting_keyframes=50
[action][watch] waiting for new keyframe outputs: pending=259, idle=1s/600s, sleep=30s
[action][watch] scan round=976
[action] start split=train, total=651
[action] done split=train, processed=0, existing=442, waiting_keyframes=209
[action] start split=val, total=160
[action] done split=val, processed=0, existing=110, waiting_keyframes=50
[action][watch] waiting for new keyframe outputs: pending=259, idle=31s/600s, sleep=30s
[action][watch] scan round=977
[action] start split=train, total=651
[action] 2019_SWJ_MF_Jonathan: using keyframes from keyframe_selector/outputs/fs1000_all_frame_indices/2019_SWJ_MF_Jonathan/selected_frame_indices.csv (109 rows)
[action] saved ../FS1000 Dataset/static_resnet50_keyframe_cache/static_resnet50_keyframe_2019_SWJ_MF_Jonathan_T109.npy, shape=(109, 2048)
[action] done split=train, processed=1, existing=442, waiting_keyframes=208
[action] start split=val, total=160
[action] done split=val, processed=0, existing=110, waiting_keyframes=50
[action][watch] round=977 processed=1, total_processed=391, waiting_keyframes=258
[action][watch] scan round=978
[action] start split=train, total=651
[action] done split=train, processed=0, existing=443, waiting_keyframes=208
[action] start split=val, total=160
[action] done split=val, processed=0, existing=110, waiting_keyframes=50
[action][watch] waiting for new keyframe outputs: pending=258, idle=1s/600s, sleep=30s
[action][watch] scan round=979
[action] start split=train, total=651
[action] done split=train, processed=0, existing=443, waiting_keyframes=208
[action] start split=val, total=160
[action] done split=val, processed=0, existing=110, waiting_keyframes=50
[action][watch] waiting for new keyframe outputs: pending=258, idle=31s/600s, sleep=30s
[action][watch] scan round=980
[action] start split=train, total=651
[action] 2019_SWJ_MF_Joseph: using keyframes from keyframe_selector/outputs/fs1000_all_frame_indices/2019_SWJ_MF_Joseph/selected_frame_indices.csv (108 rows)
[action] saved ../FS1000 Dataset/static_resnet50_keyframe_cache/static_resnet50_keyframe_2019_SWJ_MF_Joseph_T108.npy, shape=(108, 2048)
[action] done split=train, processed=1, existing=443, waiting_keyframes=207
[action] start split=val, total=160
[action] done split=val, processed=0, existing=110, waiting_keyframes=50
[action][watch] round=980 processed=1, total_processed=392, waiting_keyframes=257
[action][watch] scan round=981
[action] start split=train, total=651
[action] done split=train, processed=0, existing=444, waiting_keyframes=207
[action] start split=val, total=160
[action] done split=val, processed=0, existing=110, waiting_keyframes=50
[action][watch] waiting for new keyframe outputs: pending=257, idle=1s/600s, sleep=30s
[action][watch] scan round=982
[action] start split=train, total=651
[action] done split=train, processed=0, existing=444, waiting_keyframes=207
[action] start split=val, total=160
[action] done split=val, processed=0, existing=110, waiting_keyframes=50
[action][watch] waiting for new keyframe outputs: pending=257, idle=31s/600s, sleep=30s
[action][watch] scan round=983
[action] start split=train, total=651
[action] done split=train, processed=0, existing=444, waiting_keyframes=207
[action] start split=val, total=160
[action] 2019_SWJ_MF_Koshiro: using keyframes from keyframe_selector/outputs/fs1000_all_frame_indices/2019_SWJ_MF_Koshiro/selected_frame_indices.csv (108 rows)
[action] saved ../FS1000 Dataset/static_resnet50_keyframe_cache/static_resnet50_keyframe_2019_SWJ_MF_Koshiro_T108.npy, shape=(108, 2048)
[action] done split=val, processed=1, existing=110, waiting_keyframes=49
[action][watch] round=983 processed=1, total_processed=393, waiting_keyframes=256
[action][watch] scan round=984
[action] start split=train, total=651
[action] done split=train, processed=0, existing=444, waiting_keyframes=207
[action] start split=val, total=160
[action] done split=val, processed=0, existing=111, waiting_keyframes=49
[action][watch] waiting for new keyframe outputs: pending=256, idle=1s/600s, sleep=30s
[action][watch] scan round=985
[action] start split=train, total=651
[action] 2019_SWJ_MF_Luc: using keyframes from keyframe_selector/outputs/fs1000_all_frame_indices/2019_SWJ_MF_Luc/selected_frame_indices.csv (107 rows)
[action] saved ../FS1000 Dataset/static_resnet50_keyframe_cache/static_resnet50_keyframe_2019_SWJ_MF_Luc_T107.npy, shape=(107, 2048)
[action] done split=train, processed=1, existing=444, waiting_keyframes=206
[action] start split=val, total=160
[action] done split=val, processed=0, existing=111, waiting_keyframes=49
[action][watch] round=985 processed=1, total_processed=394, waiting_keyframes=255
[action][watch] scan round=986
[action] start split=train, total=651
[action] done split=train, processed=0, existing=445, waiting_keyframes=206
[action] start split=val, total=160
[action] done split=val, processed=0, existing=111, waiting_keyframes=49
[action][watch] waiting for new keyframe outputs: pending=255, idle=1s/600s, sleep=30s
[action][watch] scan round=987
[action] start split=train, total=651
[action] done split=train, processed=0, existing=445, waiting_keyframes=206
[action] start split=val, total=160
[action] done split=val, processed=0, existing=111, waiting_keyframes=49
[action][watch] waiting for new keyframe outputs: pending=255, idle=31s/600s, sleep=30s
[action][watch] scan round=988
[action] start split=train, total=651
[action] 2019_SWJ_MF_Mark: using keyframes from keyframe_selector/outputs/fs1000_all_frame_indices/2019_SWJ_MF_Mark/selected_frame_indices.csv (105 rows)
[action] saved ../FS1000 Dataset/static_resnet50_keyframe_cache/static_resnet50_keyframe_2019_SWJ_MF_Mark_T105.npy, shape=(105, 2048)
[action] done split=train, processed=1, existing=445, waiting_keyframes=205
[action] start split=val, total=160
[action] done split=val, processed=0, existing=111, waiting_keyframes=49
[action][watch] round=988 processed=1, total_processed=395, waiting_keyframes=254
[action][watch] scan round=989
[action] start split=train, total=651
[action] done split=train, processed=0, existing=446, waiting_keyframes=205
[action] start split=val, total=160
[action] done split=val, processed=0, existing=111, waiting_keyframes=49
[action][watch] waiting for new keyframe outputs: pending=254, idle=1s/600s, sleep=30s
[action][watch] scan round=990
[action] start split=train, total=651
[action] 2019_SWJ_MF_Matyas: using keyframes from keyframe_selector/outputs/fs1000_all_frame_indices/2019_SWJ_MF_Matyas/selected_frame_indices.csv (109 rows)
[action] saved ../FS1000 Dataset/static_resnet50_keyframe_cache/static_resnet50_keyframe_2019_SWJ_MF_Matyas_T109.npy, shape=(109, 2048)
[action] done split=train, processed=1, existing=446, waiting_keyframes=204
[action] start split=val, total=160
[action] done split=val, processed=0, existing=111, waiting_keyframes=49
[action][watch] round=990 processed=1, total_processed=396, waiting_keyframes=253
[action][watch] scan round=991
[action] start split=train, total=651
[action] done split=train, processed=0, existing=447, waiting_keyframes=204
[action] start split=val, total=160
[action] done split=val, processed=0, existing=111, waiting_keyframes=49
[action][watch] waiting for new keyframe outputs: pending=253, idle=1s/600s, sleep=30s
[action][watch] scan round=992
[action] start split=train, total=651
[action] done split=train, processed=0, existing=447, waiting_keyframes=204
[action] start split=val, total=160
[action] done split=val, processed=0, existing=111, waiting_keyframes=49
[action][watch] waiting for new keyframe outputs: pending=253, idle=31s/600s, sleep=30s
[action][watch] scan round=993
[action] start split=train, total=651
[action] 2019_SWJ_MF_Nikita: using keyframes from keyframe_selector/outputs/fs1000_all_frame_indices/2019_SWJ_MF_Nikita/selected_frame_indices.csv (107 rows)
[action] saved ../FS1000 Dataset/static_resnet50_keyframe_cache/static_resnet50_keyframe_2019_SWJ_MF_Nikita_T107.npy, shape=(107, 2048)
[action] done split=train, processed=1, existing=447, waiting_keyframes=203
[action] start split=val, total=160
[action] done split=val, processed=0, existing=111, waiting_keyframes=49
[action][watch] round=993 processed=1, total_processed=397, waiting_keyframes=252
[action][watch] scan round=994
[action] start split=train, total=651
[action] done split=train, processed=0, existing=448, waiting_keyframes=203
[action] start split=val, total=160
[action] done split=val, processed=0, existing=111, waiting_keyframes=49
[action][watch] waiting for new keyframe outputs: pending=252, idle=1s/600s, sleep=30s
[action][watch] scan round=995
[action] start split=train, total=651
[action] done split=train, processed=0, existing=448, waiting_keyframes=203
[action] start split=val, total=160
[action] done split=val, processed=0, existing=111, waiting_keyframes=49
[action][watch] waiting for new keyframe outputs: pending=252, idle=31s/600s, sleep=30s
[action][watch] scan round=996
[action] start split=train, total=651
[action] 2019_SWJ_MF_Nikolaj: using keyframes from keyframe_selector/outputs/fs1000_all_frame_indices/2019_SWJ_MF_Nikolaj/selected_frame_indices.csv (108 rows)
[action] saved ../FS1000 Dataset/static_resnet50_keyframe_cache/static_resnet50_keyframe_2019_SWJ_MF_Nikolaj_T108.npy, shape=(108, 2048)
[action] done split=train, processed=1, existing=448, waiting_keyframes=202
[action] start split=val, total=160
[action] done split=val, processed=0, existing=111, waiting_keyframes=49
[action][watch] round=996 processed=1, total_processed=398, waiting_keyframes=251
[action][watch] scan round=997
[action] start split=train, total=651
[action] done split=train, processed=0, existing=449, waiting_keyframes=202
[action] start split=val, total=160
[action] done split=val, processed=0, existing=111, waiting_keyframes=49
[action][watch] waiting for new keyframe outputs: pending=251, idle=1s/600s, sleep=30s
[action][watch] scan round=998
[action] start split=train, total=651
[action] 2019_SWJ_MF_Petr: using keyframes from keyframe_selector/outputs/fs1000_all_frame_indices/2019_SWJ_MF_Petr/selected_frame_indices.csv (108 rows)
[action] saved ../FS1000 Dataset/static_resnet50_keyframe_cache/static_resnet50_keyframe_2019_SWJ_MF_Petr_T108.npy, shape=(108, 2048)
[action] done split=train, processed=1, existing=449, waiting_keyframes=201
[action] start split=val, total=160
[action] done split=val, processed=0, existing=111, waiting_keyframes=49
[action][watch] round=998 processed=1, total_processed=399, waiting_keyframes=250
[action][watch] scan round=999
[action] start split=train, total=651
[action] done split=train, processed=0, existing=450, waiting_keyframes=201
[action] start split=val, total=160
[action] done split=val, processed=0, existing=111, waiting_keyframes=49
[action][watch] waiting for new keyframe outputs: pending=250, idle=1s/600s, sleep=30s
[action][watch] scan round=1000
[action] start split=train, total=651
[action] done split=train, processed=0, existing=450, waiting_keyframes=201
[action] start split=val, total=160
[action] done split=val, processed=0, existing=111, waiting_keyframes=49
[action][watch] waiting for new keyframe outputs: pending=250, idle=31s/600s, sleep=30s
[action][watch] scan round=1001
[action] start split=train, total=651
[action] done split=train, processed=0, existing=450, waiting_keyframes=201
[action] start split=val, total=160
[action] 2019_SWJ_MF_Roman: using keyframes from keyframe_selector/outputs/fs1000_all_frame_indices/2019_SWJ_MF_Roman/selected_frame_indices.csv (107 rows)
[action] saved ../FS1000 Dataset/static_resnet50_keyframe_cache/static_resnet50_keyframe_2019_SWJ_MF_Roman_T107.npy, shape=(107, 2048)
[action] done split=val, processed=1, existing=111, waiting_keyframes=48
[action][watch] round=1001 processed=1, total_processed=400, waiting_keyframes=249
[action][watch] scan round=1002
[action] start split=train, total=651
[action] done split=train, processed=0, existing=450, waiting_keyframes=201
[action] start split=val, total=160
[action] done split=val, processed=0, existing=112, waiting_keyframes=48
[action][watch] waiting for new keyframe outputs: pending=249, idle=1s/600s, sleep=30s
[action][watch] scan round=1003
[action] start split=train, total=651
[action] 2019_SWJ_MF_Stephen: using keyframes from keyframe_selector/outputs/fs1000_all_frame_indices/2019_SWJ_MF_Stephen/selected_frame_indices.csv (108 rows)
[action] saved ../FS1000 Dataset/static_resnet50_keyframe_cache/static_resnet50_keyframe_2019_SWJ_MF_Stephen_T108.npy, shape=(108, 2048)
[action] done split=train, processed=1, existing=450, waiting_keyframes=200
[action] start split=val, total=160
[action] done split=val, processed=0, existing=112, waiting_keyframes=48
[action][watch] round=1003 processed=1, total_processed=401, waiting_keyframes=248
[action][watch] scan round=1004
[action] start split=train, total=651
[action] done split=train, processed=0, existing=451, waiting_keyframes=200
[action] start split=val, total=160
[action] done split=val, processed=0, existing=112, waiting_keyframes=48
[action][watch] waiting for new keyframe outputs: pending=248, idle=1s/600s, sleep=30s
[action][watch] scan round=1005
[action] start split=train, total=651
[action] done split=train, processed=0, existing=451, waiting_keyframes=200
[action] start split=val, total=160
[action] done split=val, processed=0, existing=112, waiting_keyframes=48
[action][watch] waiting for new keyframe outputs: pending=248, idle=31s/600s, sleep=30s
[action][watch] scan round=1006
[action] start split=train, total=651
[action] 2019_SWJ_MF_Tatsuya: using keyframes from keyframe_selector/outputs/fs1000_all_frame_indices/2019_SWJ_MF_Tatsuya/selected_frame_indices.csv (108 rows)
[action] saved ../FS1000 Dataset/static_resnet50_keyframe_cache/static_resnet50_keyframe_2019_SWJ_MF_Tatsuya_T108.npy, shape=(108, 2048)
[action] done split=train, processed=1, existing=451, waiting_keyframes=199
[action] start split=val, total=160
[action] done split=val, processed=0, existing=112, waiting_keyframes=48
[action][watch] round=1006 processed=1, total_processed=402, waiting_keyframes=247
[action][watch] scan round=1007
[action] start split=train, total=651
[action] done split=train, processed=0, existing=452, waiting_keyframes=199
[action] start split=val, total=160
[action] done split=val, processed=0, existing=112, waiting_keyframes=48
[action][watch] waiting for new keyframe outputs: pending=247, idle=1s/600s, sleep=30s
[action][watch] scan round=1008
[action] start split=train, total=651
[action] done split=train, processed=0, existing=452, waiting_keyframes=199
[action] start split=val, total=160
[action] done split=val, processed=0, existing=112, waiting_keyframes=48
[action][watch] waiting for new keyframe outputs: pending=247, idle=31s/600s, sleep=30s
[action][watch] scan round=1009
[action] start split=train, total=651
[action] 2019_SWJ_MF_Tomoki: using keyframes from keyframe_selector/outputs/fs1000_all_frame_indices/2019_SWJ_MF_Tomoki/selected_frame_indices.csv (110 rows)
[action] saved ../FS1000 Dataset/static_resnet50_keyframe_cache/static_resnet50_keyframe_2019_SWJ_MF_Tomoki_T110.npy, shape=(110, 2048)
[action] done split=train, processed=1, existing=452, waiting_keyframes=198
[action] start split=val, total=160
[action] done split=val, processed=0, existing=112, waiting_keyframes=48
[action][watch] round=1009 processed=1, total_processed=403, waiting_keyframes=246
[action][watch] scan round=1010
[action] start split=train, total=651
[action] done split=train, processed=0, existing=453, waiting_keyframes=198
[action] start split=val, total=160
[action] done split=val, processed=0, existing=112, waiting_keyframes=48
[action][watch] waiting for new keyframe outputs: pending=246, idle=1s/600s, sleep=30s
[action][watch] scan round=1011
[action] start split=train, total=651
[action] done split=train, processed=0, existing=453, waiting_keyframes=198
[action] start split=val, total=160
[action] done split=val, processed=0, existing=112, waiting_keyframes=48
[action][watch] waiting for new keyframe outputs: pending=246, idle=31s/600s, sleep=30s
[action][watch] scan round=1012
[action] start split=train, total=651
[action] done split=train, processed=0, existing=453, waiting_keyframes=198
[action] start split=val, total=160
[action] 2019_SWJ_MF_Vladimir: using keyframes from keyframe_selector/outputs/fs1000_all_frame_indices/2019_SWJ_MF_Vladimir/selected_frame_indices.csv (109 rows)
[action] saved ../FS1000 Dataset/static_resnet50_keyframe_cache/static_resnet50_keyframe_2019_SWJ_MF_Vladimir_T109.npy, shape=(109, 2048)
[action] done split=val, processed=1, existing=112, waiting_keyframes=47
[action][watch] round=1012 processed=1, total_processed=404, waiting_keyframes=245
[action][watch] scan round=1013
[action] start split=train, total=651
[action] done split=train, processed=0, existing=453, waiting_keyframes=198
[action] start split=val, total=160
[action] done split=val, processed=0, existing=113, waiting_keyframes=47
[action][watch] waiting for new keyframe outputs: pending=245, idle=1s/600s, sleep=30s
[action][watch] scan round=1014
[action] start split=train, total=651
[action] 2019_SWJ_MF_Younghyun: using keyframes from keyframe_selector/outputs/fs1000_all_frame_indices/2019_SWJ_MF_Younghyun/selected_frame_indices.csv (108 rows)
[action] saved ../FS1000 Dataset/static_resnet50_keyframe_cache/static_resnet50_keyframe_2019_SWJ_MF_Younghyun_T108.npy, shape=(108, 2048)
[action] done split=train, processed=1, existing=453, waiting_keyframes=197
[action] start split=val, total=160
[action] done split=val, processed=0, existing=113, waiting_keyframes=47
[action][watch] round=1014 processed=1, total_processed=405, waiting_keyframes=244
[action][watch] scan round=1015
[action] start split=train, total=651
[action] done split=train, processed=0, existing=454, waiting_keyframes=197
[action] start split=val, total=160
[action] done split=val, processed=0, existing=113, waiting_keyframes=47
[action][watch] waiting for new keyframe outputs: pending=244, idle=1s/600s, sleep=30s
[action][watch] scan round=1016
[action] start split=train, total=651
[action] 2019_SWJ_MS_Adam: using keyframes from keyframe_selector/outputs/fs1000_all_frame_indices/2019_SWJ_MS_Adam/selected_frame_indices.csv (82 rows)
[action] saved ../FS1000 Dataset/static_resnet50_keyframe_cache/static_resnet50_keyframe_2019_SWJ_MS_Adam_T82.npy, shape=(82, 2048)
[action] done split=train, processed=1, existing=454, waiting_keyframes=196
[action] start split=val, total=160
[action] done split=val, processed=0, existing=113, waiting_keyframes=47
[action][watch] round=1016 processed=1, total_processed=406, waiting_keyframes=243
[action][watch] scan round=1017
[action] start split=train, total=651
[action] done split=train, processed=0, existing=455, waiting_keyframes=196
[action] start split=val, total=160
[action] done split=val, processed=0, existing=113, waiting_keyframes=47
[action][watch] waiting for new keyframe outputs: pending=243, idle=1s/600s, sleep=30s
[action][watch] scan round=1018
[action] start split=train, total=651
[action] done split=train, processed=0, existing=455, waiting_keyframes=196
[action] start split=val, total=160
[action] done split=val, processed=0, existing=113, waiting_keyframes=47
[action][watch] waiting for new keyframe outputs: pending=243, idle=31s/600s, sleep=30s
[action][watch] scan round=1019
[action] start split=train, total=651
[action] 2019_SWJ_MS_Aleix: using keyframes from keyframe_selector/outputs/fs1000_all_frame_indices/2019_SWJ_MS_Aleix/selected_frame_indices.csv (84 rows)
[action] saved ../FS1000 Dataset/static_resnet50_keyframe_cache/static_resnet50_keyframe_2019_SWJ_MS_Aleix_T84.npy, shape=(84, 2048)
[action] train: 550/651
[action] done split=train, processed=1, existing=455, waiting_keyframes=195
[action] start split=val, total=160
[action] done split=val, processed=0, existing=113, waiting_keyframes=47
[action][watch] round=1019 processed=1, total_processed=407, waiting_keyframes=242
[action][watch] scan round=1020
[action] start split=train, total=651
[action] done split=train, processed=0, existing=456, waiting_keyframes=195
[action] start split=val, total=160
[action] done split=val, processed=0, existing=113, waiting_keyframes=47
[action][watch] waiting for new keyframe outputs: pending=242, idle=1s/600s, sleep=30s
[action][watch] scan round=1021
[action] start split=train, total=651
[action] 2019_SWJ_MS_Alexei: using keyframes from keyframe_selector/outputs/fs1000_all_frame_indices/2019_SWJ_MS_Alexei/selected_frame_indices.csv (84 rows)
[action] saved ../FS1000 Dataset/static_resnet50_keyframe_cache/static_resnet50_keyframe_2019_SWJ_MS_Alexei_T84.npy, shape=(84, 2048)
[action] done split=train, processed=1, existing=456, waiting_keyframes=194
[action] start split=val, total=160
[action] done split=val, processed=0, existing=113, waiting_keyframes=47
[action][watch] round=1021 processed=1, total_processed=408, waiting_keyframes=241
[action][watch] scan round=1022
[action] start split=train, total=651
[action] done split=train, processed=0, existing=457, waiting_keyframes=194
[action] start split=val, total=160
[action] done split=val, processed=0, existing=113, waiting_keyframes=47
[action][watch] waiting for new keyframe outputs: pending=241, idle=1s/600s, sleep=30s
[action][watch] scan round=1023
[action] start split=train, total=651
[action] 2019_SWJ_MS_Andrey: using keyframes from keyframe_selector/outputs/fs1000_all_frame_indices/2019_SWJ_MS_Andrey/selected_frame_indices.csv (83 rows)
[action] saved ../FS1000 Dataset/static_resnet50_keyframe_cache/static_resnet50_keyframe_2019_SWJ_MS_Andrey_T83.npy, shape=(83, 2048)
[action] done split=train, processed=1, existing=457, waiting_keyframes=193
[action] start split=val, total=160
[action] done split=val, processed=0, existing=113, waiting_keyframes=47
[action][watch] round=1023 processed=1, total_processed=409, waiting_keyframes=240
[action][watch] scan round=1024
[action] start split=train, total=651
[action] done split=train, processed=0, existing=458, waiting_keyframes=193
[action] start split=val, total=160
[action] done split=val, processed=0, existing=113, waiting_keyframes=47
[action][watch] waiting for new keyframe outputs: pending=240, idle=1s/600s, sleep=30s
[action][watch] scan round=1025
[action] start split=train, total=651
[action] 2019_SWJ_MS_Artur: using keyframes from keyframe_selector/outputs/fs1000_all_frame_indices/2019_SWJ_MS_Artur/selected_frame_indices.csv (83 rows)
[action] saved ../FS1000 Dataset/static_resnet50_keyframe_cache/static_resnet50_keyframe_2019_SWJ_MS_Artur_T83.npy, shape=(83, 2048)
[action] done split=train, processed=1, existing=458, waiting_keyframes=192
[action] start split=val, total=160
[action] done split=val, processed=0, existing=113, waiting_keyframes=47
[action][watch] round=1025 processed=1, total_processed=410, waiting_keyframes=239
[action][watch] scan round=1026
[action] start split=train, total=651
[action] done split=train, processed=0, existing=459, waiting_keyframes=192
[action] start split=val, total=160
[action] done split=val, processed=0, existing=113, waiting_keyframes=47
[action][watch] waiting for new keyframe outputs: pending=239, idle=1s/600s, sleep=30s
[action][watch] scan round=1027
[action] start split=train, total=651
[action] done split=train, processed=0, existing=459, waiting_keyframes=192
[action] start split=val, total=160
[action] done split=val, processed=0, existing=113, waiting_keyframes=47
[action][watch] waiting for new keyframe outputs: pending=239, idle=31s/600s, sleep=30s
[action][watch] scan round=1028
[action] start split=train, total=651
[action] 2019_SWJ_MS_Basar: using keyframes from keyframe_selector/outputs/fs1000_all_frame_indices/2019_SWJ_MS_Basar/selected_frame_indices.csv (84 rows)
[action] saved ../FS1000 Dataset/static_resnet50_keyframe_cache/static_resnet50_keyframe_2019_SWJ_MS_Basar_T84.npy, shape=(84, 2048)
[action] done split=train, processed=1, existing=459, waiting_keyframes=191
[action] start split=val, total=160
[action] done split=val, processed=0, existing=113, waiting_keyframes=47
[action][watch] round=1028 processed=1, total_processed=411, waiting_keyframes=238
[action][watch] scan round=1029
[action] start split=train, total=651
[action] done split=train, processed=0, existing=460, waiting_keyframes=191
[action] start split=val, total=160
[action] done split=val, processed=0, existing=113, waiting_keyframes=47
[action][watch] waiting for new keyframe outputs: pending=238, idle=1s/600s, sleep=30s
[action][watch] scan round=1030
[action] start split=train, total=651
[action] 2019_SWJ_MS_Camden: using keyframes from keyframe_selector/outputs/fs1000_all_frame_indices/2019_SWJ_MS_Camden/selected_frame_indices.csv (85 rows)
[action] saved ../FS1000 Dataset/static_resnet50_keyframe_cache/static_resnet50_keyframe_2019_SWJ_MS_Camden_T85.npy, shape=(85, 2048)
[action] done split=train, processed=1, existing=460, waiting_keyframes=190
[action] start split=val, total=160
[action] done split=val, processed=0, existing=113, waiting_keyframes=47
[action][watch] round=1030 processed=1, total_processed=412, waiting_keyframes=237
[action][watch] scan round=1031
[action] start split=train, total=651
[action] done split=train, processed=0, existing=461, waiting_keyframes=190
[action] start split=val, total=160
[action] done split=val, processed=0, existing=113, waiting_keyframes=47
[action][watch] waiting for new keyframe outputs: pending=237, idle=1s/600s, sleep=30s
[action][watch] scan round=1032
[action] start split=train, total=651
[action] 2019_SWJ_MS_Charles: using keyframes from keyframe_selector/outputs/fs1000_all_frame_indices/2019_SWJ_MS_Charles/selected_frame_indices.csv (79 rows)
[action] saved ../FS1000 Dataset/static_resnet50_keyframe_cache/static_resnet50_keyframe_2019_SWJ_MS_Charles_T79.npy, shape=(79, 2048)
[action] done split=train, processed=1, existing=461, waiting_keyframes=189
[action] start split=val, total=160
[action] done split=val, processed=0, existing=113, waiting_keyframes=47
[action][watch] round=1032 processed=1, total_processed=413, waiting_keyframes=236
[action][watch] scan round=1033
[action] start split=train, total=651
[action] done split=train, processed=0, existing=462, waiting_keyframes=189
[action] start split=val, total=160
[action] done split=val, processed=0, existing=113, waiting_keyframes=47
[action][watch] waiting for new keyframe outputs: pending=236, idle=1s/600s, sleep=30s
[action][watch] scan round=1034
[action] start split=train, total=651
[action] 2019_SWJ_MS_Daniel: using keyframes from keyframe_selector/outputs/fs1000_all_frame_indices/2019_SWJ_MS_Daniel/selected_frame_indices.csv (84 rows)
[action] saved ../FS1000 Dataset/static_resnet50_keyframe_cache/static_resnet50_keyframe_2019_SWJ_MS_Daniel_T84.npy, shape=(84, 2048)
[action] done split=train, processed=1, existing=462, waiting_keyframes=188
[action] start split=val, total=160
[action] done split=val, processed=0, existing=113, waiting_keyframes=47
[action][watch] round=1034 processed=1, total_processed=414, waiting_keyframes=235
[action][watch] scan round=1035
[action] start split=train, total=651
[action] done split=train, processed=0, existing=463, waiting_keyframes=188
[action] start split=val, total=160
[action] done split=val, processed=0, existing=113, waiting_keyframes=47
[action][watch] waiting for new keyframe outputs: pending=235, idle=1s/600s, sleep=30s
[action][watch] scan round=1036
[action] start split=train, total=651
[action] done split=train, processed=0, existing=463, waiting_keyframes=188
[action] start split=val, total=160
[action] 2019_SWJ_MS_Edward: using keyframes from keyframe_selector/outputs/fs1000_all_frame_indices/2019_SWJ_MS_Edward/selected_frame_indices.csv (82 rows)
[action] saved ../FS1000 Dataset/static_resnet50_keyframe_cache/static_resnet50_keyframe_2019_SWJ_MS_Edward_T82.npy, shape=(82, 2048)
[action] done split=val, processed=1, existing=113, waiting_keyframes=46
[action][watch] round=1036 processed=1, total_processed=415, waiting_keyframes=234
[action][watch] scan round=1037
[action] start split=train, total=651
[action] done split=train, processed=0, existing=463, waiting_keyframes=188
[action] start split=val, total=160
[action] done split=val, processed=0, existing=114, waiting_keyframes=46
[action][watch] waiting for new keyframe outputs: pending=234, idle=1s/600s, sleep=30s
[action][watch] scan round=1038
[action] start split=train, total=651
[action] done split=train, processed=0, existing=463, waiting_keyframes=188
[action] start split=val, total=160
[action] done split=val, processed=0, existing=114, waiting_keyframes=46
[action][watch] waiting for new keyframe outputs: pending=234, idle=31s/600s, sleep=30s
[action][watch] scan round=1039
[action] start split=train, total=651
[action] 2019_SWJ_MS_Gabriele: using keyframes from keyframe_selector/outputs/fs1000_all_frame_indices/2019_SWJ_MS_Gabriele/selected_frame_indices.csv (85 rows)
[action] saved ../FS1000 Dataset/static_resnet50_keyframe_cache/static_resnet50_keyframe_2019_SWJ_MS_Gabriele_T85.npy, shape=(85, 2048)
[action] done split=train, processed=1, existing=463, waiting_keyframes=187
[action] start split=val, total=160
[action] done split=val, processed=0, existing=114, waiting_keyframes=46
[action][watch] round=1039 processed=1, total_processed=416, waiting_keyframes=233
[action][watch] scan round=1040
[action] start split=train, total=651
[action] done split=train, processed=0, existing=464, waiting_keyframes=187
[action] start split=val, total=160
[action] done split=val, processed=0, existing=114, waiting_keyframes=46
[action][watch] waiting for new keyframe outputs: pending=233, idle=1s/600s, sleep=30s
[action][watch] scan round=1041
[action] start split=train, total=651
[action] 2019_SWJ_MS_Irakli: using keyframes from keyframe_selector/outputs/fs1000_all_frame_indices/2019_SWJ_MS_Irakli/selected_frame_indices.csv (85 rows)
[action] saved ../FS1000 Dataset/static_resnet50_keyframe_cache/static_resnet50_keyframe_2019_SWJ_MS_Irakli_T85.npy, shape=(85, 2048)
[action] done split=train, processed=1, existing=464, waiting_keyframes=186
[action] start split=val, total=160
[action] done split=val, processed=0, existing=114, waiting_keyframes=46
[action][watch] round=1041 processed=1, total_processed=417, waiting_keyframes=232
[action][watch] scan round=1042
[action] start split=train, total=651
[action] done split=train, processed=0, existing=465, waiting_keyframes=186
[action] start split=val, total=160
[action] done split=val, processed=0, existing=114, waiting_keyframes=46
[action][watch] waiting for new keyframe outputs: pending=232, idle=1s/600s, sleep=30s
[action][watch] scan round=1043
[action] start split=train, total=651
[action] 2019_SWJ_MS_Ivan: using keyframes from keyframe_selector/outputs/fs1000_all_frame_indices/2019_SWJ_MS_Ivan/selected_frame_indices.csv (83 rows)
[action] saved ../FS1000 Dataset/static_resnet50_keyframe_cache/static_resnet50_keyframe_2019_SWJ_MS_Ivan_T83.npy, shape=(83, 2048)
[action] done split=train, processed=1, existing=465, waiting_keyframes=185
[action] start split=val, total=160
[action] done split=val, processed=0, existing=114, waiting_keyframes=46
[action][watch] round=1043 processed=1, total_processed=418, waiting_keyframes=231
[action][watch] scan round=1044
[action] start split=train, total=651
[action] done split=train, processed=0, existing=466, waiting_keyframes=185
[action] start split=val, total=160
[action] done split=val, processed=0, existing=114, waiting_keyframes=46
[action][watch] waiting for new keyframe outputs: pending=231, idle=1s/600s, sleep=30s
[action][watch] scan round=1045
[action] start split=train, total=651
[action] done split=train, processed=0, existing=466, waiting_keyframes=185
[action] start split=val, total=160
[action] done split=val, processed=0, existing=114, waiting_keyframes=46
[action][watch] waiting for new keyframe outputs: pending=231, idle=31s/600s, sleep=30s
[action][watch] scan round=1046
[action] start split=train, total=651
[action] 2019_SWJ_MS_Jonathan: using keyframes from keyframe_selector/outputs/fs1000_all_frame_indices/2019_SWJ_MS_Jonathan/selected_frame_indices.csv (82 rows)
[action] saved ../FS1000 Dataset/static_resnet50_keyframe_cache/static_resnet50_keyframe_2019_SWJ_MS_Jonathan_T82.npy, shape=(82, 2048)
[action] done split=train, processed=1, existing=466, waiting_keyframes=184
[action] start split=val, total=160
[action] done split=val, processed=0, existing=114, waiting_keyframes=46
[action][watch] round=1046 processed=1, total_processed=419, waiting_keyframes=230
[action][watch] scan round=1047
[action] start split=train, total=651
[action] done split=train, processed=0, existing=467, waiting_keyframes=184
[action] start split=val, total=160
[action] done split=val, processed=0, existing=114, waiting_keyframes=46
[action][watch] waiting for new keyframe outputs: pending=230, idle=1s/600s, sleep=30s
[action][watch] scan round=1048
[action] start split=train, total=651
[action] 2019_SWJ_MS_Joseph: using keyframes from keyframe_selector/outputs/fs1000_all_frame_indices/2019_SWJ_MS_Joseph/selected_frame_indices.csv (83 rows)
[action] saved ../FS1000 Dataset/static_resnet50_keyframe_cache/static_resnet50_keyframe_2019_SWJ_MS_Joseph_T83.npy, shape=(83, 2048)
[action] done split=train, processed=1, existing=467, waiting_keyframes=183
[action] start split=val, total=160
[action] done split=val, processed=0, existing=114, waiting_keyframes=46
[action][watch] round=1048 processed=1, total_processed=420, waiting_keyframes=229
[action][watch] scan round=1049
[action] start split=train, total=651
[action] done split=train, processed=0, existing=468, waiting_keyframes=183
[action] start split=val, total=160
[action] done split=val, processed=0, existing=114, waiting_keyframes=46
[action][watch] waiting for new keyframe outputs: pending=229, idle=1s/600s, sleep=30s
[action][watch] scan round=1050
[action] start split=train, total=651
[action] 2019_SWJ_MS_Kornel: using keyframes from keyframe_selector/outputs/fs1000_all_frame_indices/2019_SWJ_MS_Kornel/selected_frame_indices.csv (82 rows)
[action] saved ../FS1000 Dataset/static_resnet50_keyframe_cache/static_resnet50_keyframe_2019_SWJ_MS_Kornel_T82.npy, shape=(82, 2048)
[action] done split=train, processed=1, existing=468, waiting_keyframes=182
[action] start split=val, total=160
[action] done split=val, processed=0, existing=114, waiting_keyframes=46
[action][watch] round=1050 processed=1, total_processed=421, waiting_keyframes=228
[action][watch] scan round=1051
[action] start split=train, total=651
[action] done split=train, processed=0, existing=469, waiting_keyframes=182
[action] start split=val, total=160
[action] done split=val, processed=0, existing=114, waiting_keyframes=46
[action][watch] waiting for new keyframe outputs: pending=228, idle=1s/600s, sleep=30s
[action][watch] scan round=1052
[action] start split=train, total=651
[action] 2019_SWJ_MS_Koshiro: using keyframes from keyframe_selector/outputs/fs1000_all_frame_indices/2019_SWJ_MS_Koshiro/selected_frame_indices.csv (82 rows)
[action] saved ../FS1000 Dataset/static_resnet50_keyframe_cache/static_resnet50_keyframe_2019_SWJ_MS_Koshiro_T82.npy, shape=(82, 2048)
[action] done split=train, processed=1, existing=469, waiting_keyframes=181
[action] start split=val, total=160
[action] done split=val, processed=0, existing=114, waiting_keyframes=46
[action][watch] round=1052 processed=1, total_processed=422, waiting_keyframes=227
[action][watch] scan round=1053
[action] start split=train, total=651
[action] done split=train, processed=0, existing=470, waiting_keyframes=181
[action] start split=val, total=160
[action] done split=val, processed=0, existing=114, waiting_keyframes=46
[action][watch] waiting for new keyframe outputs: pending=227, idle=1s/600s, sleep=30s
[action][watch] scan round=1054
[action] start split=train, total=651
[action] 2019_SWJ_MS_Luc: using keyframes from keyframe_selector/outputs/fs1000_all_frame_indices/2019_SWJ_MS_Luc/selected_frame_indices.csv (83 rows)
[action] saved ../FS1000 Dataset/static_resnet50_keyframe_cache/static_resnet50_keyframe_2019_SWJ_MS_Luc_T83.npy, shape=(83, 2048)
[action] done split=train, processed=1, existing=470, waiting_keyframes=180
[action] start split=val, total=160
[action] done split=val, processed=0, existing=114, waiting_keyframes=46
[action][watch] round=1054 processed=1, total_processed=423, waiting_keyframes=226
[action][watch] scan round=1055
[action] start split=train, total=651
[action] done split=train, processed=0, existing=471, waiting_keyframes=180
[action] start split=val, total=160
[action] done split=val, processed=0, existing=114, waiting_keyframes=46
[action][watch] waiting for new keyframe outputs: pending=226, idle=1s/600s, sleep=30s
[action][watch] scan round=1056
[action] start split=train, total=651
[action] done split=train, processed=0, existing=471, waiting_keyframes=180
[action] start split=val, total=160
[action] done split=val, processed=0, existing=114, waiting_keyframes=46
[action][watch] waiting for new keyframe outputs: pending=226, idle=31s/600s, sleep=30s
[action][watch] scan round=1057
[action] start split=train, total=651
[action] 2019_SWJ_MS_Mark: using keyframes from keyframe_selector/outputs/fs1000_all_frame_indices/2019_SWJ_MS_Mark/selected_frame_indices.csv (81 rows)
[action] saved ../FS1000 Dataset/static_resnet50_keyframe_cache/static_resnet50_keyframe_2019_SWJ_MS_Mark_T81.npy, shape=(81, 2048)
[action] done split=train, processed=1, existing=471, waiting_keyframes=179
[action] start split=val, total=160
[action] done split=val, processed=0, existing=114, waiting_keyframes=46
[action][watch] round=1057 processed=1, total_processed=424, waiting_keyframes=225
[action][watch] scan round=1058
[action] start split=train, total=651
[action] done split=train, processed=0, existing=472, waiting_keyframes=179
[action] start split=val, total=160
[action] done split=val, processed=0, existing=114, waiting_keyframes=46
[action][watch] waiting for new keyframe outputs: pending=225, idle=1s/600s, sleep=30s
[action][watch] scan round=1059
[action] start split=train, total=651
[action] done split=train, processed=0, existing=472, waiting_keyframes=179
[action] start split=val, total=160
[action] 2019_SWJ_MS_Matyas: using keyframes from keyframe_selector/outputs/fs1000_all_frame_indices/2019_SWJ_MS_Matyas/selected_frame_indices.csv (83 rows)
[action] saved ../FS1000 Dataset/static_resnet50_keyframe_cache/static_resnet50_keyframe_2019_SWJ_MS_Matyas_T83.npy, shape=(83, 2048)
[action] done split=val, processed=1, existing=114, waiting_keyframes=45
[action][watch] round=1059 processed=1, total_processed=425, waiting_keyframes=224
[action][watch] scan round=1060
[action] start split=train, total=651
[action] done split=train, processed=0, existing=472, waiting_keyframes=179
[action] start split=val, total=160
[action] done split=val, processed=0, existing=115, waiting_keyframes=45
[action][watch] waiting for new keyframe outputs: pending=224, idle=1s/600s, sleep=30s
[action][watch] scan round=1061
[action] start split=train, total=651
[action] 2019_SWJ_MS_Micah: using keyframes from keyframe_selector/outputs/fs1000_all_frame_indices/2019_SWJ_MS_Micah/selected_frame_indices.csv (82 rows)
[action] saved ../FS1000 Dataset/static_resnet50_keyframe_cache/static_resnet50_keyframe_2019_SWJ_MS_Micah_T82.npy, shape=(82, 2048)
[action] done split=train, processed=1, existing=472, waiting_keyframes=178
[action] start split=val, total=160
[action] done split=val, processed=0, existing=115, waiting_keyframes=45
[action][watch] round=1061 processed=1, total_processed=426, waiting_keyframes=223
[action][watch] scan round=1062
[action] start split=train, total=651
[action] done split=train, processed=0, existing=473, waiting_keyframes=178
[action] start split=val, total=160
[action] done split=val, processed=0, existing=115, waiting_keyframes=45
[action][watch] waiting for new keyframe outputs: pending=223, idle=1s/600s, sleep=30s
[action][watch] scan round=1063
[action] start split=train, total=651
[action] done split=train, processed=0, existing=473, waiting_keyframes=178
[action] start split=val, total=160
[action] done split=val, processed=0, existing=115, waiting_keyframes=45
[action][watch] waiting for new keyframe outputs: pending=223, idle=31s/600s, sleep=30s
[action][watch] scan round=1064
[action] start split=train, total=651
[action] 2019_SWJ_MS_Nikita: using keyframes from keyframe_selector/outputs/fs1000_all_frame_indices/2019_SWJ_MS_Nikita/selected_frame_indices.csv (83 rows)
[action] saved ../FS1000 Dataset/static_resnet50_keyframe_cache/static_resnet50_keyframe_2019_SWJ_MS_Nikita_T83.npy, shape=(83, 2048)
[action] done split=train, processed=1, existing=473, waiting_keyframes=177
[action] start split=val, total=160
[action] done split=val, processed=0, existing=115, waiting_keyframes=45
[action][watch] round=1064 processed=1, total_processed=427, waiting_keyframes=222
[action][watch] scan round=1065
[action] start split=train, total=651
[action] done split=train, processed=0, existing=474, waiting_keyframes=177
[action] start split=val, total=160
[action] done split=val, processed=0, existing=115, waiting_keyframes=45
[action][watch] waiting for new keyframe outputs: pending=222, idle=1s/600s, sleep=30s
[action][watch] scan round=1066
[action] start split=train, total=651
[action] done split=train, processed=0, existing=474, waiting_keyframes=177
[action] start split=val, total=160
[action] 2019_SWJ_MS_Nikolaj: using keyframes from keyframe_selector/outputs/fs1000_all_frame_indices/2019_SWJ_MS_Nikolaj/selected_frame_indices.csv (83 rows)
[action] saved ../FS1000 Dataset/static_resnet50_keyframe_cache/static_resnet50_keyframe_2019_SWJ_MS_Nikolaj_T83.npy, shape=(83, 2048)
[action] done split=val, processed=1, existing=115, waiting_keyframes=44
[action][watch] round=1066 processed=1, total_processed=428, waiting_keyframes=221
[action][watch] scan round=1067
[action] start split=train, total=651
[action] done split=train, processed=0, existing=474, waiting_keyframes=177
[action] start split=val, total=160
[action] done split=val, processed=0, existing=116, waiting_keyframes=44
[action][watch] waiting for new keyframe outputs: pending=221, idle=1s/600s, sleep=30s
[action][watch] scan round=1068
[action] start split=train, total=651
[action] 2019_SWJ_MS_Nurullah: using keyframes from keyframe_selector/outputs/fs1000_all_frame_indices/2019_SWJ_MS_Nurullah/selected_frame_indices.csv (81 rows)
[action] saved ../FS1000 Dataset/static_resnet50_keyframe_cache/static_resnet50_keyframe_2019_SWJ_MS_Nurullah_T81.npy, shape=(81, 2048)
[action] done split=train, processed=1, existing=474, waiting_keyframes=176
[action] start split=val, total=160
[action] done split=val, processed=0, existing=116, waiting_keyframes=44
[action][watch] round=1068 processed=1, total_processed=429, waiting_keyframes=220
[action][watch] scan round=1069
[action] start split=train, total=651
[action] done split=train, processed=0, existing=475, waiting_keyframes=176
[action] start split=val, total=160
[action] done split=val, processed=0, existing=116, waiting_keyframes=44
[action][watch] waiting for new keyframe outputs: pending=220, idle=1s/600s, sleep=30s
[action][watch] scan round=1070
[action] start split=train, total=651
[action] done split=train, processed=0, existing=475, waiting_keyframes=176
[action] start split=val, total=160
[action] done split=val, processed=0, existing=116, waiting_keyframes=44
[action][watch] waiting for new keyframe outputs: pending=220, idle=31s/600s, sleep=30s
[action][watch] scan round=1071
[action] start split=train, total=651
[action] 2019_SWJ_MS_Petr: using keyframes from keyframe_selector/outputs/fs1000_all_frame_indices/2019_SWJ_MS_Petr/selected_frame_indices.csv (83 rows)
[action] saved ../FS1000 Dataset/static_resnet50_keyframe_cache/static_resnet50_keyframe_2019_SWJ_MS_Petr_T83.npy, shape=(83, 2048)
[action] done split=train, processed=1, existing=475, waiting_keyframes=175
[action] start split=val, total=160
[action] done split=val, processed=0, existing=116, waiting_keyframes=44
[action][watch] round=1071 processed=1, total_processed=430, waiting_keyframes=219
[action][watch] scan round=1072
[action] start split=train, total=651
[action] done split=train, processed=0, existing=476, waiting_keyframes=175
[action] start split=val, total=160
[action] done split=val, processed=0, existing=116, waiting_keyframes=44
[action][watch] waiting for new keyframe outputs: pending=219, idle=1s/600s, sleep=30s
[action][watch] scan round=1073
[action] start split=train, total=651
[action] 2019_SWJ_MS_Radoslav: using keyframes from keyframe_selector/outputs/fs1000_all_frame_indices/2019_SWJ_MS_Radoslav/selected_frame_indices.csv (83 rows)
[action] saved ../FS1000 Dataset/static_resnet50_keyframe_cache/static_resnet50_keyframe_2019_SWJ_MS_Radoslav_T83.npy, shape=(83, 2048)
[action] done split=train, processed=1, existing=476, waiting_keyframes=174
[action] start split=val, total=160
[action] done split=val, processed=0, existing=116, waiting_keyframes=44
[action][watch] round=1073 processed=1, total_processed=431, waiting_keyframes=218
[action][watch] scan round=1074
[action] start split=train, total=651
[action] done split=train, processed=0, existing=477, waiting_keyframes=174
[action] start split=val, total=160
[action] done split=val, processed=0, existing=116, waiting_keyframes=44
[action][watch] waiting for new keyframe outputs: pending=218, idle=1s/600s, sleep=30s
[action][watch] scan round=1075
[action] start split=train, total=651
[action] 2019_SWJ_MS_Rakhat: using keyframes from keyframe_selector/outputs/fs1000_all_frame_indices/2019_SWJ_MS_Rakhat/selected_frame_indices.csv (84 rows)
[action] saved ../FS1000 Dataset/static_resnet50_keyframe_cache/static_resnet50_keyframe_2019_SWJ_MS_Rakhat_T84.npy, shape=(84, 2048)
[action] done split=train, processed=1, existing=477, waiting_keyframes=173
[action] start split=val, total=160
[action] done split=val, processed=0, existing=116, waiting_keyframes=44
[action][watch] round=1075 processed=1, total_processed=432, waiting_keyframes=217
[action][watch] scan round=1076
[action] start split=train, total=651
[action] done split=train, processed=0, existing=478, waiting_keyframes=173
[action] start split=val, total=160
[action] done split=val, processed=0, existing=116, waiting_keyframes=44
[action][watch] waiting for new keyframe outputs: pending=217, idle=1s/600s, sleep=30s
[action][watch] scan round=1077
[action] start split=train, total=651
[action] done split=train, processed=0, existing=478, waiting_keyframes=173
[action] start split=val, total=160
[action] done split=val, processed=0, existing=116, waiting_keyframes=44
[action][watch] waiting for new keyframe outputs: pending=217, idle=31s/600s, sleep=30s
[action][watch] scan round=1078
[action] start split=train, total=651
[action] 2019_SWJ_MS_Roman: using keyframes from keyframe_selector/outputs/fs1000_all_frame_indices/2019_SWJ_MS_Roman/selected_frame_indices.csv (83 rows)
[action] saved ../FS1000 Dataset/static_resnet50_keyframe_cache/static_resnet50_keyframe_2019_SWJ_MS_Roman_T83.npy, shape=(83, 2048)
[action] done split=train, processed=1, existing=478, waiting_keyframes=172
[action] start split=val, total=160
[action] done split=val, processed=0, existing=116, waiting_keyframes=44
[action][watch] round=1078 processed=1, total_processed=433, waiting_keyframes=216
[action][watch] scan round=1079
[action] start split=train, total=651
[action] done split=train, processed=0, existing=479, waiting_keyframes=172
[action] start split=val, total=160
[action] done split=val, processed=0, existing=116, waiting_keyframes=44
[action][watch] waiting for new keyframe outputs: pending=216, idle=1s/600s, sleep=30s
[action][watch] scan round=1080
[action] start split=train, total=651
[action] done split=train, processed=0, existing=479, waiting_keyframes=172
[action] start split=val, total=160
[action] 2019_SWJ_MS_Sihyeong: using keyframes from keyframe_selector/outputs/fs1000_all_frame_indices/2019_SWJ_MS_Sihyeong/selected_frame_indices.csv (84 rows)
[action] saved ../FS1000 Dataset/static_resnet50_keyframe_cache/static_resnet50_keyframe_2019_SWJ_MS_Sihyeong_T84.npy, shape=(84, 2048)
[action] done split=val, processed=1, existing=116, waiting_keyframes=43
[action][watch] round=1080 processed=1, total_processed=434, waiting_keyframes=215
[action][watch] scan round=1081
[action] start split=train, total=651
[action] done split=train, processed=0, existing=479, waiting_keyframes=172
[action] start split=val, total=160
[action] done split=val, processed=0, existing=117, waiting_keyframes=43
[action][watch] waiting for new keyframe outputs: pending=215, idle=1s/600s, sleep=30s
[action][watch] scan round=1082
[action] start split=train, total=651
[action] 2019_SWJ_MS_Stephen: using keyframes from keyframe_selector/outputs/fs1000_all_frame_indices/2019_SWJ_MS_Stephen/selected_frame_indices.csv (81 rows)
[action] saved ../FS1000 Dataset/static_resnet50_keyframe_cache/static_resnet50_keyframe_2019_SWJ_MS_Stephen_T81.npy, shape=(81, 2048)
[action] done split=train, processed=1, existing=479, waiting_keyframes=171
[action] start split=val, total=160
[action] done split=val, processed=0, existing=117, waiting_keyframes=43
[action][watch] round=1082 processed=1, total_processed=435, waiting_keyframes=214
[action][watch] scan round=1083
[action] start split=train, total=651
[action] done split=train, processed=0, existing=480, waiting_keyframes=171
[action] start split=val, total=160
[action] done split=val, processed=0, existing=117, waiting_keyframes=43
[action][watch] waiting for new keyframe outputs: pending=214, idle=1s/600s, sleep=30s
[action][watch] scan round=1084
[action] start split=train, total=651
[action] 2019_SWJ_MS_Tatsuya: using keyframes from keyframe_selector/outputs/fs1000_all_frame_indices/2019_SWJ_MS_Tatsuya/selected_frame_indices.csv (83 rows)
[action] saved ../FS1000 Dataset/static_resnet50_keyframe_cache/static_resnet50_keyframe_2019_SWJ_MS_Tatsuya_T83.npy, shape=(83, 2048)
[action] done split=train, processed=1, existing=480, waiting_keyframes=170
[action] start split=val, total=160
[action] done split=val, processed=0, existing=117, waiting_keyframes=43
[action][watch] round=1084 processed=1, total_processed=436, waiting_keyframes=213
[action][watch] scan round=1085
[action] start split=train, total=651
[action] done split=train, processed=0, existing=481, waiting_keyframes=170
[action] start split=val, total=160
[action] done split=val, processed=0, existing=117, waiting_keyframes=43
[action][watch] waiting for new keyframe outputs: pending=213, idle=1s/600s, sleep=30s
[action][watch] scan round=1086
[action] start split=train, total=651
[action] done split=train, processed=0, existing=481, waiting_keyframes=170
[action] start split=val, total=160
[action] done split=val, processed=0, existing=117, waiting_keyframes=43
[action][watch] waiting for new keyframe outputs: pending=213, idle=31s/600s, sleep=30s
[action][watch] scan round=1087
[action] start split=train, total=651
[action] 2019_SWJ_MS_Tomoki: using keyframes from keyframe_selector/outputs/fs1000_all_frame_indices/2019_SWJ_MS_Tomoki/selected_frame_indices.csv (85 rows)
[action] saved ../FS1000 Dataset/static_resnet50_keyframe_cache/static_resnet50_keyframe_2019_SWJ_MS_Tomoki_T85.npy, shape=(85, 2048)
[action] done split=train, processed=1, existing=481, waiting_keyframes=169
[action] start split=val, total=160
[action] done split=val, processed=0, existing=117, waiting_keyframes=43
[action][watch] round=1087 processed=1, total_processed=437, waiting_keyframes=212
[action][watch] scan round=1088
[action] start split=train, total=651
[action] done split=train, processed=0, existing=482, waiting_keyframes=169
[action] start split=val, total=160
[action] done split=val, processed=0, existing=117, waiting_keyframes=43
[action][watch] waiting for new keyframe outputs: pending=212, idle=1s/600s, sleep=30s
[action][watch] scan round=1089
[action] start split=train, total=651
[action] 2019_SWJ_MS_Vladimir: using keyframes from keyframe_selector/outputs/fs1000_all_frame_indices/2019_SWJ_MS_Vladimir/selected_frame_indices.csv (82 rows)
[action] saved ../FS1000 Dataset/static_resnet50_keyframe_cache/static_resnet50_keyframe_2019_SWJ_MS_Vladimir_T82.npy, shape=(82, 2048)
[action] done split=train, processed=1, existing=482, waiting_keyframes=168
[action] start split=val, total=160
[action] done split=val, processed=0, existing=117, waiting_keyframes=43
[action][watch] round=1089 processed=1, total_processed=438, waiting_keyframes=211
[action][watch] scan round=1090
[action] start split=train, total=651
[action] done split=train, processed=0, existing=483, waiting_keyframes=168
[action] start split=val, total=160
[action] done split=val, processed=0, existing=117, waiting_keyframes=43
[action][watch] waiting for new keyframe outputs: pending=211, idle=1s/600s, sleep=30s
[action][watch] scan round=1091
[action] start split=train, total=651
[action] 2019_SWJ_MS_Yakau: using keyframes from keyframe_selector/outputs/fs1000_all_frame_indices/2019_SWJ_MS_Yakau/selected_frame_indices.csv (85 rows)
[action] saved ../FS1000 Dataset/static_resnet50_keyframe_cache/static_resnet50_keyframe_2019_SWJ_MS_Yakau_T85.npy, shape=(85, 2048)
[action] done split=train, processed=1, existing=483, waiting_keyframes=167
[action] start split=val, total=160
[action] done split=val, processed=0, existing=117, waiting_keyframes=43
[action][watch] round=1091 processed=1, total_processed=439, waiting_keyframes=210
[action][watch] scan round=1092
[action] start split=train, total=651
[action] done split=train, processed=0, existing=484, waiting_keyframes=167
[action] start split=val, total=160
[action] done split=val, processed=0, existing=117, waiting_keyframes=43
[action][watch] waiting for new keyframe outputs: pending=210, idle=1s/600s, sleep=30s
[action][watch] scan round=1093
[action] start split=train, total=651
[action] 2019_SWJ_MS_Younghyun: using keyframes from keyframe_selector/outputs/fs1000_all_frame_indices/2019_SWJ_MS_Younghyun/selected_frame_indices.csv (83 rows)
[action] saved ../FS1000 Dataset/static_resnet50_keyframe_cache/static_resnet50_keyframe_2019_SWJ_MS_Younghyun_T83.npy, shape=(83, 2048)
[action] done split=train, processed=1, existing=484, waiting_keyframes=166
[action] start split=val, total=160
[action] done split=val, processed=0, existing=117, waiting_keyframes=43
[action][watch] round=1093 processed=1, total_processed=440, waiting_keyframes=209
[action][watch] scan round=1094
[action] start split=train, total=651
[action] done split=train, processed=0, existing=485, waiting_keyframes=166
[action] start split=val, total=160
[action] done split=val, processed=0, existing=117, waiting_keyframes=43
[action][watch] waiting for new keyframe outputs: pending=209, idle=1s/600s, sleep=30s
[action][watch] scan round=1095
[action] start split=train, total=651
[action] done split=train, processed=0, existing=485, waiting_keyframes=166
[action] start split=val, total=160
[action] done split=val, processed=0, existing=117, waiting_keyframes=43
[action][watch] waiting for new keyframe outputs: pending=209, idle=31s/600s, sleep=30s
[action][watch] scan round=1096
[action] start split=train, total=651
[action] done split=train, processed=0, existing=485, waiting_keyframes=166
[action] start split=val, total=160
[action] 2019_SWJ_MS_Yudong: using keyframes from keyframe_selector/outputs/fs1000_all_frame_indices/2019_SWJ_MS_Yudong/selected_frame_indices.csv (82 rows)
[action] saved ../FS1000 Dataset/static_resnet50_keyframe_cache/static_resnet50_keyframe_2019_SWJ_MS_Yudong_T82.npy, shape=(82, 2048)
[action] done split=val, processed=1, existing=117, waiting_keyframes=42
[action][watch] round=1096 processed=1, total_processed=441, waiting_keyframes=208
[action][watch] scan round=1097
[action] start split=train, total=651
[action] done split=train, processed=0, existing=485, waiting_keyframes=166
[action] start split=val, total=160
[action] done split=val, processed=0, existing=118, waiting_keyframes=42
[action][watch] waiting for new keyframe outputs: pending=208, idle=1s/600s, sleep=30s
[action][watch] scan round=1098
[action] start split=train, total=651
[action] 2019_SW_IR_Alexandra_Ivan: using keyframes from keyframe_selector/outputs/fs1000_all_frame_indices/2019_SW_IR_Alexandra_Ivan/selected_frame_indices.csv (89 rows)
[action] saved ../FS1000 Dataset/static_resnet50_keyframe_cache/static_resnet50_keyframe_2019_SW_IR_Alexandra_Ivan_T89.npy, shape=(89, 2048)
[action] done split=train, processed=1, existing=485, waiting_keyframes=165
[action] start split=val, total=160
[action] done split=val, processed=0, existing=118, waiting_keyframes=42
[action][watch] round=1098 processed=1, total_processed=442, waiting_keyframes=207
[action][watch] scan round=1099
[action] start split=train, total=651
[action] done split=train, processed=0, existing=486, waiting_keyframes=165
[action] start split=val, total=160
[action] done split=val, processed=0, existing=118, waiting_keyframes=42
[action][watch] waiting for new keyframe outputs: pending=207, idle=1s/600s, sleep=30s
[action][watch] scan round=1100
[action] start split=train, total=651
[action] done split=train, processed=0, existing=486, waiting_keyframes=165
[action] start split=val, total=160
[action] done split=val, processed=0, existing=118, waiting_keyframes=42
[action][watch] waiting for new keyframe outputs: pending=207, idle=31s/600s, sleep=30s
[action][watch] scan round=1101
[action] start split=train, total=651
[action] 2019_SW_IR_Alexandra_Maxim: using keyframes from keyframe_selector/outputs/fs1000_all_frame_indices/2019_SW_IR_Alexandra_Maxim/selected_frame_indices.csv (87 rows)
[action] saved ../FS1000 Dataset/static_resnet50_keyframe_cache/static_resnet50_keyframe_2019_SW_IR_Alexandra_Maxim_T87.npy, shape=(87, 2048)
[action] done split=train, processed=1, existing=486, waiting_keyframes=164
[action] start split=val, total=160
[action] done split=val, processed=0, existing=118, waiting_keyframes=42
[action][watch] round=1101 processed=1, total_processed=443, waiting_keyframes=206
[action][watch] scan round=1102
[action] start split=train, total=651
[action] done split=train, processed=0, existing=487, waiting_keyframes=164
[action] start split=val, total=160
[action] done split=val, processed=0, existing=118, waiting_keyframes=42
[action][watch] waiting for new keyframe outputs: pending=206, idle=1s/600s, sleep=30s
[action][watch] scan round=1103
[action] start split=train, total=651
[action] 2019_SW_IR_Allison_Saulius: using keyframes from keyframe_selector/outputs/fs1000_all_frame_indices/2019_SW_IR_Allison_Saulius/selected_frame_indices.csv (88 rows)
[action] saved ../FS1000 Dataset/static_resnet50_keyframe_cache/static_resnet50_keyframe_2019_SW_IR_Allison_Saulius_T88.npy, shape=(88, 2048)
[action] done split=train, processed=1, existing=487, waiting_keyframes=163
[action] start split=val, total=160
[action] done split=val, processed=0, existing=118, waiting_keyframes=42
[action][watch] round=1103 processed=1, total_processed=444, waiting_keyframes=205
[action][watch] scan round=1104
[action] start split=train, total=651
[action] done split=train, processed=0, existing=488, waiting_keyframes=163
[action] start split=val, total=160
[action] done split=val, processed=0, existing=118, waiting_keyframes=42
[action][watch] waiting for new keyframe outputs: pending=205, idle=1s/600s, sleep=30s
[action][watch] scan round=1105
[action] start split=train, total=651
[action] done split=train, processed=0, existing=488, waiting_keyframes=163
[action] start split=val, total=160
[action] 2019_SW_IR_Anna_Adam: using keyframes from keyframe_selector/outputs/fs1000_all_frame_indices/2019_SW_IR_Anna_Adam/selected_frame_indices.csv (84 rows)
[action] saved ../FS1000 Dataset/static_resnet50_keyframe_cache/static_resnet50_keyframe_2019_SW_IR_Anna_Adam_T84.npy, shape=(84, 2048)
[action] done split=val, processed=1, existing=118, waiting_keyframes=41
[action][watch] round=1105 processed=1, total_processed=445, waiting_keyframes=204
[action][watch] scan round=1106
[action] start split=train, total=651
[action] done split=train, processed=0, existing=488, waiting_keyframes=163
[action] start split=val, total=160
[action] done split=val, processed=0, existing=119, waiting_keyframes=41
[action][watch] waiting for new keyframe outputs: pending=204, idle=1s/600s, sleep=30s
[action][watch] scan round=1107
[action] start split=train, total=651
[action] done split=train, processed=0, existing=488, waiting_keyframes=163
[action] start split=val, total=160
[action] done split=val, processed=0, existing=119, waiting_keyframes=41
[action][watch] waiting for new keyframe outputs: pending=204, idle=31s/600s, sleep=30s
[action][watch] scan round=1108
[action] start split=train, total=651
[action] done split=train, processed=0, existing=488, waiting_keyframes=163
[action] start split=val, total=160
[action] 2019_SW_IR_Anna_Yuri: using keyframes from keyframe_selector/outputs/fs1000_all_frame_indices/2019_SW_IR_Anna_Yuri/selected_frame_indices.csv (88 rows)
[action] saved ../FS1000 Dataset/static_resnet50_keyframe_cache/static_resnet50_keyframe_2019_SW_IR_Anna_Yuri_T88.npy, shape=(88, 2048)
[action] done split=val, processed=1, existing=119, waiting_keyframes=40
[action][watch] round=1108 processed=1, total_processed=446, waiting_keyframes=203
[action][watch] scan round=1109
[action] start split=train, total=651
[action] done split=train, processed=0, existing=488, waiting_keyframes=163
[action] start split=val, total=160
[action] done split=val, processed=0, existing=120, waiting_keyframes=40
[action][watch] waiting for new keyframe outputs: pending=203, idle=1s/600s, sleep=30s
[action][watch] scan round=1110
[action] start split=train, total=651
[action] done split=train, processed=0, existing=488, waiting_keyframes=163
[action] start split=val, total=160
[action] done split=val, processed=0, existing=120, waiting_keyframes=40
[action][watch] waiting for new keyframe outputs: pending=203, idle=31s/600s, sleep=30s
[action][watch] scan round=1111
[action] start split=train, total=651
[action] 2019_SW_IR_Chantelle_Andrew: using keyframes from keyframe_selector/outputs/fs1000_all_frame_indices/2019_SW_IR_Chantelle_Andrew/selected_frame_indices.csv (88 rows)
[action] saved ../FS1000 Dataset/static_resnet50_keyframe_cache/static_resnet50_keyframe_2019_SW_IR_Chantelle_Andrew_T88.npy, shape=(88, 2048)
[action] done split=train, processed=1, existing=488, waiting_keyframes=162
[action] start split=val, total=160
[action] done split=val, processed=0, existing=120, waiting_keyframes=40
[action][watch] round=1111 processed=1, total_processed=447, waiting_keyframes=202
[action][watch] scan round=1112
[action] start split=train, total=651
[action] done split=train, processed=0, existing=489, waiting_keyframes=162
[action] start split=val, total=160
[action] done split=val, processed=0, existing=120, waiting_keyframes=40
[action][watch] waiting for new keyframe outputs: pending=202, idle=1s/600s, sleep=30s
[action][watch] scan round=1113
[action] start split=train, total=651
[action] 2019_SW_IR_Charlene_Marco: using keyframes from keyframe_selector/outputs/fs1000_all_frame_indices/2019_SW_IR_Charlene_Marco/selected_frame_indices.csv (88 rows)
[action] saved ../FS1000 Dataset/static_resnet50_keyframe_cache/static_resnet50_keyframe_2019_SW_IR_Charlene_Marco_T88.npy, shape=(88, 2048)
[action] done split=train, processed=1, existing=489, waiting_keyframes=161
[action] start split=val, total=160
[action] done split=val, processed=0, existing=120, waiting_keyframes=40
[action][watch] round=1113 processed=1, total_processed=448, waiting_keyframes=201
[action][watch] scan round=1114
[action] start split=train, total=651
[action] done split=train, processed=0, existing=490, waiting_keyframes=161
[action] start split=val, total=160
[action] done split=val, processed=0, existing=120, waiting_keyframes=40
[action][watch] waiting for new keyframe outputs: pending=201, idle=1s/600s, sleep=30s
[action][watch] scan round=1115
[action] start split=train, total=651
[action] 2019_SW_IR_Gabriella_Guillaume: using keyframes from keyframe_selector/outputs/fs1000_all_frame_indices/2019_SW_IR_Gabriella_Guillaume/selected_frame_indices.csv (84 rows)
[action] saved ../FS1000 Dataset/static_resnet50_keyframe_cache/static_resnet50_keyframe_2019_SW_IR_Gabriella_Guillaume_T84.npy, shape=(84, 2048)
[action] done split=train, processed=1, existing=490, waiting_keyframes=160
[action] start split=val, total=160
[action] done split=val, processed=0, existing=120, waiting_keyframes=40
[action][watch] round=1115 processed=1, total_processed=449, waiting_keyframes=200
[action][watch] scan round=1116
[action] start split=train, total=651
[action] done split=train, processed=0, existing=491, waiting_keyframes=160
[action] start split=val, total=160
[action] done split=val, processed=0, existing=120, waiting_keyframes=40
[action][watch] waiting for new keyframe outputs: pending=200, idle=1s/600s, sleep=30s
[action][watch] scan round=1117
[action] start split=train, total=651
[action] done split=train, processed=0, existing=491, waiting_keyframes=160
[action] start split=val, total=160
[action] done split=val, processed=0, existing=120, waiting_keyframes=40
[action][watch] waiting for new keyframe outputs: pending=200, idle=31s/600s, sleep=30s
[action][watch] scan round=1118
[action] start split=train, total=651
[action] 2019_SW_IR_Jasmine_Francesco: using keyframes from keyframe_selector/outputs/fs1000_all_frame_indices/2019_SW_IR_Jasmine_Francesco/selected_frame_indices.csv (88 rows)
[action] saved ../FS1000 Dataset/static_resnet50_keyframe_cache/static_resnet50_keyframe_2019_SW_IR_Jasmine_Francesco_T88.npy, shape=(88, 2048)
[action] done split=train, processed=1, existing=491, waiting_keyframes=159
[action] start split=val, total=160
[action] done split=val, processed=0, existing=120, waiting_keyframes=40
[action][watch] round=1118 processed=1, total_processed=450, waiting_keyframes=199
[action][watch] scan round=1119
[action] start split=train, total=651
[action] done split=train, processed=0, existing=492, waiting_keyframes=159
[action] start split=val, total=160
[action] done split=val, processed=0, existing=120, waiting_keyframes=40
[action][watch] waiting for new keyframe outputs: pending=199, idle=1s/600s, sleep=30s
[action][watch] scan round=1120
[action] start split=train, total=651
[action] done split=train, processed=0, existing=492, waiting_keyframes=159
[action] start split=val, total=160
[action] done split=val, processed=0, existing=120, waiting_keyframes=40
[action][watch] waiting for new keyframe outputs: pending=199, idle=31s/600s, sleep=30s
[action][watch] scan round=1121
[action] start split=train, total=651
[action] 2019_SW_IR_Juulia_Matthias: using keyframes from keyframe_selector/outputs/fs1000_all_frame_indices/2019_SW_IR_Juulia_Matthias/selected_frame_indices.csv (88 rows)
[action] saved ../FS1000 Dataset/static_resnet50_keyframe_cache/static_resnet50_keyframe_2019_SW_IR_Juulia_Matthias_T88.npy, shape=(88, 2048)
[action] done split=train, processed=1, existing=492, waiting_keyframes=158
[action] start split=val, total=160
[action] done split=val, processed=0, existing=120, waiting_keyframes=40
[action][watch] round=1121 processed=1, total_processed=451, waiting_keyframes=198
[action][watch] scan round=1122
[action] start split=train, total=651
[action] done split=train, processed=0, existing=493, waiting_keyframes=158
[action] start split=val, total=160
[action] done split=val, processed=0, existing=120, waiting_keyframes=40
[action][watch] waiting for new keyframe outputs: pending=198, idle=1s/600s, sleep=30s
[action][watch] scan round=1123
[action] start split=train, total=651
[action] 2019_SW_IR_Kaitlin_Jean-Luc: using keyframes from keyframe_selector/outputs/fs1000_all_frame_indices/2019_SW_IR_Kaitlin_Jean-Luc/selected_frame_indices.csv (89 rows)
[action] saved ../FS1000 Dataset/static_resnet50_keyframe_cache/static_resnet50_keyframe_2019_SW_IR_Kaitlin_Jean-Luc_T89.npy, shape=(89, 2048)
[action] done split=train, processed=1, existing=493, waiting_keyframes=157
[action] start split=val, total=160
[action] done split=val, processed=0, existing=120, waiting_keyframes=40
[action][watch] round=1123 processed=1, total_processed=452, waiting_keyframes=197
[action][watch] scan round=1124
[action] start split=train, total=651
[action] done split=train, processed=0, existing=494, waiting_keyframes=157
[action] start split=val, total=160
[action] done split=val, processed=0, existing=120, waiting_keyframes=40
[action][watch] waiting for new keyframe outputs: pending=197, idle=1s/600s, sleep=30s
[action][watch] scan round=1125
[action] start split=train, total=651
[action] done split=train, processed=0, existing=494, waiting_keyframes=157
[action] start split=val, total=160
[action] done split=val, processed=0, existing=120, waiting_keyframes=40
[action][watch] waiting for new keyframe outputs: pending=197, idle=31s/600s, sleep=30s
[action][watch] scan round=1126
[action] start split=train, total=651
[action] 2019_SW_IR_Kaitlyn_Andrew: using keyframes from keyframe_selector/outputs/fs1000_all_frame_indices/2019_SW_IR_Kaitlyn_Andrew/selected_frame_indices.csv (89 rows)
[action] saved ../FS1000 Dataset/static_resnet50_keyframe_cache/static_resnet50_keyframe_2019_SW_IR_Kaitlyn_Andrew_T89.npy, shape=(89, 2048)
[action] done split=train, processed=1, existing=494, waiting_keyframes=156
[action] start split=val, total=160
[action] done split=val, processed=0, existing=120, waiting_keyframes=40
[action][watch] round=1126 processed=1, total_processed=453, waiting_keyframes=196
[action][watch] scan round=1127
[action] start split=train, total=651
[action] done split=train, processed=0, existing=495, waiting_keyframes=156
[action] start split=val, total=160
[action] done split=val, processed=0, existing=120, waiting_keyframes=40
[action][watch] waiting for new keyframe outputs: pending=196, idle=1s/600s, sleep=30s
[action][watch] scan round=1128
[action] start split=train, total=651
[action] 2019_SW_IR_Katerina_German: using keyframes from keyframe_selector/outputs/fs1000_all_frame_indices/2019_SW_IR_Katerina_German/selected_frame_indices.csv (88 rows)
[action] saved ../FS1000 Dataset/static_resnet50_keyframe_cache/static_resnet50_keyframe_2019_SW_IR_Katerina_German_T88.npy, shape=(88, 2048)
[action] done split=train, processed=1, existing=495, waiting_keyframes=155
[action] start split=val, total=160
[action] done split=val, processed=0, existing=120, waiting_keyframes=40
[action][watch] round=1128 processed=1, total_processed=454, waiting_keyframes=195
[action][watch] scan round=1129
[action] start split=train, total=651
[action] done split=train, processed=0, existing=496, waiting_keyframes=155
[action] start split=val, total=160
[action] done split=val, processed=0, existing=120, waiting_keyframes=40
[action][watch] waiting for new keyframe outputs: pending=195, idle=1s/600s, sleep=30s
[action][watch] scan round=1130
[action] start split=train, total=651
[action] done split=train, processed=0, existing=496, waiting_keyframes=155
[action] start split=val, total=160
[action] done split=val, processed=0, existing=120, waiting_keyframes=40
[action][watch] waiting for new keyframe outputs: pending=195, idle=31s/600s, sleep=30s
[action][watch] scan round=1131
[action] start split=train, total=651
[action] done split=train, processed=0, existing=496, waiting_keyframes=155
[action] start split=val, total=160
[action] 2019_SW_IR_Laurence_Nikolaj: using keyframes from keyframe_selector/outputs/fs1000_all_frame_indices/2019_SW_IR_Laurence_Nikolaj/selected_frame_indices.csv (87 rows)
[action] saved ../FS1000 Dataset/static_resnet50_keyframe_cache/static_resnet50_keyframe_2019_SW_IR_Laurence_Nikolaj_T87.npy, shape=(87, 2048)
[action] done split=val, processed=1, existing=120, waiting_keyframes=39
[action][watch] round=1131 processed=1, total_processed=455, waiting_keyframes=194
[action][watch] scan round=1132
[action] start split=train, total=651
[action] done split=train, processed=0, existing=496, waiting_keyframes=155
[action] start split=val, total=160
[action] done split=val, processed=0, existing=121, waiting_keyframes=39
[action][watch] waiting for new keyframe outputs: pending=194, idle=1s/600s, sleep=30s
[action][watch] scan round=1133
[action] start split=train, total=651
[action] 2019_SW_IR_Lilah_Lewis: using keyframes from keyframe_selector/outputs/fs1000_all_frame_indices/2019_SW_IR_Lilah_Lewis/selected_frame_indices.csv (85 rows)
[action] saved ../FS1000 Dataset/static_resnet50_keyframe_cache/static_resnet50_keyframe_2019_SW_IR_Lilah_Lewis_T85.npy, shape=(85, 2048)
[action] done split=train, processed=1, existing=496, waiting_keyframes=154
[action] start split=val, total=160
[action] done split=val, processed=0, existing=121, waiting_keyframes=39
[action][watch] round=1133 processed=1, total_processed=456, waiting_keyframes=193
[action][watch] scan round=1134
[action] start split=train, total=651
[action] done split=train, processed=0, existing=497, waiting_keyframes=154
[action] start split=val, total=160
[action] done split=val, processed=0, existing=121, waiting_keyframes=39
[action][watch] waiting for new keyframe outputs: pending=193, idle=1s/600s, sleep=30s
[action][watch] scan round=1135
[action] start split=train, total=651
[action] done split=train, processed=0, existing=497, waiting_keyframes=154
[action] start split=val, total=160
[action] done split=val, processed=0, existing=121, waiting_keyframes=39
[action][watch] waiting for new keyframe outputs: pending=193, idle=31s/600s, sleep=30s
[action][watch] scan round=1136
[action] start split=train, total=651
[action] done split=train, processed=0, existing=497, waiting_keyframes=154
[action] start split=val, total=160
[action] 2019_SW_IR_Madison_Evan: using keyframes from keyframe_selector/outputs/fs1000_all_frame_indices/2019_SW_IR_Madison_Evan/selected_frame_indices.csv (89 rows)
[action] saved ../FS1000 Dataset/static_resnet50_keyframe_cache/static_resnet50_keyframe_2019_SW_IR_Madison_Evan_T89.npy, shape=(89, 2048)
[action] done split=val, processed=1, existing=121, waiting_keyframes=38
[action][watch] round=1136 processed=1, total_processed=457, waiting_keyframes=192
[action][watch] scan round=1137
[action] start split=train, total=651
[action] done split=train, processed=0, existing=497, waiting_keyframes=154
[action] start split=val, total=160
[action] done split=val, processed=0, existing=122, waiting_keyframes=38
[action][watch] waiting for new keyframe outputs: pending=192, idle=1s/600s, sleep=30s
[action][watch] scan round=1138
[action] start split=train, total=651
[action] 2019_SW_IR_Madison_Zachary: using keyframes from keyframe_selector/outputs/fs1000_all_frame_indices/2019_SW_IR_Madison_Zachary/selected_frame_indices.csv (88 rows)
[action] saved ../FS1000 Dataset/static_resnet50_keyframe_cache/static_resnet50_keyframe_2019_SW_IR_Madison_Zachary_T88.npy, shape=(88, 2048)
[action] done split=train, processed=1, existing=497, waiting_keyframes=153
[action] start split=val, total=160
[action] done split=val, processed=0, existing=122, waiting_keyframes=38
[action][watch] round=1138 processed=1, total_processed=458, waiting_keyframes=191
[action][watch] scan round=1139
[action] start split=train, total=651
[action] done split=train, processed=0, existing=498, waiting_keyframes=153
[action] start split=val, total=160
[action] done split=val, processed=0, existing=122, waiting_keyframes=38
[action][watch] waiting for new keyframe outputs: pending=191, idle=1s/600s, sleep=30s
[action][watch] scan round=1140
[action] start split=train, total=651
[action] done split=train, processed=0, existing=498, waiting_keyframes=153
[action] start split=val, total=160
[action] done split=val, processed=0, existing=122, waiting_keyframes=38
[action][watch] waiting for new keyframe outputs: pending=191, idle=31s/600s, sleep=30s
[action][watch] scan round=1141
[action] start split=train, total=651
[action] done split=train, processed=0, existing=498, waiting_keyframes=153
[action] start split=val, total=160
[action] 2019_SW_IR_Marie-Jade_Romain: using keyframes from keyframe_selector/outputs/fs1000_all_frame_indices/2019_SW_IR_Marie-Jade_Romain/selected_frame_indices.csv (87 rows)
[action] saved ../FS1000 Dataset/static_resnet50_keyframe_cache/static_resnet50_keyframe_2019_SW_IR_Marie-Jade_Romain_T87.npy, shape=(87, 2048)
[action] done split=val, processed=1, existing=122, waiting_keyframes=37
[action][watch] round=1141 processed=1, total_processed=459, waiting_keyframes=190
[action][watch] scan round=1142
[action] start split=train, total=651
[action] done split=train, processed=0, existing=498, waiting_keyframes=153
[action] start split=val, total=160
[action] done split=val, processed=0, existing=123, waiting_keyframes=37
[action][watch] waiting for new keyframe outputs: pending=190, idle=1s/600s, sleep=30s
[action][watch] scan round=1143
[action] start split=train, total=651
[action] 2019_SW_IR_Misato_Tim: using keyframes from keyframe_selector/outputs/fs1000_all_frame_indices/2019_SW_IR_Misato_Tim/selected_frame_indices.csv (85 rows)
[action] saved ../FS1000 Dataset/static_resnet50_keyframe_cache/static_resnet50_keyframe_2019_SW_IR_Misato_Tim_T85.npy, shape=(85, 2048)
[action] done split=train, processed=1, existing=498, waiting_keyframes=152
[action] start split=val, total=160
[action] done split=val, processed=0, existing=123, waiting_keyframes=37
[action][watch] round=1143 processed=1, total_processed=460, waiting_keyframes=189
[action][watch] scan round=1144
[action] start split=train, total=651
[action] done split=train, processed=0, existing=499, waiting_keyframes=152
[action] start split=val, total=160
[action] done split=val, processed=0, existing=123, waiting_keyframes=37
[action][watch] waiting for new keyframe outputs: pending=189, idle=1s/600s, sleep=30s
[action][watch] scan round=1145
[action] start split=train, total=651
[action] done split=train, processed=0, existing=499, waiting_keyframes=152
[action] start split=val, total=160
[action] done split=val, processed=0, existing=123, waiting_keyframes=37
[action][watch] waiting for new keyframe outputs: pending=189, idle=31s/600s, sleep=30s
[action][watch] scan round=1146
[action] start split=train, total=651
[action] done split=train, processed=0, existing=499, waiting_keyframes=152
[action] start split=val, total=160
[action] 2019_SW_IR_Natalia_Maksym: using keyframes from keyframe_selector/outputs/fs1000_all_frame_indices/2019_SW_IR_Natalia_Maksym/selected_frame_indices.csv (87 rows)
[action] saved ../FS1000 Dataset/static_resnet50_keyframe_cache/static_resnet50_keyframe_2019_SW_IR_Natalia_Maksym_T87.npy, shape=(87, 2048)
[action] done split=val, processed=1, existing=123, waiting_keyframes=36
[action][watch] round=1146 processed=1, total_processed=461, waiting_keyframes=188
[action][watch] scan round=1147
[action] start split=train, total=651
[action] done split=train, processed=0, existing=499, waiting_keyframes=152
[action] start split=val, total=160
[action] done split=val, processed=0, existing=124, waiting_keyframes=36
[action][watch] waiting for new keyframe outputs: pending=188, idle=1s/600s, sleep=30s
[action][watch] scan round=1148
[action] start split=train, total=651
[action] done split=train, processed=0, existing=499, waiting_keyframes=152
[action] start split=val, total=160
[action] done split=val, processed=0, existing=124, waiting_keyframes=36
[action][watch] waiting for new keyframe outputs: pending=188, idle=31s/600s, sleep=30s
[action][watch] scan round=1149
[action] start split=train, total=651
[action] 2019_SW_IR_Piper_Paul: using keyframes from keyframe_selector/outputs/fs1000_all_frame_indices/2019_SW_IR_Piper_Paul/selected_frame_indices.csv (85 rows)
[action] saved ../FS1000 Dataset/static_resnet50_keyframe_cache/static_resnet50_keyframe_2019_SW_IR_Piper_Paul_T85.npy, shape=(85, 2048)
[action] done split=train, processed=1, existing=499, waiting_keyframes=151
[action] start split=val, total=160
[action] done split=val, processed=0, existing=124, waiting_keyframes=36
[action][watch] round=1149 processed=1, total_processed=462, waiting_keyframes=187
[action][watch] scan round=1150
[action] start split=train, total=651
[action] done split=train, processed=0, existing=500, waiting_keyframes=151
[action] start split=val, total=160
[action] done split=val, processed=0, existing=124, waiting_keyframes=36
[action][watch] waiting for new keyframe outputs: pending=187, idle=1s/600s, sleep=30s
[action][watch] scan round=1151
[action] start split=train, total=651
[action] 2019_SW_IR_Sara_Kirill: using keyframes from keyframe_selector/outputs/fs1000_all_frame_indices/2019_SW_IR_Sara_Kirill/selected_frame_indices.csv (88 rows)
[action] saved ../FS1000 Dataset/static_resnet50_keyframe_cache/static_resnet50_keyframe_2019_SW_IR_Sara_Kirill_T88.npy, shape=(88, 2048)
[action] done split=train, processed=1, existing=500, waiting_keyframes=150
[action] start split=val, total=160
[action] done split=val, processed=0, existing=124, waiting_keyframes=36
[action][watch] round=1151 processed=1, total_processed=463, waiting_keyframes=186
[action][watch] scan round=1152
[action] start split=train, total=651
[action] done split=train, processed=0, existing=501, waiting_keyframes=150
[action] start split=val, total=160
[action] done split=val, processed=0, existing=124, waiting_keyframes=36
[action][watch] waiting for new keyframe outputs: pending=186, idle=1s/600s, sleep=30s
[action][watch] scan round=1153
[action] start split=train, total=651
[action] done split=train, processed=0, existing=501, waiting_keyframes=150
[action] start split=val, total=160
[action] done split=val, processed=0, existing=124, waiting_keyframes=36
[action][watch] waiting for new keyframe outputs: pending=186, idle=31s/600s, sleep=30s
[action][watch] scan round=1154
[action] start split=train, total=651
[action] 2019_SW_IR_Shari_Christian: using keyframes from keyframe_selector/outputs/fs1000_all_frame_indices/2019_SW_IR_Shari_Christian/selected_frame_indices.csv (89 rows)
[action] saved ../FS1000 Dataset/static_resnet50_keyframe_cache/static_resnet50_keyframe_2019_SW_IR_Shari_Christian_T89.npy, shape=(89, 2048)
[action] done split=train, processed=1, existing=501, waiting_keyframes=149
[action] start split=val, total=160
[action] done split=val, processed=0, existing=124, waiting_keyframes=36
[action][watch] round=1154 processed=1, total_processed=464, waiting_keyframes=185
[action][watch] scan round=1155
[action] start split=train, total=651
[action] done split=train, processed=0, existing=502, waiting_keyframes=149
[action] start split=val, total=160
[action] done split=val, processed=0, existing=124, waiting_keyframes=36
[action][watch] waiting for new keyframe outputs: pending=185, idle=1s/600s, sleep=30s
[action][watch] scan round=1156
[action] start split=train, total=651
[action] 2019_SW_IR_Shira_Vadim: using keyframes from keyframe_selector/outputs/fs1000_all_frame_indices/2019_SW_IR_Shira_Vadim/selected_frame_indices.csv (100 rows)
[action][warn] 2019_SW_IR_Shira_Vadim: keyframe rows (100) != T_dyn (88); mapping selected frames to dynamic timesteps. Use select_keyframes.py --num-segments or --feature-path to produce one keyframe per overlapping dynamic window.
[action] saved ../FS1000 Dataset/static_resnet50_keyframe_cache/static_resnet50_keyframe_2019_SW_IR_Shira_Vadim_T88.npy, shape=(88, 2048)
[action] done split=train, processed=1, existing=502, waiting_keyframes=148
[action] start split=val, total=160
[action] done split=val, processed=0, existing=124, waiting_keyframes=36
[action][watch] round=1156 processed=1, total_processed=465, waiting_keyframes=184
[action][watch] scan round=1157
[action] start split=train, total=651
[action] done split=train, processed=0, existing=503, waiting_keyframes=148
[action] start split=val, total=160
[action] done split=val, processed=0, existing=124, waiting_keyframes=36
[action][watch] waiting for new keyframe outputs: pending=184, idle=1s/600s, sleep=30s
[action][watch] scan round=1158
[action] start split=train, total=651
[action] done split=train, processed=0, existing=503, waiting_keyframes=148
[action] start split=val, total=160
[action] done split=val, processed=0, existing=124, waiting_keyframes=36
[action][watch] waiting for new keyframe outputs: pending=184, idle=31s/600s, sleep=30s
[action][watch] scan round=1159
[action] start split=train, total=651
[action] 2019_SW_IR_Shiyue_Xinyu: using keyframes from keyframe_selector/outputs/fs1000_all_frame_indices/2019_SW_IR_Shiyue_Xinyu/selected_frame_indices.csv (88 rows)
[action] saved ../FS1000 Dataset/static_resnet50_keyframe_cache/static_resnet50_keyframe_2019_SW_IR_Shiyue_Xinyu_T88.npy, shape=(88, 2048)
[action] done split=train, processed=1, existing=503, waiting_keyframes=147
[action] start split=val, total=160
[action] done split=val, processed=0, existing=124, waiting_keyframes=36
[action][watch] round=1159 processed=1, total_processed=466, waiting_keyframes=183
[action][watch] scan round=1160
[action] start split=train, total=651
[action] done split=train, processed=0, existing=504, waiting_keyframes=147
[action] start split=val, total=160
[action] done split=val, processed=0, existing=124, waiting_keyframes=36
[action][watch] waiting for new keyframe outputs: pending=183, idle=1s/600s, sleep=30s
[action][watch] scan round=1161
[action] start split=train, total=651
[action] done split=train, processed=0, existing=504, waiting_keyframes=147
[action] start split=val, total=160
[action] done split=val, processed=0, existing=124, waiting_keyframes=36
[action][watch] waiting for new keyframe outputs: pending=183, idle=31s/600s, sleep=30s
[action][watch] scan round=1162
[action] start split=train, total=651
[action] 2019_SW_IR_Victoria_Carlo: using keyframes from keyframe_selector/outputs/fs1000_all_frame_indices/2019_SW_IR_Victoria_Carlo/selected_frame_indices.csv (86 rows)
[action] saved ../FS1000 Dataset/static_resnet50_keyframe_cache/static_resnet50_keyframe_2019_SW_IR_Victoria_Carlo_T86.npy, shape=(86, 2048)
[action] done split=train, processed=1, existing=504, waiting_keyframes=146
[action] start split=val, total=160
[action] done split=val, processed=0, existing=124, waiting_keyframes=36
[action][watch] round=1162 processed=1, total_processed=467, waiting_keyframes=182
[action][watch] scan round=1163
[action] start split=train, total=651
[action] done split=train, processed=0, existing=505, waiting_keyframes=146
[action] start split=val, total=160
[action] done split=val, processed=0, existing=124, waiting_keyframes=36
[action][watch] waiting for new keyframe outputs: pending=182, idle=1s/600s, sleep=30s
[action][watch] scan round=1164
[action] start split=train, total=651
[action] 2019_SW_IR_Victoria_Nikita: using keyframes from keyframe_selector/outputs/fs1000_all_frame_indices/2019_SW_IR_Victoria_Nikita/selected_frame_indices.csv (88 rows)
[action] saved ../FS1000 Dataset/static_resnet50_keyframe_cache/static_resnet50_keyframe_2019_SW_IR_Victoria_Nikita_T88.npy, shape=(88, 2048)
[action] done split=train, processed=1, existing=505, waiting_keyframes=145
[action] start split=val, total=160
[action] done split=val, processed=0, existing=124, waiting_keyframes=36
[action][watch] round=1164 processed=1, total_processed=468, waiting_keyframes=181
[action][watch] scan round=1165
[action] start split=train, total=651
[action] done split=train, processed=0, existing=506, waiting_keyframes=145
[action] start split=val, total=160
[action] done split=val, processed=0, existing=124, waiting_keyframes=36
[action][watch] waiting for new keyframe outputs: pending=181, idle=1s/600s, sleep=30s
[action][watch] scan round=1166
[action] start split=train, total=651
[action] done split=train, processed=0, existing=506, waiting_keyframes=145
[action] start split=val, total=160
[action] done split=val, processed=0, existing=124, waiting_keyframes=36
[action][watch] waiting for new keyframe outputs: pending=181, idle=31s/600s, sleep=30s
[action][watch] scan round=1167
[action] start split=train, total=651
[action] done split=train, processed=0, existing=506, waiting_keyframes=145
[action] start split=val, total=160
[action] done split=val, processed=0, existing=124, waiting_keyframes=36
[action][watch] waiting for new keyframe outputs: pending=181, idle=62s/600s, sleep=30s
[action][watch] scan round=1168
[action] start split=train, total=651
[action] done split=train, processed=0, existing=506, waiting_keyframes=145
[action] start split=val, total=160
[action] 2019_SW_PF_Aleksandra_Dmitrii: using keyframes from keyframe_selector/outputs/fs1000_all_frame_indices/2019_SW_PF_Aleksandra_Dmitrii/selected_frame_indices.csv (127 rows)
[action] saved ../FS1000 Dataset/static_resnet50_keyframe_cache/static_resnet50_keyframe_2019_SW_PF_Aleksandra_Dmitrii_T127.npy, shape=(127, 2048)
[action] done split=val, processed=1, existing=124, waiting_keyframes=35
[action][watch] round=1168 processed=1, total_processed=469, waiting_keyframes=180
[action][watch] scan round=1169
[action] start split=train, total=651
[action] done split=train, processed=0, existing=506, waiting_keyframes=145
[action] start split=val, total=160
[action] done split=val, processed=0, existing=125, waiting_keyframes=35
[action][watch] waiting for new keyframe outputs: pending=180, idle=1s/600s, sleep=30s
[action][watch] scan round=1170
[action] start split=train, total=651
[action] done split=train, processed=0, existing=506, waiting_keyframes=145
[action] start split=val, total=160
[action] done split=val, processed=0, existing=125, waiting_keyframes=35
[action][watch] waiting for new keyframe outputs: pending=180, idle=31s/600s, sleep=30s
[action][watch] scan round=1171
[action] start split=train, total=651
[action] 2019_SW_PF_Annika_Ruben: using keyframes from keyframe_selector/outputs/fs1000_all_frame_indices/2019_SW_PF_Annika_Ruben/selected_frame_indices.csv (122 rows)
[action] saved ../FS1000 Dataset/static_resnet50_keyframe_cache/static_resnet50_keyframe_2019_SW_PF_Annika_Ruben_T122.npy, shape=(122, 2048)
[action] done split=train, processed=1, existing=506, waiting_keyframes=144
[action] start split=val, total=160
[action] done split=val, processed=0, existing=125, waiting_keyframes=35
[action][watch] round=1171 processed=1, total_processed=470, waiting_keyframes=179
[action][watch] scan round=1172
[action] start split=train, total=651
[action] done split=train, processed=0, existing=507, waiting_keyframes=144
[action] start split=val, total=160
[action] done split=val, processed=0, existing=125, waiting_keyframes=35
[action][watch] waiting for new keyframe outputs: pending=179, idle=1s/600s, sleep=30s
[action][watch] scan round=1173
[action] start split=train, total=651
[action] done split=train, processed=0, existing=507, waiting_keyframes=144
[action] start split=val, total=160
[action] done split=val, processed=0, existing=125, waiting_keyframes=35
[action][watch] waiting for new keyframe outputs: pending=179, idle=31s/600s, sleep=30s
[action][watch] scan round=1174
[action] start split=train, total=651
[action] 2019_SW_PF_Ashley_Timothy: using keyframes from keyframe_selector/outputs/fs1000_all_frame_indices/2019_SW_PF_Ashley_Timothy/selected_frame_indices.csv (123 rows)
[action] saved ../FS1000 Dataset/static_resnet50_keyframe_cache/static_resnet50_keyframe_2019_SW_PF_Ashley_Timothy_T123.npy, shape=(123, 2048)
[action] done split=train, processed=1, existing=507, waiting_keyframes=143
[action] start split=val, total=160
[action] done split=val, processed=0, existing=125, waiting_keyframes=35
[action][watch] round=1174 processed=1, total_processed=471, waiting_keyframes=178
[action][watch] scan round=1175
[action] start split=train, total=651
[action] done split=train, processed=0, existing=508, waiting_keyframes=143
[action] start split=val, total=160
[action] done split=val, processed=0, existing=125, waiting_keyframes=35
[action][watch] waiting for new keyframe outputs: pending=178, idle=1s/600s, sleep=30s
[action][watch] scan round=1176
[action] start split=train, total=651
[action] done split=train, processed=0, existing=508, waiting_keyframes=143
[action] start split=val, total=160
[action] done split=val, processed=0, existing=125, waiting_keyframes=35
[action][watch] waiting for new keyframe outputs: pending=178, idle=31s/600s, sleep=30s
[action][watch] scan round=1177
[action] start split=train, total=651
[action] 2019_SW_PF_Cheng_Yang: using keyframes from keyframe_selector/outputs/fs1000_all_frame_indices/2019_SW_PF_Cheng_Yang/selected_frame_indices.csv (123 rows)
[action] saved ../FS1000 Dataset/static_resnet50_keyframe_cache/static_resnet50_keyframe_2019_SW_PF_Cheng_Yang_T123.npy, shape=(123, 2048)
[action] done split=train, processed=1, existing=508, waiting_keyframes=142
[action] start split=val, total=160
[action] done split=val, processed=0, existing=125, waiting_keyframes=35
[action][watch] round=1177 processed=1, total_processed=472, waiting_keyframes=177
[action][watch] scan round=1178
[action] start split=train, total=651
[action] done split=train, processed=0, existing=509, waiting_keyframes=142
[action] start split=val, total=160
[action] done split=val, processed=0, existing=125, waiting_keyframes=35
[action][watch] waiting for new keyframe outputs: pending=177, idle=1s/600s, sleep=30s
[action][watch] scan round=1179
[action] start split=train, total=651
[action] done split=train, processed=0, existing=509, waiting_keyframes=142
[action] start split=val, total=160
[action] done split=val, processed=0, existing=125, waiting_keyframes=35
[action][watch] waiting for new keyframe outputs: pending=177, idle=31s/600s, sleep=30s
[action][watch] scan round=1180
[action] start split=train, total=651
[action] 2019_SW_PF_Evelyn_Trennt: using keyframes from keyframe_selector/outputs/fs1000_all_frame_indices/2019_SW_PF_Evelyn_Trennt/selected_frame_indices.csv (121 rows)
[action] saved ../FS1000 Dataset/static_resnet50_keyframe_cache/static_resnet50_keyframe_2019_SW_PF_Evelyn_Trennt_T121.npy, shape=(121, 2048)
[action] train: 500/651
[action] done split=train, processed=1, existing=509, waiting_keyframes=141
[action] start split=val, total=160
[action] done split=val, processed=0, existing=125, waiting_keyframes=35
[action][watch] round=1180 processed=1, total_processed=473, waiting_keyframes=176
[action][watch] scan round=1181
[action] start split=train, total=651
[action] done split=train, processed=0, existing=510, waiting_keyframes=141
[action] start split=val, total=160
[action] done split=val, processed=0, existing=125, waiting_keyframes=35
[action][watch] waiting for new keyframe outputs: pending=176, idle=1s/600s, sleep=30s
[action][watch] scan round=1182
[action] start split=train, total=651
[action] done split=train, processed=0, existing=510, waiting_keyframes=141
[action] start split=val, total=160
[action] done split=val, processed=0, existing=125, waiting_keyframes=35
[action][watch] waiting for new keyframe outputs: pending=176, idle=31s/600s, sleep=30s
[action][watch] scan round=1183
[action] start split=train, total=651
[action] 2019_SW_PF_Evgenia_Vladimir: using keyframes from keyframe_selector/outputs/fs1000_all_frame_indices/2019_SW_PF_Evgenia_Vladimir/selected_frame_indices.csv (122 rows)
[action] saved ../FS1000 Dataset/static_resnet50_keyframe_cache/static_resnet50_keyframe_2019_SW_PF_Evgenia_Vladimir_T122.npy, shape=(122, 2048)
[action] done split=train, processed=1, existing=510, waiting_keyframes=140
[action] start split=val, total=160
[action] done split=val, processed=0, existing=125, waiting_keyframes=35
[action][watch] round=1183 processed=1, total_processed=474, waiting_keyframes=175
[action][watch] scan round=1184
[action] start split=train, total=651
[action] done split=train, processed=0, existing=511, waiting_keyframes=140
[action] start split=val, total=160
[action] done split=val, processed=0, existing=125, waiting_keyframes=35
[action][watch] waiting for new keyframe outputs: pending=175, idle=1s/600s, sleep=30s
[action][watch] scan round=1185
[action] start split=train, total=651
[action] done split=train, processed=0, existing=511, waiting_keyframes=140
[action] start split=val, total=160
[action] done split=val, processed=0, existing=125, waiting_keyframes=35
[action][watch] waiting for new keyframe outputs: pending=175, idle=31s/600s, sleep=30s
[action][watch] scan round=1186
[action] start split=train, total=651
[action] done split=train, processed=0, existing=511, waiting_keyframes=140
[action] start split=val, total=160
[action] 2019_SW_PF_Hanna_Martin: using keyframes from keyframe_selector/outputs/fs1000_all_frame_indices/2019_SW_PF_Hanna_Martin/selected_frame_indices.csv (121 rows)
[action] saved ../FS1000 Dataset/static_resnet50_keyframe_cache/static_resnet50_keyframe_2019_SW_PF_Hanna_Martin_T121.npy, shape=(121, 2048)
[action] done split=val, processed=1, existing=125, waiting_keyframes=34
[action][watch] round=1186 processed=1, total_processed=475, waiting_keyframes=174
[action][watch] scan round=1187
[action] start split=train, total=651
[action] done split=train, processed=0, existing=511, waiting_keyframes=140
[action] start split=val, total=160
[action] done split=val, processed=0, existing=126, waiting_keyframes=34
[action][watch] waiting for new keyframe outputs: pending=174, idle=1s/600s, sleep=30s
[action][watch] scan round=1188
[action] start split=train, total=651
[action] done split=train, processed=0, existing=511, waiting_keyframes=140
[action] start split=val, total=160
[action] done split=val, processed=0, existing=126, waiting_keyframes=34
[action][watch] waiting for new keyframe outputs: pending=174, idle=31s/600s, sleep=30s
[action][watch] scan round=1189
[action] start split=train, total=651
[action] 2019_SW_PF_Kirsten_Michael: using keyframes from keyframe_selector/outputs/fs1000_all_frame_indices/2019_SW_PF_Kirsten_Michael/selected_frame_indices.csv (123 rows)
[action] saved ../FS1000 Dataset/static_resnet50_keyframe_cache/static_resnet50_keyframe_2019_SW_PF_Kirsten_Michael_T123.npy, shape=(123, 2048)
[action] done split=train, processed=1, existing=511, waiting_keyframes=139
[action] start split=val, total=160
[action] done split=val, processed=0, existing=126, waiting_keyframes=34
[action][watch] round=1189 processed=1, total_processed=476, waiting_keyframes=173
[action][watch] scan round=1190
[action] start split=train, total=651
[action] done split=train, processed=0, existing=512, waiting_keyframes=139
[action] start split=val, total=160
[action] done split=val, processed=0, existing=126, waiting_keyframes=34
[action][watch] waiting for new keyframe outputs: pending=173, idle=1s/600s, sleep=30s
[action][watch] scan round=1191
[action] start split=train, total=651
[action] done split=train, processed=0, existing=512, waiting_keyframes=139
[action] start split=val, total=160
[action] done split=val, processed=0, existing=126, waiting_keyframes=34
[action][watch] waiting for new keyframe outputs: pending=173, idle=31s/600s, sleep=30s
[action][watch] scan round=1192
[action] start split=train, total=651
[action] done split=train, processed=0, existing=512, waiting_keyframes=139
[action] start split=val, total=160
[action] 2019_SW_PF_Lana_Antonio: using keyframes from keyframe_selector/outputs/fs1000_all_frame_indices/2019_SW_PF_Lana_Antonio/selected_frame_indices.csv (123 rows)
[action] saved ../FS1000 Dataset/static_resnet50_keyframe_cache/static_resnet50_keyframe_2019_SW_PF_Lana_Antonio_T123.npy, shape=(123, 2048)
[action] done split=val, processed=1, existing=126, waiting_keyframes=33
[action][watch] round=1192 processed=1, total_processed=477, waiting_keyframes=172
[action][watch] scan round=1193
[action] start split=train, total=651
[action] done split=train, processed=0, existing=512, waiting_keyframes=139
[action] start split=val, total=160
[action] done split=val, processed=0, existing=127, waiting_keyframes=33
[action][watch] waiting for new keyframe outputs: pending=172, idle=1s/600s, sleep=30s
[action][watch] scan round=1194
[action] start split=train, total=651
[action] done split=train, processed=0, existing=512, waiting_keyframes=139
[action] start split=val, total=160
[action] done split=val, processed=0, existing=127, waiting_keyframes=33
[action][watch] waiting for new keyframe outputs: pending=172, idle=31s/600s, sleep=30s
[action][watch] scan round=1195
[action] start split=train, total=651
[action] 2019_SW_PF_Laura_Aritz: using keyframes from keyframe_selector/outputs/fs1000_all_frame_indices/2019_SW_PF_Laura_Aritz/selected_frame_indices.csv (123 rows)
[action] saved ../FS1000 Dataset/static_resnet50_keyframe_cache/static_resnet50_keyframe_2019_SW_PF_Laura_Aritz_T123.npy, shape=(123, 2048)
[action] done split=train, processed=1, existing=512, waiting_keyframes=138
[action] start split=val, total=160
[action] done split=val, processed=0, existing=127, waiting_keyframes=33
[action][watch] round=1195 processed=1, total_processed=478, waiting_keyframes=171
[action][watch] scan round=1196
[action] start split=train, total=651
[action] done split=train, processed=0, existing=513, waiting_keyframes=138
[action] start split=val, total=160
[action] done split=val, processed=0, existing=127, waiting_keyframes=33
[action][watch] waiting for new keyframe outputs: pending=171, idle=1s/600s, sleep=30s
[action][watch] scan round=1197
[action] start split=train, total=651
[action] done split=train, processed=0, existing=513, waiting_keyframes=138
[action] start split=val, total=160
[action] done split=val, processed=0, existing=127, waiting_keyframes=33
[action][watch] waiting for new keyframe outputs: pending=171, idle=31s/600s, sleep=30s
[action][watch] scan round=1198
[action] start split=train, total=651
[action] done split=train, processed=0, existing=513, waiting_keyframes=138
[action] start split=val, total=160
[action] 2019_SW_PF_Minerva_Nolan: using keyframes from keyframe_selector/outputs/fs1000_all_frame_indices/2019_SW_PF_Minerva_Nolan/selected_frame_indices.csv (123 rows)
[action] saved ../FS1000 Dataset/static_resnet50_keyframe_cache/static_resnet50_keyframe_2019_SW_PF_Minerva_Nolan_T123.npy, shape=(123, 2048)
[action] done split=val, processed=1, existing=127, waiting_keyframes=32
[action][watch] round=1198 processed=1, total_processed=479, waiting_keyframes=170
[action][watch] scan round=1199
[action] start split=train, total=651
[action] done split=train, processed=0, existing=513, waiting_keyframes=138
[action] start split=val, total=160
[action] done split=val, processed=0, existing=128, waiting_keyframes=32
[action][watch] waiting for new keyframe outputs: pending=170, idle=1s/600s, sleep=30s
[action][watch] scan round=1200
[action] start split=train, total=651
[action] done split=train, processed=0, existing=513, waiting_keyframes=138
[action] start split=val, total=160
[action] done split=val, processed=0, existing=128, waiting_keyframes=32
[action][watch] waiting for new keyframe outputs: pending=170, idle=31s/600s, sleep=30s
[action][watch] scan round=1201
[action] start split=train, total=651
[action] 2019_SW_PF_Miriam_Severi: using keyframes from keyframe_selector/outputs/fs1000_all_frame_indices/2019_SW_PF_Miriam_Severi/selected_frame_indices.csv (123 rows)
[action] saved ../FS1000 Dataset/static_resnet50_keyframe_cache/static_resnet50_keyframe_2019_SW_PF_Miriam_Severi_T123.npy, shape=(123, 2048)
[action] done split=train, processed=1, existing=513, waiting_keyframes=137
[action] start split=val, total=160
[action] done split=val, processed=0, existing=128, waiting_keyframes=32
[action][watch] round=1201 processed=1, total_processed=480, waiting_keyframes=169
[action][watch] scan round=1202
[action] start split=train, total=651
[action] done split=train, processed=0, existing=514, waiting_keyframes=137
[action] start split=val, total=160
[action] done split=val, processed=0, existing=128, waiting_keyframes=32
[action][watch] waiting for new keyframe outputs: pending=169, idle=1s/600s, sleep=30s
[action][watch] scan round=1203
[action] start split=train, total=651
[action] done split=train, processed=0, existing=514, waiting_keyframes=137
[action] start split=val, total=160
[action] done split=val, processed=0, existing=128, waiting_keyframes=32
[action][watch] waiting for new keyframe outputs: pending=169, idle=31s/600s, sleep=30s
[action][watch] scan round=1204
[action] start split=train, total=651
[action] done split=train, processed=0, existing=514, waiting_keyframes=137
[action] start split=val, total=160
[action] done split=val, processed=0, existing=128, waiting_keyframes=32
[action][watch] waiting for new keyframe outputs: pending=169, idle=62s/600s, sleep=30s
[action][watch] scan round=1205
[action] start split=train, total=651
[action] done split=train, processed=0, existing=514, waiting_keyframes=137
[action] start split=val, total=160
[action] 2019_SW_PF_Natalia_Alexander: using keyframes from keyframe_selector/outputs/fs1000_all_frame_indices/2019_SW_PF_Natalia_Alexander/selected_frame_indices.csv (125 rows)
[action] saved ../FS1000 Dataset/static_resnet50_keyframe_cache/static_resnet50_keyframe_2019_SW_PF_Natalia_Alexander_T125.npy, shape=(125, 2048)
[action] done split=val, processed=1, existing=128, waiting_keyframes=31
[action][watch] round=1205 processed=1, total_processed=481, waiting_keyframes=168
[action][watch] scan round=1206
[action] start split=train, total=651
[action] done split=train, processed=0, existing=514, waiting_keyframes=137
[action] start split=val, total=160
[action] done split=val, processed=0, existing=129, waiting_keyframes=31
[action][watch] waiting for new keyframe outputs: pending=168, idle=1s/600s, sleep=30s
[action][watch] scan round=1207
[action] start split=train, total=651
[action] done split=train, processed=0, existing=514, waiting_keyframes=137
[action] start split=val, total=160
[action] done split=val, processed=0, existing=129, waiting_keyframes=31
[action][watch] waiting for new keyframe outputs: pending=168, idle=31s/600s, sleep=30s
[action][watch] scan round=1208
[action] start split=train, total=651
[action] 2019_SW_PF_Nicole_Matteo: using keyframes from keyframe_selector/outputs/fs1000_all_frame_indices/2019_SW_PF_Nicole_Matteo/selected_frame_indices.csv (126 rows)
[action] saved ../FS1000 Dataset/static_resnet50_keyframe_cache/static_resnet50_keyframe_2019_SW_PF_Nicole_Matteo_T126.npy, shape=(126, 2048)
[action] done split=train, processed=1, existing=514, waiting_keyframes=136
[action] start split=val, total=160
[action] done split=val, processed=0, existing=129, waiting_keyframes=31
[action][watch] round=1208 processed=1, total_processed=482, waiting_keyframes=167
[action][watch] scan round=1209
[action] start split=train, total=651
[action] done split=train, processed=0, existing=515, waiting_keyframes=136
[action] start split=val, total=160
[action] done split=val, processed=0, existing=129, waiting_keyframes=31
[action][watch] waiting for new keyframe outputs: pending=167, idle=1s/600s, sleep=30s
[action][watch] scan round=1210
[action] start split=train, total=651
[action] done split=train, processed=0, existing=515, waiting_keyframes=136
[action] start split=val, total=160
[action] done split=val, processed=0, existing=129, waiting_keyframes=31
[action][watch] waiting for new keyframe outputs: pending=167, idle=31s/600s, sleep=30s
[action][watch] scan round=1211
[action] start split=train, total=651
[action] 2019_SW_PF_Rebecca_Filippo: using keyframes from keyframe_selector/outputs/fs1000_all_frame_indices/2019_SW_PF_Rebecca_Filippo/selected_frame_indices.csv (122 rows)
[action] saved ../FS1000 Dataset/static_resnet50_keyframe_cache/static_resnet50_keyframe_2019_SW_PF_Rebecca_Filippo_T122.npy, shape=(122, 2048)
[action] done split=train, processed=1, existing=515, waiting_keyframes=135
[action] start split=val, total=160
[action] done split=val, processed=0, existing=129, waiting_keyframes=31
[action][watch] round=1211 processed=1, total_processed=483, waiting_keyframes=166
[action][watch] scan round=1212
[action] start split=train, total=651
[action] done split=train, processed=0, existing=516, waiting_keyframes=135
[action] start split=val, total=160
[action] done split=val, processed=0, existing=129, waiting_keyframes=31
[action][watch] waiting for new keyframe outputs: pending=166, idle=1s/600s, sleep=30s
[action][watch] scan round=1213
[action] start split=train, total=651
[action] done split=train, processed=0, existing=516, waiting_keyframes=135
[action] start split=val, total=160
[action] done split=val, processed=0, existing=129, waiting_keyframes=31
[action][watch] waiting for new keyframe outputs: pending=166, idle=31s/600s, sleep=30s
[action][watch] scan round=1214
[action] start split=train, total=651
[action] 2019_SW_PF_Tae_Ju: using keyframes from keyframe_selector/outputs/fs1000_all_frame_indices/2019_SW_PF_Tae_Ju/selected_frame_indices.csv (122 rows)
[action] saved ../FS1000 Dataset/static_resnet50_keyframe_cache/static_resnet50_keyframe_2019_SW_PF_Tae_Ju_T122.npy, shape=(122, 2048)
[action] done split=train, processed=1, existing=516, waiting_keyframes=134
[action] start split=val, total=160
[action] done split=val, processed=0, existing=129, waiting_keyframes=31
[action][watch] round=1214 processed=1, total_processed=484, waiting_keyframes=165
[action][watch] scan round=1215
[action] start split=train, total=651
[action] done split=train, processed=0, existing=517, waiting_keyframes=134
[action] start split=val, total=160
[action] done split=val, processed=0, existing=129, waiting_keyframes=31
[action][watch] waiting for new keyframe outputs: pending=165, idle=1s/600s, sleep=30s
[action][watch] scan round=1216
[action] start split=train, total=651
[action] done split=train, processed=0, existing=517, waiting_keyframes=134
[action] start split=val, total=160
[action] done split=val, processed=0, existing=129, waiting_keyframes=31
[action][watch] waiting for new keyframe outputs: pending=165, idle=31s/600s, sleep=30s
[action][watch] scan round=1217
[action] start split=train, total=651
[action] 2019_SW_PF_Vanessa_Morgan: using keyframes from keyframe_selector/outputs/fs1000_all_frame_indices/2019_SW_PF_Vanessa_Morgan/selected_frame_indices.csv (126 rows)
[action] saved ../FS1000 Dataset/static_resnet50_keyframe_cache/static_resnet50_keyframe_2019_SW_PF_Vanessa_Morgan_T126.npy, shape=(126, 2048)
[action] done split=train, processed=1, existing=517, waiting_keyframes=133
[action] start split=val, total=160
[action] done split=val, processed=0, existing=129, waiting_keyframes=31
[action][watch] round=1217 processed=1, total_processed=485, waiting_keyframes=164
[action][watch] scan round=1218
[action] start split=train, total=651
[action] done split=train, processed=0, existing=518, waiting_keyframes=133
[action] start split=val, total=160
[action] done split=val, processed=0, existing=129, waiting_keyframes=31
[action][watch] waiting for new keyframe outputs: pending=164, idle=1s/600s, sleep=30s
[action][watch] scan round=1219
[action] start split=train, total=651
[action] done split=train, processed=0, existing=518, waiting_keyframes=133
[action] start split=val, total=160
[action] done split=val, processed=0, existing=129, waiting_keyframes=31
[action][watch] waiting for new keyframe outputs: pending=164, idle=31s/600s, sleep=30s
[action][watch] scan round=1220
[action] start split=train, total=651
[action] 2019_SW_PF_Wenjing_Cong: using keyframes from keyframe_selector/outputs/fs1000_all_frame_indices/2019_SW_PF_Wenjing_Cong/selected_frame_indices.csv (123 rows)
[action] saved ../FS1000 Dataset/static_resnet50_keyframe_cache/static_resnet50_keyframe_2019_SW_PF_Wenjing_Cong_T123.npy, shape=(123, 2048)
[action] done split=train, processed=1, existing=518, waiting_keyframes=132
[action] start split=val, total=160
[action] done split=val, processed=0, existing=129, waiting_keyframes=31
[action][watch] round=1220 processed=1, total_processed=486, waiting_keyframes=163
[action][watch] scan round=1221
[action] start split=train, total=651
[action] done split=train, processed=0, existing=519, waiting_keyframes=132
[action] start split=val, total=160
[action] done split=val, processed=0, existing=129, waiting_keyframes=31
[action][watch] waiting for new keyframe outputs: pending=163, idle=1s/600s, sleep=30s
[action][watch] scan round=1222
[action] start split=train, total=651
[action] done split=train, processed=0, existing=519, waiting_keyframes=132
[action] start split=val, total=160
[action] done split=val, processed=0, existing=129, waiting_keyframes=31
[action][watch] waiting for new keyframe outputs: pending=163, idle=31s/600s, sleep=30s
[action][watch] scan round=1223
[action] start split=train, total=651
[action] done split=train, processed=0, existing=519, waiting_keyframes=132
[action] start split=val, total=160
[action] 2019_SW_PF_Zoe_Christopher: using keyframes from keyframe_selector/outputs/fs1000_all_frame_indices/2019_SW_PF_Zoe_Christopher/selected_frame_indices.csv (122 rows)
[action] saved ../FS1000 Dataset/static_resnet50_keyframe_cache/static_resnet50_keyframe_2019_SW_PF_Zoe_Christopher_T122.npy, shape=(122, 2048)
[action] done split=val, processed=1, existing=129, waiting_keyframes=30
[action][watch] round=1223 processed=1, total_processed=487, waiting_keyframes=162
[action][watch] scan round=1224
[action] start split=train, total=651
[action] done split=train, processed=0, existing=519, waiting_keyframes=132
[action] start split=val, total=160
[action] done split=val, processed=0, existing=130, waiting_keyframes=30
[action][watch] waiting for new keyframe outputs: pending=162, idle=1s/600s, sleep=30s
[action][watch] scan round=1225
[action] start split=train, total=651
[action] done split=train, processed=0, existing=519, waiting_keyframes=132
[action] start split=val, total=160
[action] done split=val, processed=0, existing=130, waiting_keyframes=30
[action][watch] waiting for new keyframe outputs: pending=162, idle=31s/600s, sleep=30s
[action][watch] scan round=1226
[action] start split=train, total=651
[action] 2019_SW_PS_Aleksandra_Dmitrii: using keyframes from keyframe_selector/outputs/fs1000_all_frame_indices/2019_SW_PS_Aleksandra_Dmitrii/selected_frame_indices.csv (83 rows)
[action] saved ../FS1000 Dataset/static_resnet50_keyframe_cache/static_resnet50_keyframe_2019_SW_PS_Aleksandra_Dmitrii_T83.npy, shape=(83, 2048)
[action] done split=train, processed=1, existing=519, waiting_keyframes=131
[action] start split=val, total=160
[action] done split=val, processed=0, existing=130, waiting_keyframes=30
[action][watch] round=1226 processed=1, total_processed=488, waiting_keyframes=161
[action][watch] scan round=1227
[action] start split=train, total=651
[action] done split=train, processed=0, existing=520, waiting_keyframes=131
[action] start split=val, total=160
[action] done split=val, processed=0, existing=130, waiting_keyframes=30
[action][watch] waiting for new keyframe outputs: pending=161, idle=1s/600s, sleep=30s
[action][watch] scan round=1228
[action] start split=train, total=651
[action] 2019_SW_PS_Annika_Ruben: using keyframes from keyframe_selector/outputs/fs1000_all_frame_indices/2019_SW_PS_Annika_Ruben/selected_frame_indices.csv (84 rows)
[action] saved ../FS1000 Dataset/static_resnet50_keyframe_cache/static_resnet50_keyframe_2019_SW_PS_Annika_Ruben_T84.npy, shape=(84, 2048)
[action] done split=train, processed=1, existing=520, waiting_keyframes=130
[action] start split=val, total=160
[action] done split=val, processed=0, existing=130, waiting_keyframes=30
[action][watch] round=1228 processed=1, total_processed=489, waiting_keyframes=160
[action][watch] scan round=1229
[action] start split=train, total=651
[action] done split=train, processed=0, existing=521, waiting_keyframes=130
[action] start split=val, total=160
[action] done split=val, processed=0, existing=130, waiting_keyframes=30
[action][watch] waiting for new keyframe outputs: pending=160, idle=1s/600s, sleep=30s
[action][watch] scan round=1230
[action] start split=train, total=651
[action] done split=train, processed=0, existing=521, waiting_keyframes=130
[action] start split=val, total=160
[action] done split=val, processed=0, existing=130, waiting_keyframes=30
[action][watch] waiting for new keyframe outputs: pending=160, idle=31s/600s, sleep=30s
[action][watch] scan round=1231
[action] start split=train, total=651
[action] 2019_SW_PS_Ashley_Timothy: using keyframes from keyframe_selector/outputs/fs1000_all_frame_indices/2019_SW_PS_Ashley_Timothy/selected_frame_indices.csv (83 rows)
[action] saved ../FS1000 Dataset/static_resnet50_keyframe_cache/static_resnet50_keyframe_2019_SW_PS_Ashley_Timothy_T83.npy, shape=(83, 2048)
[action] done split=train, processed=1, existing=521, waiting_keyframes=129
[action] start split=val, total=160
[action] done split=val, processed=0, existing=130, waiting_keyframes=30
[action][watch] round=1231 processed=1, total_processed=490, waiting_keyframes=159
[action][watch] scan round=1232
[action] start split=train, total=651
[action] done split=train, processed=0, existing=522, waiting_keyframes=129
[action] start split=val, total=160
[action] done split=val, processed=0, existing=130, waiting_keyframes=30
[action][watch] waiting for new keyframe outputs: pending=159, idle=1s/600s, sleep=30s
[action][watch] scan round=1233
[action] start split=train, total=651
[action] 2019_SW_PS_Cheng_Yang: using keyframes from keyframe_selector/outputs/fs1000_all_frame_indices/2019_SW_PS_Cheng_Yang/selected_frame_indices.csv (83 rows)
[action] saved ../FS1000 Dataset/static_resnet50_keyframe_cache/static_resnet50_keyframe_2019_SW_PS_Cheng_Yang_T83.npy, shape=(83, 2048)
[action] done split=train, processed=1, existing=522, waiting_keyframes=128
[action] start split=val, total=160
[action] done split=val, processed=0, existing=130, waiting_keyframes=30
[action][watch] round=1233 processed=1, total_processed=491, waiting_keyframes=158
[action][watch] scan round=1234
[action] start split=train, total=651
[action] done split=train, processed=0, existing=523, waiting_keyframes=128
[action] start split=val, total=160
[action] done split=val, processed=0, existing=130, waiting_keyframes=30
[action][watch] waiting for new keyframe outputs: pending=158, idle=1s/600s, sleep=30s
[action][watch] scan round=1235
[action] start split=train, total=651
[action] done split=train, processed=0, existing=523, waiting_keyframes=128
[action] start split=val, total=160
[action] 2019_SW_PS_Evelyn_Trennt: using keyframes from keyframe_selector/outputs/fs1000_all_frame_indices/2019_SW_PS_Evelyn_Trennt/selected_frame_indices.csv (84 rows)
[action] saved ../FS1000 Dataset/static_resnet50_keyframe_cache/static_resnet50_keyframe_2019_SW_PS_Evelyn_Trennt_T84.npy, shape=(84, 2048)
[action] done split=val, processed=1, existing=130, waiting_keyframes=29
[action][watch] round=1235 processed=1, total_processed=492, waiting_keyframes=157
[action][watch] scan round=1236
[action] start split=train, total=651
[action] done split=train, processed=0, existing=523, waiting_keyframes=128
[action] start split=val, total=160
[action] done split=val, processed=0, existing=131, waiting_keyframes=29
[action][watch] waiting for new keyframe outputs: pending=157, idle=1s/600s, sleep=30s
[action][watch] scan round=1237
[action] start split=train, total=651
[action] done split=train, processed=0, existing=523, waiting_keyframes=128
[action] start split=val, total=160
[action] done split=val, processed=0, existing=131, waiting_keyframes=29
[action][watch] waiting for new keyframe outputs: pending=157, idle=31s/600s, sleep=30s
[action][watch] scan round=1238
[action] start split=train, total=651
[action] 2019_SW_PS_Evgenia_Vladimir: using keyframes from keyframe_selector/outputs/fs1000_all_frame_indices/2019_SW_PS_Evgenia_Vladimir/selected_frame_indices.csv (84 rows)
[action] saved ../FS1000 Dataset/static_resnet50_keyframe_cache/static_resnet50_keyframe_2019_SW_PS_Evgenia_Vladimir_T84.npy, shape=(84, 2048)
[action] done split=train, processed=1, existing=523, waiting_keyframes=127
[action] start split=val, total=160
[action] done split=val, processed=0, existing=131, waiting_keyframes=29
[action][watch] round=1238 processed=1, total_processed=493, waiting_keyframes=156
[action][watch] scan round=1239
[action] start split=train, total=651
[action] done split=train, processed=0, existing=524, waiting_keyframes=127
[action] start split=val, total=160
[action] done split=val, processed=0, existing=131, waiting_keyframes=29
[action][watch] waiting for new keyframe outputs: pending=156, idle=1s/600s, sleep=30s
[action][watch] scan round=1240
[action] start split=train, total=651
[action] 2019_SW_PS_Hanna_Martin: using keyframes from keyframe_selector/outputs/fs1000_all_frame_indices/2019_SW_PS_Hanna_Martin/selected_frame_indices.csv (83 rows)
[action] saved ../FS1000 Dataset/static_resnet50_keyframe_cache/static_resnet50_keyframe_2019_SW_PS_Hanna_Martin_T83.npy, shape=(83, 2048)
[action] done split=train, processed=1, existing=524, waiting_keyframes=126
[action] start split=val, total=160
[action] done split=val, processed=0, existing=131, waiting_keyframes=29
[action][watch] round=1240 processed=1, total_processed=494, waiting_keyframes=155
[action][watch] scan round=1241
[action] start split=train, total=651
[action] done split=train, processed=0, existing=525, waiting_keyframes=126
[action] start split=val, total=160
[action] done split=val, processed=0, existing=131, waiting_keyframes=29
[action][watch] waiting for new keyframe outputs: pending=155, idle=1s/600s, sleep=30s
[action][watch] scan round=1242
[action] start split=train, total=651
[action] done split=train, processed=0, existing=525, waiting_keyframes=126
[action] start split=val, total=160
[action] done split=val, processed=0, existing=131, waiting_keyframes=29
[action][watch] waiting for new keyframe outputs: pending=155, idle=31s/600s, sleep=30s
[action][watch] scan round=1243
[action] start split=train, total=651
[action] 2019_SW_PS_Kirsten_Michael: using keyframes from keyframe_selector/outputs/fs1000_all_frame_indices/2019_SW_PS_Kirsten_Michael/selected_frame_indices.csv (84 rows)
[action] saved ../FS1000 Dataset/static_resnet50_keyframe_cache/static_resnet50_keyframe_2019_SW_PS_Kirsten_Michael_T84.npy, shape=(84, 2048)
[action] done split=train, processed=1, existing=525, waiting_keyframes=125
[action] start split=val, total=160
[action] done split=val, processed=0, existing=131, waiting_keyframes=29
[action][watch] round=1243 processed=1, total_processed=495, waiting_keyframes=154
[action][watch] scan round=1244
[action] start split=train, total=651
[action] done split=train, processed=0, existing=526, waiting_keyframes=125
[action] start split=val, total=160
[action] done split=val, processed=0, existing=131, waiting_keyframes=29
[action][watch] waiting for new keyframe outputs: pending=154, idle=1s/600s, sleep=30s
[action][watch] scan round=1245
[action] start split=train, total=651
[action] done split=train, processed=0, existing=526, waiting_keyframes=125
[action] start split=val, total=160
[action] done split=val, processed=0, existing=131, waiting_keyframes=29
[action][watch] waiting for new keyframe outputs: pending=154, idle=31s/600s, sleep=30s
[action][watch] scan round=1246
[action] start split=train, total=651
[action] 2019_SW_PS_Lana_Antonio: using keyframes from keyframe_selector/outputs/fs1000_all_frame_indices/2019_SW_PS_Lana_Antonio/selected_frame_indices.csv (84 rows)
[action] saved ../FS1000 Dataset/static_resnet50_keyframe_cache/static_resnet50_keyframe_2019_SW_PS_Lana_Antonio_T84.npy, shape=(84, 2048)
[action] done split=train, processed=1, existing=526, waiting_keyframes=124
[action] start split=val, total=160
[action] done split=val, processed=0, existing=131, waiting_keyframes=29
[action][watch] round=1246 processed=1, total_processed=496, waiting_keyframes=153
[action][watch] scan round=1247
[action] start split=train, total=651
[action] done split=train, processed=0, existing=527, waiting_keyframes=124
[action] start split=val, total=160
[action] done split=val, processed=0, existing=131, waiting_keyframes=29
[action][watch] waiting for new keyframe outputs: pending=153, idle=1s/600s, sleep=30s
[action][watch] scan round=1248
[action] start split=train, total=651
[action] 2019_SW_PS_Laura_Aritz: using keyframes from keyframe_selector/outputs/fs1000_all_frame_indices/2019_SW_PS_Laura_Aritz/selected_frame_indices.csv (84 rows)
[action] saved ../FS1000 Dataset/static_resnet50_keyframe_cache/static_resnet50_keyframe_2019_SW_PS_Laura_Aritz_T84.npy, shape=(84, 2048)
[action] done split=train, processed=1, existing=527, waiting_keyframes=123
[action] start split=val, total=160
[action] done split=val, processed=0, existing=131, waiting_keyframes=29
[action][watch] round=1248 processed=1, total_processed=497, waiting_keyframes=152
[action][watch] scan round=1249
[action] start split=train, total=651
[action] done split=train, processed=0, existing=528, waiting_keyframes=123
[action] start split=val, total=160
[action] done split=val, processed=0, existing=131, waiting_keyframes=29
[action][watch] waiting for new keyframe outputs: pending=152, idle=1s/600s, sleep=30s
[action][watch] scan round=1250
[action] start split=train, total=651
[action] 2019_SW_PS_Minerva_Nolan: using keyframes from keyframe_selector/outputs/fs1000_all_frame_indices/2019_SW_PS_Minerva_Nolan/selected_frame_indices.csv (83 rows)
[action] saved ../FS1000 Dataset/static_resnet50_keyframe_cache/static_resnet50_keyframe_2019_SW_PS_Minerva_Nolan_T83.npy, shape=(83, 2048)
[action] done split=train, processed=1, existing=528, waiting_keyframes=122
[action] start split=val, total=160
[action] done split=val, processed=0, existing=131, waiting_keyframes=29
[action][watch] round=1250 processed=1, total_processed=498, waiting_keyframes=151
[action][watch] scan round=1251
[action] start split=train, total=651
[action] done split=train, processed=0, existing=529, waiting_keyframes=122
[action] start split=val, total=160
[action] done split=val, processed=0, existing=131, waiting_keyframes=29
[action][watch] waiting for new keyframe outputs: pending=151, idle=1s/600s, sleep=30s
[action][watch] scan round=1252
[action] start split=train, total=651
[action] done split=train, processed=0, existing=529, waiting_keyframes=122
[action] start split=val, total=160
[action] done split=val, processed=0, existing=131, waiting_keyframes=29
[action][watch] waiting for new keyframe outputs: pending=151, idle=31s/600s, sleep=30s
[action][watch] scan round=1253
[action] start split=train, total=651
[action] done split=train, processed=0, existing=529, waiting_keyframes=122
[action] start split=val, total=160
[action] 2019_SW_PS_Miriam_Severin: using keyframes from keyframe_selector/outputs/fs1000_all_frame_indices/2019_SW_PS_Miriam_Severin/selected_frame_indices.csv (84 rows)
[action] saved ../FS1000 Dataset/static_resnet50_keyframe_cache/static_resnet50_keyframe_2019_SW_PS_Miriam_Severin_T84.npy, shape=(84, 2048)
[action] done split=val, processed=1, existing=131, waiting_keyframes=28
[action][watch] round=1253 processed=1, total_processed=499, waiting_keyframes=150
[action][watch] scan round=1254
[action] start split=train, total=651
[action] done split=train, processed=0, existing=529, waiting_keyframes=122
[action] start split=val, total=160
[action] done split=val, processed=0, existing=132, waiting_keyframes=28
[action][watch] waiting for new keyframe outputs: pending=150, idle=1s/600s, sleep=30s
[action][watch] scan round=1255
[action] start split=train, total=651
[action] done split=train, processed=0, existing=529, waiting_keyframes=122
[action] start split=val, total=160
[action] 2019_SW_PS_Natalia_Alexander: using keyframes from keyframe_selector/outputs/fs1000_all_frame_indices/2019_SW_PS_Natalia_Alexander/selected_frame_indices.csv (82 rows)
[action] saved ../FS1000 Dataset/static_resnet50_keyframe_cache/static_resnet50_keyframe_2019_SW_PS_Natalia_Alexander_T82.npy, shape=(82, 2048)
[action] done split=val, processed=1, existing=132, waiting_keyframes=27
[action][watch] round=1255 processed=1, total_processed=500, waiting_keyframes=149
[action][watch] scan round=1256
[action] start split=train, total=651
[action] done split=train, processed=0, existing=529, waiting_keyframes=122
[action] start split=val, total=160
[action] done split=val, processed=0, existing=133, waiting_keyframes=27
[action][watch] waiting for new keyframe outputs: pending=149, idle=1s/600s, sleep=30s
[action][watch] scan round=1257
[action] start split=train, total=651
[action] done split=train, processed=0, existing=529, waiting_keyframes=122
[action] start split=val, total=160
[action] done split=val, processed=0, existing=133, waiting_keyframes=27
[action][watch] waiting for new keyframe outputs: pending=149, idle=31s/600s, sleep=30s
[action][watch] scan round=1258
[action] start split=train, total=651
[action] 2019_SW_PS_Nicole_Matteo: using keyframes from keyframe_selector/outputs/fs1000_all_frame_indices/2019_SW_PS_Nicole_Matteo/selected_frame_indices.csv (84 rows)
[action] saved ../FS1000 Dataset/static_resnet50_keyframe_cache/static_resnet50_keyframe_2019_SW_PS_Nicole_Matteo_T84.npy, shape=(84, 2048)
[action] done split=train, processed=1, existing=529, waiting_keyframes=121
[action] start split=val, total=160
[action] done split=val, processed=0, existing=133, waiting_keyframes=27
[action][watch] round=1258 processed=1, total_processed=501, waiting_keyframes=148
[action][watch] scan round=1259
[action] start split=train, total=651
[action] done split=train, processed=0, existing=530, waiting_keyframes=121
[action] start split=val, total=160
[action] done split=val, processed=0, existing=133, waiting_keyframes=27
[action][watch] waiting for new keyframe outputs: pending=148, idle=1s/600s, sleep=30s
[action][watch] scan round=1260
[action] start split=train, total=651
[action] 2019_SW_PS_Rebecca_Filippo: using keyframes from keyframe_selector/outputs/fs1000_all_frame_indices/2019_SW_PS_Rebecca_Filippo/selected_frame_indices.csv (83 rows)
[action] saved ../FS1000 Dataset/static_resnet50_keyframe_cache/static_resnet50_keyframe_2019_SW_PS_Rebecca_Filippo_T83.npy, shape=(83, 2048)
[action] done split=train, processed=1, existing=530, waiting_keyframes=120
[action] start split=val, total=160
[action] done split=val, processed=0, existing=133, waiting_keyframes=27
[action][watch] round=1260 processed=1, total_processed=502, waiting_keyframes=147
[action][watch] scan round=1261
[action] start split=train, total=651
[action] done split=train, processed=0, existing=531, waiting_keyframes=120
[action] start split=val, total=160
[action] done split=val, processed=0, existing=133, waiting_keyframes=27
[action][watch] waiting for new keyframe outputs: pending=147, idle=1s/600s, sleep=30s
[action][watch] scan round=1262
[action] start split=train, total=651
[action] done split=train, processed=0, existing=531, waiting_keyframes=120
[action] start split=val, total=160
[action] done split=val, processed=0, existing=133, waiting_keyframes=27
[action][watch] waiting for new keyframe outputs: pending=147, idle=31s/600s, sleep=30s
[action][watch] scan round=1263
[action] start split=train, total=651
[action] 2019_SW_PS_Tae_Ju: using keyframes from keyframe_selector/outputs/fs1000_all_frame_indices/2019_SW_PS_Tae_Ju/selected_frame_indices.csv (82 rows)
[action] saved ../FS1000 Dataset/static_resnet50_keyframe_cache/static_resnet50_keyframe_2019_SW_PS_Tae_Ju_T82.npy, shape=(82, 2048)
[action] done split=train, processed=1, existing=531, waiting_keyframes=119
[action] start split=val, total=160
[action] done split=val, processed=0, existing=133, waiting_keyframes=27
[action][watch] round=1263 processed=1, total_processed=503, waiting_keyframes=146
[action][watch] scan round=1264
[action] start split=train, total=651
[action] done split=train, processed=0, existing=532, waiting_keyframes=119
[action] start split=val, total=160
[action] done split=val, processed=0, existing=133, waiting_keyframes=27
[action][watch] waiting for new keyframe outputs: pending=146, idle=1s/600s, sleep=30s
[action][watch] scan round=1265
[action] start split=train, total=651
[action] done split=train, processed=0, existing=532, waiting_keyframes=119
[action] start split=val, total=160
[action] 2019_SW_PS_Vanessa_Morgan: using keyframes from keyframe_selector/outputs/fs1000_all_frame_indices/2019_SW_PS_Vanessa_Morgan/selected_frame_indices.csv (85 rows)
[action] saved ../FS1000 Dataset/static_resnet50_keyframe_cache/static_resnet50_keyframe_2019_SW_PS_Vanessa_Morgan_T85.npy, shape=(85, 2048)
[action] done split=val, processed=1, existing=133, waiting_keyframes=26
[action][watch] round=1265 processed=1, total_processed=504, waiting_keyframes=145
[action][watch] scan round=1266
[action] start split=train, total=651
[action] done split=train, processed=0, existing=532, waiting_keyframes=119
[action] start split=val, total=160
[action] done split=val, processed=0, existing=134, waiting_keyframes=26
[action][watch] waiting for new keyframe outputs: pending=145, idle=1s/600s, sleep=30s
[action][watch] scan round=1267
[action] start split=train, total=651
[action] done split=train, processed=0, existing=532, waiting_keyframes=119
[action] start split=val, total=160
[action] done split=val, processed=0, existing=134, waiting_keyframes=26
[action][watch] waiting for new keyframe outputs: pending=145, idle=31s/600s, sleep=30s
[action][watch] scan round=1268
[action] start split=train, total=651
[action] 2019_SW_PS_Wenjing_Cong: using keyframes from keyframe_selector/outputs/fs1000_all_frame_indices/2019_SW_PS_Wenjing_Cong/selected_frame_indices.csv (84 rows)
[action] saved ../FS1000 Dataset/static_resnet50_keyframe_cache/static_resnet50_keyframe_2019_SW_PS_Wenjing_Cong_T84.npy, shape=(84, 2048)
[action] done split=train, processed=1, existing=532, waiting_keyframes=118
[action] start split=val, total=160
[action] done split=val, processed=0, existing=134, waiting_keyframes=26
[action][watch] round=1268 processed=1, total_processed=505, waiting_keyframes=144
[action][watch] scan round=1269
[action] start split=train, total=651
[action] done split=train, processed=0, existing=533, waiting_keyframes=118
[action] start split=val, total=160
[action] done split=val, processed=0, existing=134, waiting_keyframes=26
[action][watch] waiting for new keyframe outputs: pending=144, idle=1s/600s, sleep=30s
[action][watch] scan round=1270
[action] start split=train, total=651
[action] 2019_SW_PS_Zoe_Christopher: using keyframes from keyframe_selector/outputs/fs1000_all_frame_indices/2019_SW_PS_Zoe_Christopher/selected_frame_indices.csv (84 rows)
[action] saved ../FS1000 Dataset/static_resnet50_keyframe_cache/static_resnet50_keyframe_2019_SW_PS_Zoe_Christopher_T84.npy, shape=(84, 2048)
[action] done split=train, processed=1, existing=533, waiting_keyframes=117
[action] start split=val, total=160
[action] done split=val, processed=0, existing=134, waiting_keyframes=26
[action][watch] round=1270 processed=1, total_processed=506, waiting_keyframes=143
[action][watch] scan round=1271
[action] start split=train, total=651
[action] done split=train, processed=0, existing=534, waiting_keyframes=117
[action] start split=val, total=160
[action] done split=val, processed=0, existing=134, waiting_keyframes=26
[action][watch] waiting for new keyframe outputs: pending=143, idle=1s/600s, sleep=30s
[action][watch] scan round=1272
[action] start split=train, total=651
[action] done split=train, processed=0, existing=534, waiting_keyframes=117
[action] start split=val, total=160
[action] done split=val, processed=0, existing=134, waiting_keyframes=26
[action][watch] waiting for new keyframe outputs: pending=143, idle=31s/600s, sleep=30s
[action][watch] scan round=1273
[action] start split=train, total=651
[action] done split=train, processed=0, existing=534, waiting_keyframes=117
[action] start split=val, total=160
[action] done split=val, processed=0, existing=134, waiting_keyframes=26
[action][watch] waiting for new keyframe outputs: pending=143, idle=62s/600s, sleep=30s
[action][watch] scan round=1274
[action] start split=train, total=651
[action] 2019_WC_LF_Alaine: using keyframes from keyframe_selector/outputs/fs1000_all_frame_indices/2019_WC_LF_Alaine/selected_frame_indices.csv (120 rows)
[action] saved ../FS1000 Dataset/static_resnet50_keyframe_cache/static_resnet50_keyframe_2019_WC_LF_Alaine_T120.npy, shape=(120, 2048)
[action] done split=train, processed=1, existing=534, waiting_keyframes=116
[action] start split=val, total=160
[action] done split=val, processed=0, existing=134, waiting_keyframes=26
[action][watch] round=1274 processed=1, total_processed=507, waiting_keyframes=142
[action][watch] scan round=1275
[action] start split=train, total=651
[action] done split=train, processed=0, existing=535, waiting_keyframes=116
[action] start split=val, total=160
[action] done split=val, processed=0, existing=134, waiting_keyframes=26
[action][watch] waiting for new keyframe outputs: pending=142, idle=1s/600s, sleep=30s
[action][watch] scan round=1276
[action] start split=train, total=651
[action] done split=train, processed=0, existing=535, waiting_keyframes=116
[action] start split=val, total=160
[action] done split=val, processed=0, existing=134, waiting_keyframes=26
[action][watch] waiting for new keyframe outputs: pending=142, idle=31s/600s, sleep=30s
[action][watch] scan round=1277
[action] start split=train, total=651
[action] 2019_WC_LF_Alexandra: using keyframes from keyframe_selector/outputs/fs1000_all_frame_indices/2019_WC_LF_Alexandra/selected_frame_indices.csv (121 rows)
[action] saved ../FS1000 Dataset/static_resnet50_keyframe_cache/static_resnet50_keyframe_2019_WC_LF_Alexandra_T121.npy, shape=(121, 2048)
[action] done split=train, processed=1, existing=535, waiting_keyframes=115
[action] start split=val, total=160
[action] done split=val, processed=0, existing=134, waiting_keyframes=26
[action][watch] round=1277 processed=1, total_processed=508, waiting_keyframes=141
[action][watch] scan round=1278
[action] start split=train, total=651
[action] done split=train, processed=0, existing=536, waiting_keyframes=115
[action] start split=val, total=160
[action] done split=val, processed=0, existing=134, waiting_keyframes=26
[action][watch] waiting for new keyframe outputs: pending=141, idle=1s/600s, sleep=30s
[action][watch] scan round=1279
[action] start split=train, total=651
[action] 2019_WC_LF_Alina: using keyframes from keyframe_selector/outputs/fs1000_all_frame_indices/2019_WC_LF_Alina/selected_frame_indices.csv (121 rows)
[action] saved ../FS1000 Dataset/static_resnet50_keyframe_cache/static_resnet50_keyframe_2019_WC_LF_Alina_T121.npy, shape=(121, 2048)
[action] done split=train, processed=1, existing=536, waiting_keyframes=114
[action] start split=val, total=160
[action] done split=val, processed=0, existing=134, waiting_keyframes=26
[action][watch] round=1279 processed=1, total_processed=509, waiting_keyframes=140
[action][watch] scan round=1280
[action] start split=train, total=651
[action] done split=train, processed=0, existing=537, waiting_keyframes=114
[action] start split=val, total=160
[action] done split=val, processed=0, existing=134, waiting_keyframes=26
[action][watch] waiting for new keyframe outputs: pending=140, idle=1s/600s, sleep=30s
[action][watch] scan round=1281
[action] start split=train, total=651
[action] done split=train, processed=0, existing=537, waiting_keyframes=114
[action] start split=val, total=160
[action] done split=val, processed=0, existing=134, waiting_keyframes=26
[action][watch] waiting for new keyframe outputs: pending=140, idle=31s/600s, sleep=30s
[action][watch] scan round=1282
[action] start split=train, total=651
[action] done split=train, processed=0, existing=537, waiting_keyframes=114
[action] start split=val, total=160
[action] done split=val, processed=0, existing=134, waiting_keyframes=26
[action][watch] waiting for new keyframe outputs: pending=140, idle=62s/600s, sleep=30s
[action][watch] scan round=1283
[action] start split=train, total=651
[action] 2019_WC_LF_Brandie: using keyframes from keyframe_selector/outputs/fs1000_all_frame_indices/2019_WC_LF_Brandie/selected_frame_indices.csv (122 rows)
[action] saved ../FS1000 Dataset/static_resnet50_keyframe_cache/static_resnet50_keyframe_2019_WC_LF_Brandie_T122.npy, shape=(122, 2048)
[action] done split=train, processed=1, existing=537, waiting_keyframes=113
[action] start split=val, total=160
[action] done split=val, processed=0, existing=134, waiting_keyframes=26
[action][watch] round=1283 processed=1, total_processed=510, waiting_keyframes=139
[action][watch] scan round=1284
[action] start split=train, total=651
[action] done split=train, processed=0, existing=538, waiting_keyframes=113
[action] start split=val, total=160
[action] done split=val, processed=0, existing=134, waiting_keyframes=26
[action][watch] waiting for new keyframe outputs: pending=139, idle=1s/600s, sleep=30s
[action][watch] scan round=1285
[action] start split=train, total=651
[action] 2019_WC_LF_Dasa: using keyframes from keyframe_selector/outputs/fs1000_all_frame_indices/2019_WC_LF_Dasa/selected_frame_indices.csv (121 rows)
[action] saved ../FS1000 Dataset/static_resnet50_keyframe_cache/static_resnet50_keyframe_2019_WC_LF_Dasa_T121.npy, shape=(121, 2048)
[action] done split=train, processed=1, existing=538, waiting_keyframes=112
[action] start split=val, total=160
[action] done split=val, processed=0, existing=134, waiting_keyframes=26
[action][watch] round=1285 processed=1, total_processed=511, waiting_keyframes=138
[action][watch] scan round=1286
[action] start split=train, total=651
[action] done split=train, processed=0, existing=539, waiting_keyframes=112
[action] start split=val, total=160
[action] done split=val, processed=0, existing=134, waiting_keyframes=26
[action][watch] waiting for new keyframe outputs: pending=138, idle=1s/600s, sleep=30s
[action][watch] scan round=1287
[action] start split=train, total=651
[action] done split=train, processed=0, existing=539, waiting_keyframes=112
[action] start split=val, total=160
[action] done split=val, processed=0, existing=134, waiting_keyframes=26
[action][watch] waiting for new keyframe outputs: pending=138, idle=31s/600s, sleep=30s
[action][watch] scan round=1288
[action] start split=train, total=651
[action] done split=train, processed=0, existing=539, waiting_keyframes=112
[action] start split=val, total=160
[action] 2019_WC_LF_Ekaterina: using keyframes from keyframe_selector/outputs/fs1000_all_frame_indices/2019_WC_LF_Ekaterina/selected_frame_indices.csv (121 rows)
[action] saved ../FS1000 Dataset/static_resnet50_keyframe_cache/static_resnet50_keyframe_2019_WC_LF_Ekaterina_T121.npy, shape=(121, 2048)
[action] done split=val, processed=1, existing=134, waiting_keyframes=25
[action][watch] round=1288 processed=1, total_processed=512, waiting_keyframes=137
[action][watch] scan round=1289
[action] start split=train, total=651
[action] done split=train, processed=0, existing=539, waiting_keyframes=112
[action] start split=val, total=160
[action] done split=val, processed=0, existing=135, waiting_keyframes=25
[action][watch] waiting for new keyframe outputs: pending=137, idle=1s/600s, sleep=30s
[action][watch] scan round=1290
[action] start split=train, total=651
[action] done split=train, processed=0, existing=539, waiting_keyframes=112
[action] start split=val, total=160
[action] done split=val, processed=0, existing=135, waiting_keyframes=25
[action][watch] waiting for new keyframe outputs: pending=137, idle=31s/600s, sleep=30s
[action][watch] scan round=1291
[action] start split=train, total=651
[action] 2019_WC_LF_Eliska: using keyframes from keyframe_selector/outputs/fs1000_all_frame_indices/2019_WC_LF_Eliska/selected_frame_indices.csv (119 rows)
[action] saved ../FS1000 Dataset/static_resnet50_keyframe_cache/static_resnet50_keyframe_2019_WC_LF_Eliska_T119.npy, shape=(119, 2048)
[action] train: 400/651
[action] done split=train, processed=1, existing=539, waiting_keyframes=111
[action] start split=val, total=160
[action] done split=val, processed=0, existing=135, waiting_keyframes=25
[action][watch] round=1291 processed=1, total_processed=513, waiting_keyframes=136
[action][watch] scan round=1292
[action] start split=train, total=651
[action] done split=train, processed=0, existing=540, waiting_keyframes=111
[action] start split=val, total=160
[action] done split=val, processed=0, existing=135, waiting_keyframes=25
[action][watch] waiting for new keyframe outputs: pending=136, idle=1s/600s, sleep=30s
[action][watch] scan round=1293
[action] start split=train, total=651
[action] done split=train, processed=0, existing=540, waiting_keyframes=111
[action] start split=val, total=160
[action] done split=val, processed=0, existing=135, waiting_keyframes=25
[action][watch] waiting for new keyframe outputs: pending=136, idle=31s/600s, sleep=30s
[action][watch] scan round=1294
[action] start split=train, total=651
[action] 2019_WC_LF_Elizabet: using keyframes from keyframe_selector/outputs/fs1000_all_frame_indices/2019_WC_LF_Elizabet/selected_frame_indices.csv (116 rows)
[action] saved ../FS1000 Dataset/static_resnet50_keyframe_cache/static_resnet50_keyframe_2019_WC_LF_Elizabet_T116.npy, shape=(116, 2048)
[action] done split=train, processed=1, existing=540, waiting_keyframes=110
[action] start split=val, total=160
[action] done split=val, processed=0, existing=135, waiting_keyframes=25
[action][watch] round=1294 processed=1, total_processed=514, waiting_keyframes=135
[action][watch] scan round=1295
[action] start split=train, total=651
[action] done split=train, processed=0, existing=541, waiting_keyframes=110
[action] start split=val, total=160
[action] done split=val, processed=0, existing=135, waiting_keyframes=25
[action][watch] waiting for new keyframe outputs: pending=135, idle=1s/600s, sleep=30s
[action][watch] scan round=1296
[action] start split=train, total=651
[action] done split=train, processed=0, existing=541, waiting_keyframes=110
[action] start split=val, total=160
[action] done split=val, processed=0, existing=135, waiting_keyframes=25
[action][watch] waiting for new keyframe outputs: pending=135, idle=31s/600s, sleep=30s
[action][watch] scan round=1297
[action] start split=train, total=651
[action] 2019_WC_LF_Eunsoo: using keyframes from keyframe_selector/outputs/fs1000_all_frame_indices/2019_WC_LF_Eunsoo/selected_frame_indices.csv (119 rows)
[action] saved ../FS1000 Dataset/static_resnet50_keyframe_cache/static_resnet50_keyframe_2019_WC_LF_Eunsoo_T119.npy, shape=(119, 2048)
[action] done split=train, processed=1, existing=541, waiting_keyframes=109
[action] start split=val, total=160
[action] done split=val, processed=0, existing=135, waiting_keyframes=25
[action][watch] round=1297 processed=1, total_processed=515, waiting_keyframes=134
[action][watch] scan round=1298
[action] start split=train, total=651
[action] done split=train, processed=0, existing=542, waiting_keyframes=109
[action] start split=val, total=160
[action] done split=val, processed=0, existing=135, waiting_keyframes=25
[action][watch] waiting for new keyframe outputs: pending=134, idle=1s/600s, sleep=30s
[action][watch] scan round=1299
[action] start split=train, total=651
[action] done split=train, processed=0, existing=542, waiting_keyframes=109
[action] start split=val, total=160
[action] done split=val, processed=0, existing=135, waiting_keyframes=25
[action][watch] waiting for new keyframe outputs: pending=134, idle=31s/600s, sleep=30s
[action][watch] scan round=1300
[action] start split=train, total=651
[action] 2019_WC_LF_Eva: using keyframes from keyframe_selector/outputs/fs1000_all_frame_indices/2019_WC_LF_Eva/selected_frame_indices.csv (123 rows)
[action] saved ../FS1000 Dataset/static_resnet50_keyframe_cache/static_resnet50_keyframe_2019_WC_LF_Eva_T123.npy, shape=(123, 2048)
[action] done split=train, processed=1, existing=542, waiting_keyframes=108
[action] start split=val, total=160
[action] done split=val, processed=0, existing=135, waiting_keyframes=25
[action][watch] round=1300 processed=1, total_processed=516, waiting_keyframes=133
[action][watch] scan round=1301
[action] start split=train, total=651
[action] done split=train, processed=0, existing=543, waiting_keyframes=108
[action] start split=val, total=160
[action] done split=val, processed=0, existing=135, waiting_keyframes=25
[action][watch] waiting for new keyframe outputs: pending=133, idle=1s/600s, sleep=30s
[action][watch] scan round=1302
[action] start split=train, total=651
[action] done split=train, processed=0, existing=543, waiting_keyframes=108
[action] start split=val, total=160
[action] done split=val, processed=0, existing=135, waiting_keyframes=25
[action][watch] waiting for new keyframe outputs: pending=133, idle=31s/600s, sleep=30s
[action][watch] scan round=1303
[action] start split=train, total=651
[action] 2019_WC_LF_Evgenia: using keyframes from keyframe_selector/outputs/fs1000_all_frame_indices/2019_WC_LF_Evgenia/selected_frame_indices.csv (121 rows)
[action] saved ../FS1000 Dataset/static_resnet50_keyframe_cache/static_resnet50_keyframe_2019_WC_LF_Evgenia_T121.npy, shape=(121, 2048)
[action] done split=train, processed=1, existing=543, waiting_keyframes=107
[action] start split=val, total=160
[action] done split=val, processed=0, existing=135, waiting_keyframes=25
[action][watch] round=1303 processed=1, total_processed=517, waiting_keyframes=132
[action][watch] scan round=1304
[action] start split=train, total=651
[action] done split=train, processed=0, existing=544, waiting_keyframes=107
[action] start split=val, total=160
[action] done split=val, processed=0, existing=135, waiting_keyframes=25
[action][watch] waiting for new keyframe outputs: pending=132, idle=1s/600s, sleep=30s
[action][watch] scan round=1305
[action] start split=train, total=651
[action] done split=train, processed=0, existing=544, waiting_keyframes=107
[action] start split=val, total=160
[action] done split=val, processed=0, existing=135, waiting_keyframes=25
[action][watch] waiting for new keyframe outputs: pending=132, idle=31s/600s, sleep=30s
[action][watch] scan round=1306
[action] start split=train, total=651
[action] 2019_WC_LF_Gabrielle: using keyframes from keyframe_selector/outputs/fs1000_all_frame_indices/2019_WC_LF_Gabrielle/selected_frame_indices.csv (120 rows)
[action] saved ../FS1000 Dataset/static_resnet50_keyframe_cache/static_resnet50_keyframe_2019_WC_LF_Gabrielle_T120.npy, shape=(120, 2048)
[action] done split=train, processed=1, existing=544, waiting_keyframes=106
[action] start split=val, total=160
[action] done split=val, processed=0, existing=135, waiting_keyframes=25
[action][watch] round=1306 processed=1, total_processed=518, waiting_keyframes=131
[action][watch] scan round=1307
[action] start split=train, total=651
[action] done split=train, processed=0, existing=545, waiting_keyframes=106
[action] start split=val, total=160
[action] done split=val, processed=0, existing=135, waiting_keyframes=25
[action][watch] waiting for new keyframe outputs: pending=131, idle=1s/600s, sleep=30s
[action][watch] scan round=1308
[action] start split=train, total=651
[action] done split=train, processed=0, existing=545, waiting_keyframes=106
[action] start split=val, total=160
[action] done split=val, processed=0, existing=135, waiting_keyframes=25
[action][watch] waiting for new keyframe outputs: pending=131, idle=31s/600s, sleep=30s
[action][watch] scan round=1309
[action] start split=train, total=651
[action] 2019_WC_LF_Hongyi: using keyframes from keyframe_selector/outputs/fs1000_all_frame_indices/2019_WC_LF_Hongyi/selected_frame_indices.csv (117 rows)
[action] saved ../FS1000 Dataset/static_resnet50_keyframe_cache/static_resnet50_keyframe_2019_WC_LF_Hongyi_T117.npy, shape=(117, 2048)
[action] done split=train, processed=1, existing=545, waiting_keyframes=105
[action] start split=val, total=160
[action] done split=val, processed=0, existing=135, waiting_keyframes=25
[action][watch] round=1309 processed=1, total_processed=519, waiting_keyframes=130
[action][watch] scan round=1310
[action] start split=train, total=651
[action] done split=train, processed=0, existing=546, waiting_keyframes=105
[action] start split=val, total=160
[action] done split=val, processed=0, existing=135, waiting_keyframes=25
[action][watch] waiting for new keyframe outputs: pending=130, idle=1s/600s, sleep=30s
[action][watch] scan round=1311
[action] start split=train, total=651
[action] done split=train, processed=0, existing=546, waiting_keyframes=105
[action] start split=val, total=160
[action] done split=val, processed=0, existing=135, waiting_keyframes=25
[action][watch] waiting for new keyframe outputs: pending=130, idle=31s/600s, sleep=30s
[action][watch] scan round=1312
[action] start split=train, total=651
[action] done split=train, processed=0, existing=546, waiting_keyframes=105
[action] start split=val, total=160
[action] 2019_WC_LF_Isadora: using keyframes from keyframe_selector/outputs/fs1000_all_frame_indices/2019_WC_LF_Isadora/selected_frame_indices.csv (121 rows)
[action] saved ../FS1000 Dataset/static_resnet50_keyframe_cache/static_resnet50_keyframe_2019_WC_LF_Isadora_T121.npy, shape=(121, 2048)
[action] done split=val, processed=1, existing=135, waiting_keyframes=24
[action][watch] round=1312 processed=1, total_processed=520, waiting_keyframes=129
[action][watch] scan round=1313
[action] start split=train, total=651
[action] done split=train, processed=0, existing=546, waiting_keyframes=105
[action] start split=val, total=160
[action] done split=val, processed=0, existing=136, waiting_keyframes=24
[action][watch] waiting for new keyframe outputs: pending=129, idle=1s/600s, sleep=30s
[action][watch] scan round=1314
[action] start split=train, total=651
[action] done split=train, processed=0, existing=546, waiting_keyframes=105
[action] start split=val, total=160
[action] done split=val, processed=0, existing=136, waiting_keyframes=24
[action][watch] waiting for new keyframe outputs: pending=129, idle=31s/600s, sleep=30s
[action][watch] scan round=1315
[action] start split=train, total=651
[action] 2019_WC_LF_Kaori: using keyframes from keyframe_selector/outputs/fs1000_all_frame_indices/2019_WC_LF_Kaori/selected_frame_indices.csv (121 rows)
[action] saved ../FS1000 Dataset/static_resnet50_keyframe_cache/static_resnet50_keyframe_2019_WC_LF_Kaori_T121.npy, shape=(121, 2048)
[action] done split=train, processed=1, existing=546, waiting_keyframes=104
[action] start split=val, total=160
[action] done split=val, processed=0, existing=136, waiting_keyframes=24
[action][watch] round=1315 processed=1, total_processed=521, waiting_keyframes=128
[action][watch] scan round=1316
[action] start split=train, total=651
[action] done split=train, processed=0, existing=547, waiting_keyframes=104
[action] start split=val, total=160
[action] done split=val, processed=0, existing=136, waiting_keyframes=24
[action][watch] waiting for new keyframe outputs: pending=128, idle=1s/600s, sleep=30s
[action][watch] scan round=1317
[action] start split=train, total=651
[action] done split=train, processed=0, existing=547, waiting_keyframes=104
[action] start split=val, total=160
[action] done split=val, processed=0, existing=136, waiting_keyframes=24
[action][watch] waiting for new keyframe outputs: pending=128, idle=31s/600s, sleep=30s
[action][watch] scan round=1318
[action] start split=train, total=651
[action] done split=train, processed=0, existing=547, waiting_keyframes=104
[action] start split=val, total=160
[action] 2019_WC_LF_Laurine: using keyframes from keyframe_selector/outputs/fs1000_all_frame_indices/2019_WC_LF_Laurine/selected_frame_indices.csv (123 rows)
[action] saved ../FS1000 Dataset/static_resnet50_keyframe_cache/static_resnet50_keyframe_2019_WC_LF_Laurine_T123.npy, shape=(123, 2048)
[action] done split=val, processed=1, existing=136, waiting_keyframes=23
[action][watch] round=1318 processed=1, total_processed=522, waiting_keyframes=127
[action][watch] scan round=1319
[action] start split=train, total=651
[action] done split=train, processed=0, existing=547, waiting_keyframes=104
[action] start split=val, total=160
[action] done split=val, processed=0, existing=137, waiting_keyframes=23
[action][watch] waiting for new keyframe outputs: pending=127, idle=1s/600s, sleep=30s
[action][watch] scan round=1320
[action] start split=train, total=651
[action] done split=train, processed=0, existing=547, waiting_keyframes=104
[action] start split=val, total=160
[action] done split=val, processed=0, existing=137, waiting_keyframes=23
[action][watch] waiting for new keyframe outputs: pending=127, idle=31s/600s, sleep=30s
[action][watch] scan round=1321
[action] start split=train, total=651
[action] 2019_WC_LF_Loena: using keyframes from keyframe_selector/outputs/fs1000_all_frame_indices/2019_WC_LF_Loena/selected_frame_indices.csv (122 rows)
[action] saved ../FS1000 Dataset/static_resnet50_keyframe_cache/static_resnet50_keyframe_2019_WC_LF_Loena_T122.npy, shape=(122, 2048)
[action] done split=train, processed=1, existing=547, waiting_keyframes=103
[action] start split=val, total=160
[action] done split=val, processed=0, existing=137, waiting_keyframes=23
[action][watch] round=1321 processed=1, total_processed=523, waiting_keyframes=126
[action][watch] scan round=1322
[action] start split=train, total=651
[action] done split=train, processed=0, existing=548, waiting_keyframes=103
[action] start split=val, total=160
[action] done split=val, processed=0, existing=137, waiting_keyframes=23
[action][watch] waiting for new keyframe outputs: pending=126, idle=1s/600s, sleep=30s
[action][watch] scan round=1323
[action] start split=train, total=651
[action] done split=train, processed=0, existing=548, waiting_keyframes=103
[action] start split=val, total=160
[action] done split=val, processed=0, existing=137, waiting_keyframes=23
[action][watch] waiting for new keyframe outputs: pending=126, idle=31s/600s, sleep=30s
[action][watch] scan round=1324
[action] start split=train, total=651
[action] 2019_WC_LF_Mariah: using keyframes from keyframe_selector/outputs/fs1000_all_frame_indices/2019_WC_LF_Mariah/selected_frame_indices.csv (122 rows)
[action] saved ../FS1000 Dataset/static_resnet50_keyframe_cache/static_resnet50_keyframe_2019_WC_LF_Mariah_T122.npy, shape=(122, 2048)
[action] done split=train, processed=1, existing=548, waiting_keyframes=102
[action] start split=val, total=160
[action] done split=val, processed=0, existing=137, waiting_keyframes=23
[action][watch] round=1324 processed=1, total_processed=524, waiting_keyframes=125
[action][watch] scan round=1325
[action] start split=train, total=651
[action] done split=train, processed=0, existing=549, waiting_keyframes=102
[action] start split=val, total=160
[action] done split=val, processed=0, existing=137, waiting_keyframes=23
[action][watch] waiting for new keyframe outputs: pending=125, idle=1s/600s, sleep=30s
[action][watch] scan round=1326
[action] start split=train, total=651
[action] done split=train, processed=0, existing=549, waiting_keyframes=102
[action] start split=val, total=160
[action] done split=val, processed=0, existing=137, waiting_keyframes=23
[action][watch] waiting for new keyframe outputs: pending=125, idle=31s/600s, sleep=30s
[action][watch] scan round=1327
[action] start split=train, total=651
[action] 2019_WC_LF_Natasha: using keyframes from keyframe_selector/outputs/fs1000_all_frame_indices/2019_WC_LF_Natasha/selected_frame_indices.csv (120 rows)
[action] saved ../FS1000 Dataset/static_resnet50_keyframe_cache/static_resnet50_keyframe_2019_WC_LF_Natasha_T120.npy, shape=(120, 2048)
[action] done split=train, processed=1, existing=549, waiting_keyframes=101
[action] start split=val, total=160
[action] done split=val, processed=0, existing=137, waiting_keyframes=23
[action][watch] round=1327 processed=1, total_processed=525, waiting_keyframes=124
[action][watch] scan round=1328
[action] start split=train, total=651
[action] done split=train, processed=0, existing=550, waiting_keyframes=101
[action] start split=val, total=160
[action] done split=val, processed=0, existing=137, waiting_keyframes=23
[action][watch] waiting for new keyframe outputs: pending=124, idle=1s/600s, sleep=30s
[action][watch] scan round=1329
[action] start split=train, total=651
[action] done split=train, processed=0, existing=550, waiting_keyframes=101
[action] start split=val, total=160
[action] done split=val, processed=0, existing=137, waiting_keyframes=23
[action][watch] waiting for new keyframe outputs: pending=124, idle=32s/600s, sleep=30s
[action][watch] scan round=1330
[action] start split=train, total=651
[action] 2019_WC_LF_Nicole: using keyframes from keyframe_selector/outputs/fs1000_all_frame_indices/2019_WC_LF_Nicole/selected_frame_indices.csv (121 rows)
[action] saved ../FS1000 Dataset/static_resnet50_keyframe_cache/static_resnet50_keyframe_2019_WC_LF_Nicole_T121.npy, shape=(121, 2048)
[action] done split=train, processed=1, existing=550, waiting_keyframes=100
[action] start split=val, total=160
[action] done split=val, processed=0, existing=137, waiting_keyframes=23
[action][watch] round=1330 processed=1, total_processed=526, waiting_keyframes=123
[action][watch] scan round=1331
[action] start split=train, total=651
[action] done split=train, processed=0, existing=551, waiting_keyframes=100
[action] start split=val, total=160
[action] done split=val, processed=0, existing=137, waiting_keyframes=23
[action][watch] waiting for new keyframe outputs: pending=123, idle=1s/600s, sleep=30s
[action][watch] scan round=1332
[action] start split=train, total=651
[action] done split=train, processed=0, existing=551, waiting_keyframes=100
[action] start split=val, total=160
[action] done split=val, processed=0, existing=137, waiting_keyframes=23
[action][watch] waiting for new keyframe outputs: pending=123, idle=31s/600s, sleep=30s
[action][watch] scan round=1333
[action] start split=train, total=651
[action] 2019_WC_LF_Rika: using keyframes from keyframe_selector/outputs/fs1000_all_frame_indices/2019_WC_LF_Rika/selected_frame_indices.csv (122 rows)
[action] saved ../FS1000 Dataset/static_resnet50_keyframe_cache/static_resnet50_keyframe_2019_WC_LF_Rika_T122.npy, shape=(122, 2048)
[action] done split=train, processed=1, existing=551, waiting_keyframes=99
[action] start split=val, total=160
[action] done split=val, processed=0, existing=137, waiting_keyframes=23
[action][watch] round=1333 processed=1, total_processed=527, waiting_keyframes=122
[action][watch] scan round=1334
[action] start split=train, total=651
[action] done split=train, processed=0, existing=552, waiting_keyframes=99
[action] start split=val, total=160
[action] done split=val, processed=0, existing=137, waiting_keyframes=23
[action][watch] waiting for new keyframe outputs: pending=122, idle=1s/600s, sleep=30s
[action][watch] scan round=1335
[action] start split=train, total=651
[action] done split=train, processed=0, existing=552, waiting_keyframes=99
[action] start split=val, total=160
[action] 2019_WC_LF_Satoko: using keyframes from keyframe_selector/outputs/fs1000_all_frame_indices/2019_WC_LF_Satoko/selected_frame_indices.csv (122 rows)
[action] saved ../FS1000 Dataset/static_resnet50_keyframe_cache/static_resnet50_keyframe_2019_WC_LF_Satoko_T122.npy, shape=(122, 2048)
[action] done split=val, processed=1, existing=137, waiting_keyframes=22
[action][watch] round=1335 processed=1, total_processed=528, waiting_keyframes=121
[action][watch] scan round=1336
[action] start split=train, total=651
[action] done split=train, processed=0, existing=552, waiting_keyframes=99
[action] start split=val, total=160
[action] done split=val, processed=0, existing=138, waiting_keyframes=22
[action][watch] waiting for new keyframe outputs: pending=121, idle=1s/600s, sleep=30s
[action][watch] scan round=1337
[action] start split=train, total=651
[action] done split=train, processed=0, existing=552, waiting_keyframes=99
[action] start split=val, total=160
[action] done split=val, processed=0, existing=138, waiting_keyframes=22
[action][watch] waiting for new keyframe outputs: pending=121, idle=31s/600s, sleep=30s
[action][watch] scan round=1338
[action] start split=train, total=651
[action] done split=train, processed=0, existing=552, waiting_keyframes=99
[action] start split=val, total=160
[action] done split=val, processed=0, existing=138, waiting_keyframes=22
[action][watch] waiting for new keyframe outputs: pending=121, idle=62s/600s, sleep=30s
[action][watch] scan round=1339
[action] start split=train, total=651
[action] 2019_WC_LF_Sofia: using keyframes from keyframe_selector/outputs/fs1000_all_frame_indices/2019_WC_LF_Sofia/selected_frame_indices.csv (121 rows)
[action] saved ../FS1000 Dataset/static_resnet50_keyframe_cache/static_resnet50_keyframe_2019_WC_LF_Sofia_T121.npy, shape=(121, 2048)
[action] done split=train, processed=1, existing=552, waiting_keyframes=98
[action] start split=val, total=160
[action] done split=val, processed=0, existing=138, waiting_keyframes=22
[action][watch] round=1339 processed=1, total_processed=529, waiting_keyframes=120
[action][watch] scan round=1340
[action] start split=train, total=651
[action] done split=train, processed=0, existing=553, waiting_keyframes=98
[action] start split=val, total=160
[action] done split=val, processed=0, existing=138, waiting_keyframes=22
[action][watch] waiting for new keyframe outputs: pending=120, idle=1s/600s, sleep=30s
[action][watch] scan round=1341
[action] start split=train, total=651
[action] done split=train, processed=0, existing=553, waiting_keyframes=98
[action] start split=val, total=160
[action] done split=val, processed=0, existing=138, waiting_keyframes=22
[action][watch] waiting for new keyframe outputs: pending=120, idle=31s/600s, sleep=30s
[action][watch] scan round=1342
[action] start split=train, total=651
[action] 2019_WC_LF_Yi: using keyframes from keyframe_selector/outputs/fs1000_all_frame_indices/2019_WC_LF_Yi/selected_frame_indices.csv (122 rows)
[action] saved ../FS1000 Dataset/static_resnet50_keyframe_cache/static_resnet50_keyframe_2019_WC_LF_Yi_T122.npy, shape=(122, 2048)
[action] done split=train, processed=1, existing=553, waiting_keyframes=97
[action] start split=val, total=160
[action] done split=val, processed=0, existing=138, waiting_keyframes=22
[action][watch] round=1342 processed=1, total_processed=530, waiting_keyframes=119
[action][watch] scan round=1343
[action] start split=train, total=651
[action] done split=train, processed=0, existing=554, waiting_keyframes=97
[action] start split=val, total=160
[action] done split=val, processed=0, existing=138, waiting_keyframes=22
[action][watch] waiting for new keyframe outputs: pending=119, idle=1s/600s, sleep=30s
[action][watch] scan round=1344
[action] start split=train, total=651
[action] 2019_WC_LS_Alaine: using keyframes from keyframe_selector/outputs/fs1000_all_frame_indices/2019_WC_LS_Alaine/selected_frame_indices.csv (81 rows)
[action] saved ../FS1000 Dataset/static_resnet50_keyframe_cache/static_resnet50_keyframe_2019_WC_LS_Alaine_T81.npy, shape=(81, 2048)
[action] done split=train, processed=1, existing=554, waiting_keyframes=96
[action] start split=val, total=160
[action] done split=val, processed=0, existing=138, waiting_keyframes=22
[action][watch] round=1344 processed=1, total_processed=531, waiting_keyframes=118
[action][watch] scan round=1345
[action] start split=train, total=651
[action] done split=train, processed=0, existing=555, waiting_keyframes=96
[action] start split=val, total=160
[action] done split=val, processed=0, existing=138, waiting_keyframes=22
[action][watch] waiting for new keyframe outputs: pending=118, idle=1s/600s, sleep=30s
[action][watch] scan round=1346
[action] start split=train, total=651
[action] done split=train, processed=0, existing=555, waiting_keyframes=96
[action] start split=val, total=160
[action] done split=val, processed=0, existing=138, waiting_keyframes=22
[action][watch] waiting for new keyframe outputs: pending=118, idle=31s/600s, sleep=30s
[action][watch] scan round=1347
[action] start split=train, total=651
[action] done split=train, processed=0, existing=555, waiting_keyframes=96
[action] start split=val, total=160
[action] 2019_WC_LS_Alexandra: using keyframes from keyframe_selector/outputs/fs1000_all_frame_indices/2019_WC_LS_Alexandra/selected_frame_indices.csv (82 rows)
[action] saved ../FS1000 Dataset/static_resnet50_keyframe_cache/static_resnet50_keyframe_2019_WC_LS_Alexandra_T82.npy, shape=(82, 2048)
[action] done split=val, processed=1, existing=138, waiting_keyframes=21
[action][watch] round=1347 processed=1, total_processed=532, waiting_keyframes=117
[action][watch] scan round=1348
[action] start split=train, total=651
[action] done split=train, processed=0, existing=555, waiting_keyframes=96
[action] start split=val, total=160
[action] done split=val, processed=0, existing=139, waiting_keyframes=21
[action][watch] waiting for new keyframe outputs: pending=117, idle=1s/600s, sleep=30s
[action][watch] scan round=1349
[action] start split=train, total=651
[action] done split=train, processed=0, existing=555, waiting_keyframes=96
[action] start split=val, total=160
[action] done split=val, processed=0, existing=139, waiting_keyframes=21
[action][watch] waiting for new keyframe outputs: pending=117, idle=32s/600s, sleep=30s
[action][watch] scan round=1350
[action] start split=train, total=651
[action] 2019_WC_LS_Alexia: using keyframes from keyframe_selector/outputs/fs1000_all_frame_indices/2019_WC_LS_Alexia/selected_frame_indices.csv (81 rows)
[action] saved ../FS1000 Dataset/static_resnet50_keyframe_cache/static_resnet50_keyframe_2019_WC_LS_Alexia_T81.npy, shape=(81, 2048)
[action] done split=train, processed=1, existing=555, waiting_keyframes=95
[action] start split=val, total=160
[action] done split=val, processed=0, existing=139, waiting_keyframes=21
[action][watch] round=1350 processed=1, total_processed=533, waiting_keyframes=116
[action][watch] scan round=1351
[action] start split=train, total=651
[action] done split=train, processed=0, existing=556, waiting_keyframes=95
[action] start split=val, total=160
[action] done split=val, processed=0, existing=139, waiting_keyframes=21
[action][watch] waiting for new keyframe outputs: pending=116, idle=1s/600s, sleep=30s
[action][watch] scan round=1352
[action] start split=train, total=651
[action] 2019_WC_LS_Alina: using keyframes from keyframe_selector/outputs/fs1000_all_frame_indices/2019_WC_LS_Alina/selected_frame_indices.csv (80 rows)
[action] saved ../FS1000 Dataset/static_resnet50_keyframe_cache/static_resnet50_keyframe_2019_WC_LS_Alina_T80.npy, shape=(80, 2048)
[action] done split=train, processed=1, existing=556, waiting_keyframes=94
[action] start split=val, total=160
[action] done split=val, processed=0, existing=139, waiting_keyframes=21
[action][watch] round=1352 processed=1, total_processed=534, waiting_keyframes=115
[action][watch] scan round=1353
[action] start split=train, total=651
[action] done split=train, processed=0, existing=557, waiting_keyframes=94
[action] start split=val, total=160
[action] done split=val, processed=0, existing=139, waiting_keyframes=21
[action][watch] waiting for new keyframe outputs: pending=115, idle=1s/600s, sleep=30s
[action][watch] scan round=1354
[action] start split=train, total=651
[action] 2019_WC_LS_Anastasiya: using keyframes from keyframe_selector/outputs/fs1000_all_frame_indices/2019_WC_LS_Anastasiya/selected_frame_indices.csv (81 rows)
[action] saved ../FS1000 Dataset/static_resnet50_keyframe_cache/static_resnet50_keyframe_2019_WC_LS_Anastasiya_T81.npy, shape=(81, 2048)
[action] done split=train, processed=1, existing=557, waiting_keyframes=93
[action] start split=val, total=160
[action] done split=val, processed=0, existing=139, waiting_keyframes=21
[action][watch] round=1354 processed=1, total_processed=535, waiting_keyframes=114
[action][watch] scan round=1355
[action] start split=train, total=651
[action] done split=train, processed=0, existing=558, waiting_keyframes=93
[action] start split=val, total=160
[action] done split=val, processed=0, existing=139, waiting_keyframes=21
[action][watch] waiting for new keyframe outputs: pending=114, idle=1s/600s, sleep=30s
[action][watch] scan round=1356
[action] start split=train, total=651
[action] done split=train, processed=0, existing=558, waiting_keyframes=93
[action] start split=val, total=160
[action] done split=val, processed=0, existing=139, waiting_keyframes=21
[action][watch] waiting for new keyframe outputs: pending=114, idle=31s/600s, sleep=30s
[action][watch] scan round=1357
[action] start split=train, total=651
[action] 2019_WC_LS_Anita: using keyframes from keyframe_selector/outputs/fs1000_all_frame_indices/2019_WC_LS_Anita/selected_frame_indices.csv (82 rows)
[action] saved ../FS1000 Dataset/static_resnet50_keyframe_cache/static_resnet50_keyframe_2019_WC_LS_Anita_T82.npy, shape=(82, 2048)
[action] done split=train, processed=1, existing=558, waiting_keyframes=92
[action] start split=val, total=160
[action] done split=val, processed=0, existing=139, waiting_keyframes=21
[action][watch] round=1357 processed=1, total_processed=536, waiting_keyframes=113
[action][watch] scan round=1358
[action] start split=train, total=651
[action] done split=train, processed=0, existing=559, waiting_keyframes=92
[action] start split=val, total=160
[action] done split=val, processed=0, existing=139, waiting_keyframes=21
[action][watch] waiting for new keyframe outputs: pending=113, idle=1s/600s, sleep=30s
[action][watch] scan round=1359
[action] start split=train, total=651
[action] done split=train, processed=0, existing=559, waiting_keyframes=92
[action] start split=val, total=160
[action] done split=val, processed=0, existing=139, waiting_keyframes=21
[action][watch] waiting for new keyframe outputs: pending=113, idle=31s/600s, sleep=30s
[action][watch] scan round=1360
[action] start split=train, total=651
[action] 2019_WC_LS_Aurora: using keyframes from keyframe_selector/outputs/fs1000_all_frame_indices/2019_WC_LS_Aurora/selected_frame_indices.csv (82 rows)
[action] saved ../FS1000 Dataset/static_resnet50_keyframe_cache/static_resnet50_keyframe_2019_WC_LS_Aurora_T82.npy, shape=(82, 2048)
[action] done split=train, processed=1, existing=559, waiting_keyframes=91
[action] start split=val, total=160
[action] done split=val, processed=0, existing=139, waiting_keyframes=21
[action][watch] round=1360 processed=1, total_processed=537, waiting_keyframes=112
[action][watch] scan round=1361
[action] start split=train, total=651
[action] done split=train, processed=0, existing=560, waiting_keyframes=91
[action] start split=val, total=160
[action] done split=val, processed=0, existing=139, waiting_keyframes=21
[action][watch] waiting for new keyframe outputs: pending=112, idle=2s/600s, sleep=30s
[action][watch] scan round=1362
[action] start split=train, total=651
[action] done split=train, processed=0, existing=560, waiting_keyframes=91
[action] start split=val, total=160
[action] 2019_WC_LS_Brandie: using keyframes from keyframe_selector/outputs/fs1000_all_frame_indices/2019_WC_LS_Brandie/selected_frame_indices.csv (80 rows)
[action] saved ../FS1000 Dataset/static_resnet50_keyframe_cache/static_resnet50_keyframe_2019_WC_LS_Brandie_T80.npy, shape=(80, 2048)
[action] done split=val, processed=1, existing=139, waiting_keyframes=20
[action][watch] round=1362 processed=1, total_processed=538, waiting_keyframes=111
[action][watch] scan round=1363
[action] start split=train, total=651
[action] done split=train, processed=0, existing=560, waiting_keyframes=91
[action] start split=val, total=160
[action] done split=val, processed=0, existing=140, waiting_keyframes=20
[action][watch] waiting for new keyframe outputs: pending=111, idle=1s/600s, sleep=30s
[action][watch] scan round=1364
[action] start split=train, total=651
[action] done split=train, processed=0, existing=560, waiting_keyframes=91
[action] start split=val, total=160
[action] done split=val, processed=0, existing=140, waiting_keyframes=20
[action][watch] waiting for new keyframe outputs: pending=111, idle=31s/600s, sleep=30s
[action][watch] scan round=1365
[action] start split=train, total=651
[action] 2019_WC_LS_Dasa: using keyframes from keyframe_selector/outputs/fs1000_all_frame_indices/2019_WC_LS_Dasa/selected_frame_indices.csv (81 rows)
[action] saved ../FS1000 Dataset/static_resnet50_keyframe_cache/static_resnet50_keyframe_2019_WC_LS_Dasa_T81.npy, shape=(81, 2048)
[action] done split=train, processed=1, existing=560, waiting_keyframes=90
[action] start split=val, total=160
[action] done split=val, processed=0, existing=140, waiting_keyframes=20
[action][watch] round=1365 processed=1, total_processed=539, waiting_keyframes=110
[action][watch] scan round=1366
[action] start split=train, total=651
[action] done split=train, processed=0, existing=561, waiting_keyframes=90
[action] start split=val, total=160
[action] done split=val, processed=0, existing=140, waiting_keyframes=20
[action][watch] waiting for new keyframe outputs: pending=110, idle=1s/600s, sleep=30s
[action][watch] scan round=1367
[action] start split=train, total=651
[action] 2019_WC_LS_Ekaterina: using keyframes from keyframe_selector/outputs/fs1000_all_frame_indices/2019_WC_LS_Ekaterina/selected_frame_indices.csv (81 rows)
[action] saved ../FS1000 Dataset/static_resnet50_keyframe_cache/static_resnet50_keyframe_2019_WC_LS_Ekaterina_T81.npy, shape=(81, 2048)
[action] done split=train, processed=1, existing=561, waiting_keyframes=89
[action] start split=val, total=160
[action] done split=val, processed=0, existing=140, waiting_keyframes=20
[action][watch] round=1367 processed=1, total_processed=540, waiting_keyframes=109
[action][watch] scan round=1368
[action] start split=train, total=651
[action] done split=train, processed=0, existing=562, waiting_keyframes=89
[action] start split=val, total=160
[action] done split=val, processed=0, existing=140, waiting_keyframes=20
[action][watch] waiting for new keyframe outputs: pending=109, idle=1s/600s, sleep=30s
[action][watch] scan round=1369
[action] start split=train, total=651
[action] done split=train, processed=0, existing=562, waiting_keyframes=89
[action] start split=val, total=160
[action] done split=val, processed=0, existing=140, waiting_keyframes=20
[action][watch] waiting for new keyframe outputs: pending=109, idle=31s/600s, sleep=30s
[action][watch] scan round=1370
[action] start split=train, total=651
[action] 2019_WC_LS_Eliska: using keyframes from keyframe_selector/outputs/fs1000_all_frame_indices/2019_WC_LS_Eliska/selected_frame_indices.csv (82 rows)
[action] saved ../FS1000 Dataset/static_resnet50_keyframe_cache/static_resnet50_keyframe_2019_WC_LS_Eliska_T82.npy, shape=(82, 2048)
[action] done split=train, processed=1, existing=562, waiting_keyframes=88
[action] start split=val, total=160
[action] done split=val, processed=0, existing=140, waiting_keyframes=20
[action][watch] round=1370 processed=1, total_processed=541, waiting_keyframes=108
[action][watch] scan round=1371
[action] start split=train, total=651
[action] done split=train, processed=0, existing=563, waiting_keyframes=88
[action] start split=val, total=160
[action] done split=val, processed=0, existing=140, waiting_keyframes=20
[action][watch] waiting for new keyframe outputs: pending=108, idle=1s/600s, sleep=30s
[action][watch] scan round=1372
[action] start split=train, total=651
[action] 2019_WC_LS_Elizabet: using keyframes from keyframe_selector/outputs/fs1000_all_frame_indices/2019_WC_LS_Elizabet/selected_frame_indices.csv (80 rows)
[action] saved ../FS1000 Dataset/static_resnet50_keyframe_cache/static_resnet50_keyframe_2019_WC_LS_Elizabet_T80.npy, shape=(80, 2048)
[action] done split=train, processed=1, existing=563, waiting_keyframes=87
[action] start split=val, total=160
[action] done split=val, processed=0, existing=140, waiting_keyframes=20
[action][watch] round=1372 processed=1, total_processed=542, waiting_keyframes=107
[action][watch] scan round=1373
[action] start split=train, total=651
[action] done split=train, processed=0, existing=564, waiting_keyframes=87
[action] start split=val, total=160
[action] done split=val, processed=0, existing=140, waiting_keyframes=20
[action][watch] waiting for new keyframe outputs: pending=107, idle=1s/600s, sleep=30s
[action][watch] scan round=1374
[action] start split=train, total=651
[action] done split=train, processed=0, existing=564, waiting_keyframes=87
[action] start split=val, total=160
[action] done split=val, processed=0, existing=140, waiting_keyframes=20
[action][watch] waiting for new keyframe outputs: pending=107, idle=31s/600s, sleep=30s
[action][watch] scan round=1375
[action] start split=train, total=651
[action] done split=train, processed=0, existing=564, waiting_keyframes=87
[action] start split=val, total=160
[action] 2019_WC_LS_Elzbieta: using keyframes from keyframe_selector/outputs/fs1000_all_frame_indices/2019_WC_LS_Elzbieta/selected_frame_indices.csv (81 rows)
[action] saved ../FS1000 Dataset/static_resnet50_keyframe_cache/static_resnet50_keyframe_2019_WC_LS_Elzbieta_T81.npy, shape=(81, 2048)
[action] done split=val, processed=1, existing=140, waiting_keyframes=19
[action][watch] round=1375 processed=1, total_processed=543, waiting_keyframes=106
[action][watch] scan round=1376
[action] start split=train, total=651
[action] done split=train, processed=0, existing=564, waiting_keyframes=87
[action] start split=val, total=160
[action] done split=val, processed=0, existing=141, waiting_keyframes=19
[action][watch] waiting for new keyframe outputs: pending=106, idle=1s/600s, sleep=30s
[action][watch] scan round=1377
[action] start split=train, total=651
[action] 2019_WC_LS_Emmi: using keyframes from keyframe_selector/outputs/fs1000_all_frame_indices/2019_WC_LS_Emmi/selected_frame_indices.csv (82 rows)
[action] saved ../FS1000 Dataset/static_resnet50_keyframe_cache/static_resnet50_keyframe_2019_WC_LS_Emmi_T82.npy, shape=(82, 2048)
[action] done split=train, processed=1, existing=564, waiting_keyframes=86
[action] start split=val, total=160
[action] done split=val, processed=0, existing=141, waiting_keyframes=19
[action][watch] round=1377 processed=1, total_processed=544, waiting_keyframes=105
[action][watch] scan round=1378
[action] start split=train, total=651
[action] done split=train, processed=0, existing=565, waiting_keyframes=86
[action] start split=val, total=160
[action] done split=val, processed=0, existing=141, waiting_keyframes=19
[action][watch] waiting for new keyframe outputs: pending=105, idle=1s/600s, sleep=30s
[action][watch] scan round=1379
[action] start split=train, total=651
[action] done split=train, processed=0, existing=565, waiting_keyframes=86
[action] start split=val, total=160
[action] done split=val, processed=0, existing=141, waiting_keyframes=19
[action][watch] waiting for new keyframe outputs: pending=105, idle=31s/600s, sleep=30s
[action][watch] scan round=1380
[action] start split=train, total=651
[action] done split=train, processed=0, existing=565, waiting_keyframes=86
[action] start split=val, total=160
[action] 2019_WC_LS_Eunsoo: using keyframes from keyframe_selector/outputs/fs1000_all_frame_indices/2019_WC_LS_Eunsoo/selected_frame_indices.csv (82 rows)
[action] saved ../FS1000 Dataset/static_resnet50_keyframe_cache/static_resnet50_keyframe_2019_WC_LS_Eunsoo_T82.npy, shape=(82, 2048)
[action] done split=val, processed=1, existing=141, waiting_keyframes=18
[action][watch] round=1380 processed=1, total_processed=545, waiting_keyframes=104
[action][watch] scan round=1381
[action] start split=train, total=651
[action] done split=train, processed=0, existing=565, waiting_keyframes=86
[action] start split=val, total=160
[action] done split=val, processed=0, existing=142, waiting_keyframes=18
[action][watch] waiting for new keyframe outputs: pending=104, idle=1s/600s, sleep=30s
[action][watch] scan round=1382
[action] start split=train, total=651
[action] done split=train, processed=0, existing=565, waiting_keyframes=86
[action] start split=val, total=160
[action] done split=val, processed=0, existing=142, waiting_keyframes=18
[action][watch] waiting for new keyframe outputs: pending=104, idle=31s/600s, sleep=30s
[action][watch] scan round=1383
[action] start split=train, total=651
[action] 2019_WC_LS_Eva: using keyframes from keyframe_selector/outputs/fs1000_all_frame_indices/2019_WC_LS_Eva/selected_frame_indices.csv (82 rows)
[action] saved ../FS1000 Dataset/static_resnet50_keyframe_cache/static_resnet50_keyframe_2019_WC_LS_Eva_T82.npy, shape=(82, 2048)
[action] done split=train, processed=1, existing=565, waiting_keyframes=85
[action] start split=val, total=160
[action] done split=val, processed=0, existing=142, waiting_keyframes=18
[action][watch] round=1383 processed=1, total_processed=546, waiting_keyframes=103
[action][watch] scan round=1384
[action] start split=train, total=651
[action] done split=train, processed=0, existing=566, waiting_keyframes=85
[action] start split=val, total=160
[action] done split=val, processed=0, existing=142, waiting_keyframes=18
[action][watch] waiting for new keyframe outputs: pending=103, idle=1s/600s, sleep=30s
[action][watch] scan round=1385
[action] start split=train, total=651
[action] 2019_WC_LS_Evgenia: using keyframes from keyframe_selector/outputs/fs1000_all_frame_indices/2019_WC_LS_Evgenia/selected_frame_indices.csv (81 rows)
[action] saved ../FS1000 Dataset/static_resnet50_keyframe_cache/static_resnet50_keyframe_2019_WC_LS_Evgenia_T81.npy, shape=(81, 2048)
[action] done split=train, processed=1, existing=566, waiting_keyframes=84
[action] start split=val, total=160
[action] done split=val, processed=0, existing=142, waiting_keyframes=18
[action][watch] round=1385 processed=1, total_processed=547, waiting_keyframes=102
[action][watch] scan round=1386
[action] start split=train, total=651
[action] done split=train, processed=0, existing=567, waiting_keyframes=84
[action] start split=val, total=160
[action] done split=val, processed=0, existing=142, waiting_keyframes=18
[action][watch] waiting for new keyframe outputs: pending=102, idle=1s/600s, sleep=30s
[action][watch] scan round=1387
[action] start split=train, total=651
[action] done split=train, processed=0, existing=567, waiting_keyframes=84
[action] start split=val, total=160
[action] done split=val, processed=0, existing=142, waiting_keyframes=18
[action][watch] waiting for new keyframe outputs: pending=102, idle=31s/600s, sleep=30s
[action][watch] scan round=1388
[action] start split=train, total=651
[action] 2019_WC_LS_Gabrielle: using keyframes from keyframe_selector/outputs/fs1000_all_frame_indices/2019_WC_LS_Gabrielle/selected_frame_indices.csv (82 rows)
[action] saved ../FS1000 Dataset/static_resnet50_keyframe_cache/static_resnet50_keyframe_2019_WC_LS_Gabrielle_T82.npy, shape=(82, 2048)
[action] done split=train, processed=1, existing=567, waiting_keyframes=83
[action] start split=val, total=160
[action] done split=val, processed=0, existing=142, waiting_keyframes=18
[action][watch] round=1388 processed=1, total_processed=548, waiting_keyframes=101
[action][watch] scan round=1389
[action] start split=train, total=651
[action] done split=train, processed=0, existing=568, waiting_keyframes=83
[action] start split=val, total=160
[action] done split=val, processed=0, existing=142, waiting_keyframes=18
[action][watch] waiting for new keyframe outputs: pending=101, idle=1s/600s, sleep=30s
[action][watch] scan round=1390
[action] start split=train, total=651
[action] 2019_WC_LS_Hongyi: using keyframes from keyframe_selector/outputs/fs1000_all_frame_indices/2019_WC_LS_Hongyi/selected_frame_indices.csv (82 rows)
[action] saved ../FS1000 Dataset/static_resnet50_keyframe_cache/static_resnet50_keyframe_2019_WC_LS_Hongyi_T82.npy, shape=(82, 2048)
[action] done split=train, processed=1, existing=568, waiting_keyframes=82
[action] start split=val, total=160
[action] done split=val, processed=0, existing=142, waiting_keyframes=18
[action][watch] round=1390 processed=1, total_processed=549, waiting_keyframes=100
[action][watch] scan round=1391
[action] start split=train, total=651
[action] done split=train, processed=0, existing=569, waiting_keyframes=82
[action] start split=val, total=160
[action] done split=val, processed=0, existing=142, waiting_keyframes=18
[action][watch] waiting for new keyframe outputs: pending=100, idle=1s/600s, sleep=30s
[action][watch] scan round=1392
[action] start split=train, total=651
[action] done split=train, processed=0, existing=569, waiting_keyframes=82
[action] start split=val, total=160
[action] done split=val, processed=0, existing=142, waiting_keyframes=18
[action][watch] waiting for new keyframe outputs: pending=100, idle=31s/600s, sleep=30s
[action][watch] scan round=1393
[action] start split=train, total=651
[action] 2019_WC_LS_Isadora: using keyframes from keyframe_selector/outputs/fs1000_all_frame_indices/2019_WC_LS_Isadora/selected_frame_indices.csv (82 rows)
[action] saved ../FS1000 Dataset/static_resnet50_keyframe_cache/static_resnet50_keyframe_2019_WC_LS_Isadora_T82.npy, shape=(82, 2048)
[action] done split=train, processed=1, existing=569, waiting_keyframes=81
[action] start split=val, total=160
[action] done split=val, processed=0, existing=142, waiting_keyframes=18
[action][watch] round=1393 processed=1, total_processed=550, waiting_keyframes=99
[action][watch] scan round=1394
[action] start split=train, total=651
[action] done split=train, processed=0, existing=570, waiting_keyframes=81
[action] start split=val, total=160
[action] done split=val, processed=0, existing=142, waiting_keyframes=18
[action][watch] waiting for new keyframe outputs: pending=99, idle=1s/600s, sleep=30s
[action][watch] scan round=1395
[action] start split=train, total=651
[action] 2019_WC_LS_Ivett: using keyframes from keyframe_selector/outputs/fs1000_all_frame_indices/2019_WC_LS_Ivett/selected_frame_indices.csv (82 rows)
[action] saved ../FS1000 Dataset/static_resnet50_keyframe_cache/static_resnet50_keyframe_2019_WC_LS_Ivett_T82.npy, shape=(82, 2048)
[action] done split=train, processed=1, existing=570, waiting_keyframes=80
[action] start split=val, total=160
[action] done split=val, processed=0, existing=142, waiting_keyframes=18
[action][watch] round=1395 processed=1, total_processed=551, waiting_keyframes=98
[action][watch] scan round=1396
[action] start split=train, total=651
[action] done split=train, processed=0, existing=571, waiting_keyframes=80
[action] start split=val, total=160
[action] done split=val, processed=0, existing=142, waiting_keyframes=18
[action][watch] waiting for new keyframe outputs: pending=98, idle=1s/600s, sleep=30s
[action][watch] scan round=1397
[action] start split=train, total=651
[action] done split=train, processed=0, existing=571, waiting_keyframes=80
[action] start split=val, total=160
[action] done split=val, processed=0, existing=142, waiting_keyframes=18
[action][watch] waiting for new keyframe outputs: pending=98, idle=31s/600s, sleep=30s
[action][watch] scan round=1398
[action] start split=train, total=651
[action] done split=train, processed=0, existing=571, waiting_keyframes=80
[action] start split=val, total=160
[action] 2019_WC_LS_Julia: using keyframes from keyframe_selector/outputs/fs1000_all_frame_indices/2019_WC_LS_Julia/selected_frame_indices.csv (80 rows)
[action] saved ../FS1000 Dataset/static_resnet50_keyframe_cache/static_resnet50_keyframe_2019_WC_LS_Julia_T80.npy, shape=(80, 2048)
[action] val: 50/160
[action] done split=val, processed=1, existing=142, waiting_keyframes=17
[action][watch] round=1398 processed=1, total_processed=552, waiting_keyframes=97
[action][watch] scan round=1399
[action] start split=train, total=651
[action] done split=train, processed=0, existing=571, waiting_keyframes=80
[action] start split=val, total=160
[action] done split=val, processed=0, existing=143, waiting_keyframes=17
[action][watch] waiting for new keyframe outputs: pending=97, idle=1s/600s, sleep=30s
[action][watch] scan round=1400
[action] start split=train, total=651
[action] 2019_WC_LS_Kailani: using keyframes from keyframe_selector/outputs/fs1000_all_frame_indices/2019_WC_LS_Kailani/selected_frame_indices.csv (84 rows)
[action] saved ../FS1000 Dataset/static_resnet50_keyframe_cache/static_resnet50_keyframe_2019_WC_LS_Kailani_T84.npy, shape=(84, 2048)
[action] done split=train, processed=1, existing=571, waiting_keyframes=79
[action] start split=val, total=160
[action] done split=val, processed=0, existing=143, waiting_keyframes=17
[action][watch] round=1400 processed=1, total_processed=553, waiting_keyframes=96
[action][watch] scan round=1401
[action] start split=train, total=651
[action] done split=train, processed=0, existing=572, waiting_keyframes=79
[action] start split=val, total=160
[action] done split=val, processed=0, existing=143, waiting_keyframes=17
[action][watch] waiting for new keyframe outputs: pending=96, idle=1s/600s, sleep=30s
[action][watch] scan round=1402
[action] start split=train, total=651
[action] done split=train, processed=0, existing=572, waiting_keyframes=79
[action] start split=val, total=160
[action] done split=val, processed=0, existing=143, waiting_keyframes=17
[action][watch] waiting for new keyframe outputs: pending=96, idle=31s/600s, sleep=30s
[action][watch] scan round=1403
[action] start split=train, total=651
[action] 2019_WC_LS_Kaori: using keyframes from keyframe_selector/outputs/fs1000_all_frame_indices/2019_WC_LS_Kaori/selected_frame_indices.csv (79 rows)
[action] saved ../FS1000 Dataset/static_resnet50_keyframe_cache/static_resnet50_keyframe_2019_WC_LS_Kaori_T79.npy, shape=(79, 2048)
[action] done split=train, processed=1, existing=572, waiting_keyframes=78
[action] start split=val, total=160
[action] done split=val, processed=0, existing=143, waiting_keyframes=17
[action][watch] round=1403 processed=1, total_processed=554, waiting_keyframes=95
[action][watch] scan round=1404
[action] start split=train, total=651
[action] done split=train, processed=0, existing=573, waiting_keyframes=78
[action] start split=val, total=160
[action] done split=val, processed=0, existing=143, waiting_keyframes=17
[action][watch] waiting for new keyframe outputs: pending=95, idle=1s/600s, sleep=30s
[action][watch] scan round=1405
[action] start split=train, total=651
[action] done split=train, processed=0, existing=573, waiting_keyframes=78
[action] start split=val, total=160
[action] done split=val, processed=0, existing=143, waiting_keyframes=17
[action][watch] waiting for new keyframe outputs: pending=95, idle=31s/600s, sleep=30s
[action][watch] scan round=1406
[action] start split=train, total=651
[action] 2019_WC_LS_Kyarha: using keyframes from keyframe_selector/outputs/fs1000_all_frame_indices/2019_WC_LS_Kyarha/selected_frame_indices.csv (80 rows)
[action] saved ../FS1000 Dataset/static_resnet50_keyframe_cache/static_resnet50_keyframe_2019_WC_LS_Kyarha_T80.npy, shape=(80, 2048)
[action] done split=train, processed=1, existing=573, waiting_keyframes=77
[action] start split=val, total=160
[action] done split=val, processed=0, existing=143, waiting_keyframes=17
[action][watch] round=1406 processed=1, total_processed=555, waiting_keyframes=94
[action][watch] scan round=1407
[action] start split=train, total=651
[action] done split=train, processed=0, existing=574, waiting_keyframes=77
[action] start split=val, total=160
[action] done split=val, processed=0, existing=143, waiting_keyframes=17
[action][watch] waiting for new keyframe outputs: pending=94, idle=1s/600s, sleep=30s
[action][watch] scan round=1408
[action] start split=train, total=651
[action] 2019_WC_LS_Laurine: using keyframes from keyframe_selector/outputs/fs1000_all_frame_indices/2019_WC_LS_Laurine/selected_frame_indices.csv (82 rows)
[action] saved ../FS1000 Dataset/static_resnet50_keyframe_cache/static_resnet50_keyframe_2019_WC_LS_Laurine_T82.npy, shape=(82, 2048)
[action] done split=train, processed=1, existing=574, waiting_keyframes=76
[action] start split=val, total=160
[action] done split=val, processed=0, existing=143, waiting_keyframes=17
[action][watch] round=1408 processed=1, total_processed=556, waiting_keyframes=93
[action][watch] scan round=1409
[action] start split=train, total=651
[action] done split=train, processed=0, existing=575, waiting_keyframes=76
[action] start split=val, total=160
[action] done split=val, processed=0, existing=143, waiting_keyframes=17
[action][watch] waiting for new keyframe outputs: pending=93, idle=1s/600s, sleep=30s
[action][watch] scan round=1410
[action] start split=train, total=651
[action] done split=train, processed=0, existing=575, waiting_keyframes=76
[action] start split=val, total=160
[action] done split=val, processed=0, existing=143, waiting_keyframes=17
[action][watch] waiting for new keyframe outputs: pending=93, idle=31s/600s, sleep=30s
[action][watch] scan round=1411
[action] start split=train, total=651
[action] 2019_WC_LS_Loena: using keyframes from keyframe_selector/outputs/fs1000_all_frame_indices/2019_WC_LS_Loena/selected_frame_indices.csv (82 rows)
[action] saved ../FS1000 Dataset/static_resnet50_keyframe_cache/static_resnet50_keyframe_2019_WC_LS_Loena_T82.npy, shape=(82, 2048)
[action] done split=train, processed=1, existing=575, waiting_keyframes=75
[action] start split=val, total=160
[action] done split=val, processed=0, existing=143, waiting_keyframes=17
[action][watch] round=1411 processed=1, total_processed=557, waiting_keyframes=92
[action][watch] scan round=1412
[action] start split=train, total=651
[action] done split=train, processed=0, existing=576, waiting_keyframes=75
[action] start split=val, total=160
[action] done split=val, processed=0, existing=143, waiting_keyframes=17
[action][watch] waiting for new keyframe outputs: pending=92, idle=1s/600s, sleep=30s
[action][watch] scan round=1413
[action] start split=train, total=651
[action] 2019_WC_LS_Mariah: using keyframes from keyframe_selector/outputs/fs1000_all_frame_indices/2019_WC_LS_Mariah/selected_frame_indices.csv (80 rows)
[action] saved ../FS1000 Dataset/static_resnet50_keyframe_cache/static_resnet50_keyframe_2019_WC_LS_Mariah_T80.npy, shape=(80, 2048)
[action] done split=train, processed=1, existing=576, waiting_keyframes=74
[action] start split=val, total=160
[action] done split=val, processed=0, existing=143, waiting_keyframes=17
[action][watch] round=1413 processed=1, total_processed=558, waiting_keyframes=91
[action][watch] scan round=1414
[action] start split=train, total=651
[action] done split=train, processed=0, existing=577, waiting_keyframes=74
[action] start split=val, total=160
[action] done split=val, processed=0, existing=143, waiting_keyframes=17
[action][watch] waiting for new keyframe outputs: pending=91, idle=1s/600s, sleep=30s
[action][watch] scan round=1415
[action] start split=train, total=651
[action] 2019_WC_LS_Marina: using keyframes from keyframe_selector/outputs/fs1000_all_frame_indices/2019_WC_LS_Marina/selected_frame_indices.csv (80 rows)
[action] saved ../FS1000 Dataset/static_resnet50_keyframe_cache/static_resnet50_keyframe_2019_WC_LS_Marina_T80.npy, shape=(80, 2048)
[action] done split=train, processed=1, existing=577, waiting_keyframes=73
[action] start split=val, total=160
[action] done split=val, processed=0, existing=143, waiting_keyframes=17
[action][watch] round=1415 processed=1, total_processed=559, waiting_keyframes=90
[action][watch] scan round=1416
[action] start split=train, total=651
[action] done split=train, processed=0, existing=578, waiting_keyframes=73
[action] start split=val, total=160
[action] done split=val, processed=0, existing=143, waiting_keyframes=17
[action][watch] waiting for new keyframe outputs: pending=90, idle=1s/600s, sleep=30s
[action][watch] scan round=1417
[action] start split=train, total=651
[action] done split=train, processed=0, existing=578, waiting_keyframes=73
[action] start split=val, total=160
[action] done split=val, processed=0, existing=143, waiting_keyframes=17
[action][watch] waiting for new keyframe outputs: pending=90, idle=31s/600s, sleep=30s
[action][watch] scan round=1418
[action] start split=train, total=651
[action] 2019_WC_LS_Natasha: using keyframes from keyframe_selector/outputs/fs1000_all_frame_indices/2019_WC_LS_Natasha/selected_frame_indices.csv (83 rows)
[action] saved ../FS1000 Dataset/static_resnet50_keyframe_cache/static_resnet50_keyframe_2019_WC_LS_Natasha_T83.npy, shape=(83, 2048)
[action] done split=train, processed=1, existing=578, waiting_keyframes=72
[action] start split=val, total=160
[action] done split=val, processed=0, existing=143, waiting_keyframes=17
[action][watch] round=1418 processed=1, total_processed=560, waiting_keyframes=89
[action][watch] scan round=1419
[action] start split=train, total=651
[action] done split=train, processed=0, existing=579, waiting_keyframes=72
[action] start split=val, total=160
[action] done split=val, processed=0, existing=143, waiting_keyframes=17
[action][watch] waiting for new keyframe outputs: pending=89, idle=1s/600s, sleep=30s
[action][watch] scan round=1420
[action] start split=train, total=651
[action] done split=train, processed=0, existing=579, waiting_keyframes=72
[action] start split=val, total=160
[action] done split=val, processed=0, existing=143, waiting_keyframes=17
[action][watch] waiting for new keyframe outputs: pending=89, idle=31s/600s, sleep=30s
[action][watch] scan round=1421
[action] start split=train, total=651
[action] 2019_WC_LS_NicoleR: using keyframes from keyframe_selector/outputs/fs1000_all_frame_indices/2019_WC_LS_NicoleR/selected_frame_indices.csv (82 rows)
[action] saved ../FS1000 Dataset/static_resnet50_keyframe_cache/static_resnet50_keyframe_2019_WC_LS_NicoleR_T82.npy, shape=(82, 2048)
[action] done split=train, processed=1, existing=579, waiting_keyframes=71
[action] start split=val, total=160
[action] done split=val, processed=0, existing=143, waiting_keyframes=17
[action][watch] round=1421 processed=1, total_processed=561, waiting_keyframes=88
[action][watch] scan round=1422
[action] start split=train, total=651
[action] done split=train, processed=0, existing=580, waiting_keyframes=71
[action] start split=val, total=160
[action] done split=val, processed=0, existing=143, waiting_keyframes=17
[action][watch] waiting for new keyframe outputs: pending=88, idle=1s/600s, sleep=30s
[action][watch] scan round=1423
[action] start split=train, total=651
[action] 2019_WC_LS_NicoleS: using keyframes from keyframe_selector/outputs/fs1000_all_frame_indices/2019_WC_LS_NicoleS/selected_frame_indices.csv (82 rows)
[action] saved ../FS1000 Dataset/static_resnet50_keyframe_cache/static_resnet50_keyframe_2019_WC_LS_NicoleS_T82.npy, shape=(82, 2048)
[action] done split=train, processed=1, existing=580, waiting_keyframes=70
[action] start split=val, total=160
[action] done split=val, processed=0, existing=143, waiting_keyframes=17
[action][watch] round=1423 processed=1, total_processed=562, waiting_keyframes=87
[action][watch] scan round=1424
[action] start split=train, total=651
[action] done split=train, processed=0, existing=581, waiting_keyframes=70
[action] start split=val, total=160
[action] done split=val, processed=0, existing=143, waiting_keyframes=17
[action][watch] waiting for new keyframe outputs: pending=87, idle=1s/600s, sleep=30s
[action][watch] scan round=1425
[action] start split=train, total=651
[action] done split=train, processed=0, existing=581, waiting_keyframes=70
[action] start split=val, total=160
[action] done split=val, processed=0, existing=143, waiting_keyframes=17
[action][watch] waiting for new keyframe outputs: pending=87, idle=31s/600s, sleep=30s
[action][watch] scan round=1426
[action] start split=train, total=651
[action] done split=train, processed=0, existing=581, waiting_keyframes=70
[action] start split=val, total=160
[action] 2019_WC_LS_Pernille: using keyframes from keyframe_selector/outputs/fs1000_all_frame_indices/2019_WC_LS_Pernille/selected_frame_indices.csv (81 rows)
[action] saved ../FS1000 Dataset/static_resnet50_keyframe_cache/static_resnet50_keyframe_2019_WC_LS_Pernille_T81.npy, shape=(81, 2048)
[action] done split=val, processed=1, existing=143, waiting_keyframes=16
[action][watch] round=1426 processed=1, total_processed=563, waiting_keyframes=86
[action][watch] scan round=1427
[action] start split=train, total=651
[action] done split=train, processed=0, existing=581, waiting_keyframes=70
[action] start split=val, total=160
[action] done split=val, processed=0, existing=144, waiting_keyframes=16
[action][watch] waiting for new keyframe outputs: pending=86, idle=1s/600s, sleep=30s
[action][watch] scan round=1428
[action] start split=train, total=651
[action] done split=train, processed=0, existing=581, waiting_keyframes=70
[action] start split=val, total=160
[action] 2019_WC_LS_Rika: using keyframes from keyframe_selector/outputs/fs1000_all_frame_indices/2019_WC_LS_Rika/selected_frame_indices.csv (82 rows)
[action] saved ../FS1000 Dataset/static_resnet50_keyframe_cache/static_resnet50_keyframe_2019_WC_LS_Rika_T82.npy, shape=(82, 2048)
[action] done split=val, processed=1, existing=144, waiting_keyframes=15
[action][watch] round=1428 processed=1, total_processed=564, waiting_keyframes=85
[action][watch] scan round=1429
[action] start split=train, total=651
[action] done split=train, processed=0, existing=581, waiting_keyframes=70
[action] start split=val, total=160
[action] done split=val, processed=0, existing=145, waiting_keyframes=15
[action][watch] waiting for new keyframe outputs: pending=85, idle=1s/600s, sleep=30s
[action][watch] scan round=1430
[action] start split=train, total=651
[action] done split=train, processed=0, existing=581, waiting_keyframes=70
[action] start split=val, total=160
[action] done split=val, processed=0, existing=145, waiting_keyframes=15
[action][watch] waiting for new keyframe outputs: pending=85, idle=31s/600s, sleep=30s
[action][watch] scan round=1431
[action] start split=train, total=651
[action] 2019_WC_LS_Roberta: using keyframes from keyframe_selector/outputs/fs1000_all_frame_indices/2019_WC_LS_Roberta/selected_frame_indices.csv (82 rows)
[action] saved ../FS1000 Dataset/static_resnet50_keyframe_cache/static_resnet50_keyframe_2019_WC_LS_Roberta_T82.npy, shape=(82, 2048)
[action] done split=train, processed=1, existing=581, waiting_keyframes=69
[action] start split=val, total=160
[action] done split=val, processed=0, existing=145, waiting_keyframes=15
[action][watch] round=1431 processed=1, total_processed=565, waiting_keyframes=84
[action][watch] scan round=1432
[action] start split=train, total=651
[action] done split=train, processed=0, existing=582, waiting_keyframes=69
[action] start split=val, total=160
[action] done split=val, processed=0, existing=145, waiting_keyframes=15
[action][watch] waiting for new keyframe outputs: pending=84, idle=1s/600s, sleep=30s
[action][watch] scan round=1433
[action] start split=train, total=651
[action] done split=train, processed=0, existing=582, waiting_keyframes=69
[action] start split=val, total=160
[action] done split=val, processed=0, existing=145, waiting_keyframes=15
[action][watch] waiting for new keyframe outputs: pending=84, idle=31s/600s, sleep=30s
[action][watch] scan round=1434
[action] start split=train, total=651
[action] 2019_WC_LS_Satoko: using keyframes from keyframe_selector/outputs/fs1000_all_frame_indices/2019_WC_LS_Satoko/selected_frame_indices.csv (81 rows)
[action] saved ../FS1000 Dataset/static_resnet50_keyframe_cache/static_resnet50_keyframe_2019_WC_LS_Satoko_T81.npy, shape=(81, 2048)
[action] done split=train, processed=1, existing=582, waiting_keyframes=68
[action] start split=val, total=160
[action] done split=val, processed=0, existing=145, waiting_keyframes=15
[action][watch] round=1434 processed=1, total_processed=566, waiting_keyframes=83
[action][watch] scan round=1435
[action] start split=train, total=651
[action] done split=train, processed=0, existing=583, waiting_keyframes=68
[action] start split=val, total=160
[action] done split=val, processed=0, existing=145, waiting_keyframes=15
[action][watch] waiting for new keyframe outputs: pending=83, idle=1s/600s, sleep=30s
[action][watch] scan round=1436
[action] start split=train, total=651
[action] 2019_WC_LS_Sofia: using keyframes from keyframe_selector/outputs/fs1000_all_frame_indices/2019_WC_LS_Sofia/selected_frame_indices.csv (81 rows)
[action] saved ../FS1000 Dataset/static_resnet50_keyframe_cache/static_resnet50_keyframe_2019_WC_LS_Sofia_T81.npy, shape=(81, 2048)
[action] done split=train, processed=1, existing=583, waiting_keyframes=67
[action] start split=val, total=160
[action] done split=val, processed=0, existing=145, waiting_keyframes=15
[action][watch] round=1436 processed=1, total_processed=567, waiting_keyframes=82
[action][watch] scan round=1437
[action] start split=train, total=651
[action] done split=train, processed=0, existing=584, waiting_keyframes=67
[action] start split=val, total=160
[action] done split=val, processed=0, existing=145, waiting_keyframes=15
[action][watch] waiting for new keyframe outputs: pending=82, idle=1s/600s, sleep=30s
[action][watch] scan round=1438
[action] start split=train, total=651
[action] done split=train, processed=0, existing=584, waiting_keyframes=67
[action] start split=val, total=160
[action] done split=val, processed=0, existing=145, waiting_keyframes=15
[action][watch] waiting for new keyframe outputs: pending=82, idle=31s/600s, sleep=30s
[action][watch] scan round=1439
[action] start split=train, total=651
[action] 2019_WC_LS_Sophia: using keyframes from keyframe_selector/outputs/fs1000_all_frame_indices/2019_WC_LS_Sophia/selected_frame_indices.csv (82 rows)
[action] saved ../FS1000 Dataset/static_resnet50_keyframe_cache/static_resnet50_keyframe_2019_WC_LS_Sophia_T82.npy, shape=(82, 2048)
[action] done split=train, processed=1, existing=584, waiting_keyframes=66
[action] start split=val, total=160
[action] done split=val, processed=0, existing=145, waiting_keyframes=15
[action][watch] round=1439 processed=1, total_processed=568, waiting_keyframes=81
[action][watch] scan round=1440
[action] start split=train, total=651
[action] done split=train, processed=0, existing=585, waiting_keyframes=66
[action] start split=val, total=160
[action] done split=val, processed=0, existing=145, waiting_keyframes=15
[action][watch] waiting for new keyframe outputs: pending=81, idle=1s/600s, sleep=30s
[action][watch] scan round=1441
[action] start split=train, total=651
[action] 2019_WC_LS_Valentina: using keyframes from keyframe_selector/outputs/fs1000_all_frame_indices/2019_WC_LS_Valentina/selected_frame_indices.csv (81 rows)
[action] saved ../FS1000 Dataset/static_resnet50_keyframe_cache/static_resnet50_keyframe_2019_WC_LS_Valentina_T81.npy, shape=(81, 2048)
[action] done split=train, processed=1, existing=585, waiting_keyframes=65
[action] start split=val, total=160
[action] done split=val, processed=0, existing=145, waiting_keyframes=15
[action][watch] round=1441 processed=1, total_processed=569, waiting_keyframes=80
[action][watch] scan round=1442
[action] start split=train, total=651
[action] done split=train, processed=0, existing=586, waiting_keyframes=65
[action] start split=val, total=160
[action] done split=val, processed=0, existing=145, waiting_keyframes=15
[action][watch] waiting for new keyframe outputs: pending=80, idle=1s/600s, sleep=30s
[action][watch] scan round=1443
[action] start split=train, total=651
[action] done split=train, processed=0, existing=586, waiting_keyframes=65
[action] start split=val, total=160
[action] done split=val, processed=0, existing=145, waiting_keyframes=15
[action][watch] waiting for new keyframe outputs: pending=80, idle=31s/600s, sleep=30s
[action][watch] scan round=1444
[action] start split=train, total=651
[action] 2019_WC_LS_Yi: using keyframes from keyframe_selector/outputs/fs1000_all_frame_indices/2019_WC_LS_Yi/selected_frame_indices.csv (80 rows)
[action] saved ../FS1000 Dataset/static_resnet50_keyframe_cache/static_resnet50_keyframe_2019_WC_LS_Yi_T80.npy, shape=(80, 2048)
[action] done split=train, processed=1, existing=586, waiting_keyframes=64
[action] start split=val, total=160
[action] done split=val, processed=0, existing=145, waiting_keyframes=15
[action][watch] round=1444 processed=1, total_processed=570, waiting_keyframes=79
[action][watch] scan round=1445
[action] start split=train, total=651
[action] done split=train, processed=0, existing=587, waiting_keyframes=64
[action] start split=val, total=160
[action] done split=val, processed=0, existing=145, waiting_keyframes=15
[action][watch] waiting for new keyframe outputs: pending=79, idle=1s/600s, sleep=30s
[action][watch] scan round=1446
[action] start split=train, total=651
[action] done split=train, processed=0, existing=587, waiting_keyframes=64
[action] start split=val, total=160
[action] done split=val, processed=0, existing=145, waiting_keyframes=15
[action][watch] waiting for new keyframe outputs: pending=79, idle=31s/600s, sleep=30s
[action][watch] scan round=1447
[action] start split=train, total=651
[action] 2019_WC_MF_AlexanderM: using keyframes from keyframe_selector/outputs/fs1000_all_frame_indices/2019_WC_MF_AlexanderM/selected_frame_indices.csv (122 rows)
[action] saved ../FS1000 Dataset/static_resnet50_keyframe_cache/static_resnet50_keyframe_2019_WC_MF_AlexanderM_T122.npy, shape=(122, 2048)
[action] done split=train, processed=1, existing=587, waiting_keyframes=63
[action] start split=val, total=160
[action] done split=val, processed=0, existing=145, waiting_keyframes=15
[action][watch] round=1447 processed=1, total_processed=571, waiting_keyframes=78
[action][watch] scan round=1448
[action] start split=train, total=651
[action] done split=train, processed=0, existing=588, waiting_keyframes=63
[action] start split=val, total=160
[action] done split=val, processed=0, existing=145, waiting_keyframes=15
[action][watch] waiting for new keyframe outputs: pending=78, idle=1s/600s, sleep=30s
[action][watch] scan round=1449
[action] start split=train, total=651
[action] done split=train, processed=0, existing=588, waiting_keyframes=63
[action] start split=val, total=160
[action] done split=val, processed=0, existing=145, waiting_keyframes=15
[action][watch] waiting for new keyframe outputs: pending=78, idle=31s/600s, sleep=30s
[action][watch] scan round=1450
[action] start split=train, total=651
[action] 2019_WC_MF_AlexanderS: using keyframes from keyframe_selector/outputs/fs1000_all_frame_indices/2019_WC_MF_AlexanderS/selected_frame_indices.csv (122 rows)
[action] saved ../FS1000 Dataset/static_resnet50_keyframe_cache/static_resnet50_keyframe_2019_WC_MF_AlexanderS_T122.npy, shape=(122, 2048)
[action] done split=train, processed=1, existing=588, waiting_keyframes=62
[action] start split=val, total=160
[action] done split=val, processed=0, existing=145, waiting_keyframes=15
[action][watch] round=1450 processed=1, total_processed=572, waiting_keyframes=77
[action][watch] scan round=1451
[action] start split=train, total=651
[action] done split=train, processed=0, existing=589, waiting_keyframes=62
[action] start split=val, total=160
[action] done split=val, processed=0, existing=145, waiting_keyframes=15
[action][watch] waiting for new keyframe outputs: pending=77, idle=1s/600s, sleep=30s
[action][watch] scan round=1452
[action] start split=train, total=651
[action] done split=train, processed=0, existing=589, waiting_keyframes=62
[action] start split=val, total=160
[action] done split=val, processed=0, existing=145, waiting_keyframes=15
[action][watch] waiting for new keyframe outputs: pending=77, idle=31s/600s, sleep=30s
[action][watch] scan round=1453
[action] start split=train, total=651
[action] 2019_WC_MF_Alexei: using keyframes from keyframe_selector/outputs/fs1000_all_frame_indices/2019_WC_MF_Alexei/selected_frame_indices.csv (122 rows)
[action] saved ../FS1000 Dataset/static_resnet50_keyframe_cache/static_resnet50_keyframe_2019_WC_MF_Alexei_T122.npy, shape=(122, 2048)
[action] done split=train, processed=1, existing=589, waiting_keyframes=61
[action] start split=val, total=160
[action] done split=val, processed=0, existing=145, waiting_keyframes=15
[action][watch] round=1453 processed=1, total_processed=573, waiting_keyframes=76
[action][watch] scan round=1454
[action] start split=train, total=651
[action] done split=train, processed=0, existing=590, waiting_keyframes=61
[action] start split=val, total=160
[action] done split=val, processed=0, existing=145, waiting_keyframes=15
[action][watch] waiting for new keyframe outputs: pending=76, idle=1s/600s, sleep=30s
[action][watch] scan round=1455
[action] start split=train, total=651
[action] done split=train, processed=0, existing=590, waiting_keyframes=61
[action] start split=val, total=160
[action] done split=val, processed=0, existing=145, waiting_keyframes=15
[action][watch] waiting for new keyframe outputs: pending=76, idle=31s/600s, sleep=30s
[action][watch] scan round=1456
[action] start split=train, total=651
[action] done split=train, processed=0, existing=590, waiting_keyframes=61
[action] start split=val, total=160
[action] done split=val, processed=0, existing=145, waiting_keyframes=15
[action][watch] waiting for new keyframe outputs: pending=76, idle=62s/600s, sleep=30s
[action][watch] scan round=1457
[action] start split=train, total=651
[action] 2019_WC_MF_Andrei: using keyframes from keyframe_selector/outputs/fs1000_all_frame_indices/2019_WC_MF_Andrei/selected_frame_indices.csv (120 rows)
[action] saved ../FS1000 Dataset/static_resnet50_keyframe_cache/static_resnet50_keyframe_2019_WC_MF_Andrei_T120.npy, shape=(120, 2048)
[action] done split=train, processed=1, existing=590, waiting_keyframes=60
[action] start split=val, total=160
[action] done split=val, processed=0, existing=145, waiting_keyframes=15
[action][watch] round=1457 processed=1, total_processed=574, waiting_keyframes=75
[action][watch] scan round=1458
[action] start split=train, total=651
[action] done split=train, processed=0, existing=591, waiting_keyframes=60
[action] start split=val, total=160
[action] done split=val, processed=0, existing=145, waiting_keyframes=15
[action][watch] waiting for new keyframe outputs: pending=75, idle=1s/600s, sleep=30s
[action][watch] scan round=1459
[action] start split=train, total=651
[action] done split=train, processed=0, existing=591, waiting_keyframes=60
[action] start split=val, total=160
[action] done split=val, processed=0, existing=145, waiting_keyframes=15
[action][watch] waiting for new keyframe outputs: pending=75, idle=31s/600s, sleep=30s
[action][watch] scan round=1460
[action] start split=train, total=651
[action] 2019_WC_MF_Boyang: using keyframes from keyframe_selector/outputs/fs1000_all_frame_indices/2019_WC_MF_Boyang/selected_frame_indices.csv (121 rows)
[action] saved ../FS1000 Dataset/static_resnet50_keyframe_cache/static_resnet50_keyframe_2019_WC_MF_Boyang_T121.npy, shape=(121, 2048)
[action] done split=train, processed=1, existing=591, waiting_keyframes=59
[action] start split=val, total=160
[action] done split=val, processed=0, existing=145, waiting_keyframes=15
[action][watch] round=1460 processed=1, total_processed=575, waiting_keyframes=74
[action][watch] scan round=1461
[action] start split=train, total=651
[action] done split=train, processed=0, existing=592, waiting_keyframes=59
[action] start split=val, total=160
[action] done split=val, processed=0, existing=145, waiting_keyframes=15
[action][watch] waiting for new keyframe outputs: pending=74, idle=1s/600s, sleep=30s
[action][watch] scan round=1462
[action] start split=train, total=651
[action] done split=train, processed=0, existing=592, waiting_keyframes=59
[action] start split=val, total=160
[action] done split=val, processed=0, existing=145, waiting_keyframes=15
[action][watch] waiting for new keyframe outputs: pending=74, idle=31s/600s, sleep=30s
[action][watch] scan round=1463
[action] start split=train, total=651
[action] 2019_WC_MF_Brendan: using keyframes from keyframe_selector/outputs/fs1000_all_frame_indices/2019_WC_MF_Brendan/selected_frame_indices.csv (121 rows)
[action] saved ../FS1000 Dataset/static_resnet50_keyframe_cache/static_resnet50_keyframe_2019_WC_MF_Brendan_T121.npy, shape=(121, 2048)
[action] done split=train, processed=1, existing=592, waiting_keyframes=58
[action] start split=val, total=160
[action] done split=val, processed=0, existing=145, waiting_keyframes=15
[action][watch] round=1463 processed=1, total_processed=576, waiting_keyframes=73
[action][watch] scan round=1464
[action] start split=train, total=651
[action] done split=train, processed=0, existing=593, waiting_keyframes=58
[action] start split=val, total=160
[action] done split=val, processed=0, existing=145, waiting_keyframes=15
[action][watch] waiting for new keyframe outputs: pending=73, idle=1s/600s, sleep=30s
[action][watch] scan round=1465
[action] start split=train, total=651
[action] done split=train, processed=0, existing=593, waiting_keyframes=58
[action] start split=val, total=160
[action] done split=val, processed=0, existing=145, waiting_keyframes=15
[action][watch] waiting for new keyframe outputs: pending=73, idle=31s/600s, sleep=30s
[action][watch] scan round=1466
[action] start split=train, total=651
[action] 2019_WC_MF_Daniel: using keyframes from keyframe_selector/outputs/fs1000_all_frame_indices/2019_WC_MF_Daniel/selected_frame_indices.csv (120 rows)
[action] saved ../FS1000 Dataset/static_resnet50_keyframe_cache/static_resnet50_keyframe_2019_WC_MF_Daniel_T120.npy, shape=(120, 2048)
[action] done split=train, processed=1, existing=593, waiting_keyframes=57
[action] start split=val, total=160
[action] done split=val, processed=0, existing=145, waiting_keyframes=15
[action][watch] round=1466 processed=1, total_processed=577, waiting_keyframes=72
[action][watch] scan round=1467
[action] start split=train, total=651
[action] done split=train, processed=0, existing=594, waiting_keyframes=57
[action] start split=val, total=160
[action] done split=val, processed=0, existing=145, waiting_keyframes=15
[action][watch] waiting for new keyframe outputs: pending=72, idle=1s/600s, sleep=30s
[action][watch] scan round=1468
[action] start split=train, total=651
[action] 2019_WC_MF_Deniss: using keyframes from keyframe_selector/outputs/fs1000_all_frame_indices/2019_WC_MF_Deniss/selected_frame_indices.csv (120 rows)
[action] saved ../FS1000 Dataset/static_resnet50_keyframe_cache/static_resnet50_keyframe_2019_WC_MF_Deniss_T120.npy, shape=(120, 2048)
[action] done split=train, processed=1, existing=594, waiting_keyframes=56
[action] start split=val, total=160
[action] done split=val, processed=0, existing=145, waiting_keyframes=15
[action][watch] round=1468 processed=1, total_processed=578, waiting_keyframes=71
[action][watch] scan round=1469
[action] start split=train, total=651
[action] done split=train, processed=0, existing=595, waiting_keyframes=56
[action] start split=val, total=160
[action] done split=val, processed=0, existing=145, waiting_keyframes=15
[action][watch] waiting for new keyframe outputs: pending=71, idle=1s/600s, sleep=30s
[action][watch] scan round=1470
[action] start split=train, total=651
[action] done split=train, processed=0, existing=595, waiting_keyframes=56
[action] start split=val, total=160
[action] done split=val, processed=0, existing=145, waiting_keyframes=15
[action][watch] waiting for new keyframe outputs: pending=71, idle=31s/600s, sleep=30s
[action][watch] scan round=1471
[action] start split=train, total=651
[action] 2019_WC_MF_Jason: using keyframes from keyframe_selector/outputs/fs1000_all_frame_indices/2019_WC_MF_Jason/selected_frame_indices.csv (119 rows)
[action] saved ../FS1000 Dataset/static_resnet50_keyframe_cache/static_resnet50_keyframe_2019_WC_MF_Jason_T119.npy, shape=(119, 2048)
[action] done split=train, processed=1, existing=595, waiting_keyframes=55
[action] start split=val, total=160
[action] done split=val, processed=0, existing=145, waiting_keyframes=15
[action][watch] round=1471 processed=1, total_processed=579, waiting_keyframes=70
[action][watch] scan round=1472
[action] start split=train, total=651
[action] done split=train, processed=0, existing=596, waiting_keyframes=55
[action] start split=val, total=160
[action] done split=val, processed=0, existing=145, waiting_keyframes=15
[action][watch] waiting for new keyframe outputs: pending=70, idle=1s/600s, sleep=30s
[action][watch] scan round=1473
[action] start split=train, total=651
[action] done split=train, processed=0, existing=596, waiting_keyframes=55
[action] start split=val, total=160
[action] done split=val, processed=0, existing=145, waiting_keyframes=15
[action][watch] waiting for new keyframe outputs: pending=70, idle=31s/600s, sleep=30s
[action][watch] scan round=1474
[action] start split=train, total=651
[action] 2019_WC_MF_Julian: using keyframes from keyframe_selector/outputs/fs1000_all_frame_indices/2019_WC_MF_Julian/selected_frame_indices.csv (121 rows)
[action] saved ../FS1000 Dataset/static_resnet50_keyframe_cache/static_resnet50_keyframe_2019_WC_MF_Julian_T121.npy, shape=(121, 2048)
[action] done split=train, processed=1, existing=596, waiting_keyframes=54
[action] start split=val, total=160
[action] done split=val, processed=0, existing=145, waiting_keyframes=15
[action][watch] round=1474 processed=1, total_processed=580, waiting_keyframes=69
[action][watch] scan round=1475
[action] start split=train, total=651
[action] done split=train, processed=0, existing=597, waiting_keyframes=54
[action] start split=val, total=160
[action] done split=val, processed=0, existing=145, waiting_keyframes=15
[action][watch] waiting for new keyframe outputs: pending=69, idle=1s/600s, sleep=30s
[action][watch] scan round=1476
[action] start split=train, total=651
[action] done split=train, processed=0, existing=597, waiting_keyframes=54
[action] start split=val, total=160
[action] done split=val, processed=0, existing=145, waiting_keyframes=15
[action][watch] waiting for new keyframe outputs: pending=69, idle=32s/600s, sleep=30s
[action][watch] scan round=1477
[action] start split=train, total=651
[action] 2019_WC_MF_Junhwan: using keyframes from keyframe_selector/outputs/fs1000_all_frame_indices/2019_WC_MF_Junhwan/selected_frame_indices.csv (122 rows)
[action] saved ../FS1000 Dataset/static_resnet50_keyframe_cache/static_resnet50_keyframe_2019_WC_MF_Junhwan_T122.npy, shape=(122, 2048)
[action] done split=train, processed=1, existing=597, waiting_keyframes=53
[action] start split=val, total=160
[action] done split=val, processed=0, existing=145, waiting_keyframes=15
[action][watch] round=1477 processed=1, total_processed=581, waiting_keyframes=68
[action][watch] scan round=1478
[action] start split=train, total=651
[action] done split=train, processed=0, existing=598, waiting_keyframes=53
[action] start split=val, total=160
[action] done split=val, processed=0, existing=145, waiting_keyframes=15
[action][watch] waiting for new keyframe outputs: pending=68, idle=1s/600s, sleep=30s
[action][watch] scan round=1479
[action] start split=train, total=651
[action] done split=train, processed=0, existing=598, waiting_keyframes=53
[action] start split=val, total=160
[action] done split=val, processed=0, existing=145, waiting_keyframes=15
[action][watch] waiting for new keyframe outputs: pending=68, idle=31s/600s, sleep=30s
[action][watch] scan round=1480
[action] start split=train, total=651
[action] 2019_WC_MF_Keegan: using keyframes from keyframe_selector/outputs/fs1000_all_frame_indices/2019_WC_MF_Keegan/selected_frame_indices.csv (120 rows)
[action] saved ../FS1000 Dataset/static_resnet50_keyframe_cache/static_resnet50_keyframe_2019_WC_MF_Keegan_T120.npy, shape=(120, 2048)
[action] done split=train, processed=1, existing=598, waiting_keyframes=52
[action] start split=val, total=160
[action] done split=val, processed=0, existing=145, waiting_keyframes=15
[action][watch] round=1480 processed=1, total_processed=582, waiting_keyframes=67
[action][watch] scan round=1481
[action] start split=train, total=651
[action] done split=train, processed=0, existing=599, waiting_keyframes=52
[action] start split=val, total=160
[action] done split=val, processed=0, existing=145, waiting_keyframes=15
[action][watch] waiting for new keyframe outputs: pending=67, idle=1s/600s, sleep=30s
[action][watch] scan round=1482
[action] start split=train, total=651
[action] done split=train, processed=0, existing=599, waiting_keyframes=52
[action] start split=val, total=160
[action] done split=val, processed=0, existing=145, waiting_keyframes=15
[action][watch] waiting for new keyframe outputs: pending=67, idle=31s/600s, sleep=30s
[action][watch] scan round=1483
[action] start split=train, total=651
[action] 2019_WC_MF_Keiji: using keyframes from keyframe_selector/outputs/fs1000_all_frame_indices/2019_WC_MF_Keiji/selected_frame_indices.csv (121 rows)
[action] saved ../FS1000 Dataset/static_resnet50_keyframe_cache/static_resnet50_keyframe_2019_WC_MF_Keiji_T121.npy, shape=(121, 2048)
[action] train: 450/651
[action] done split=train, processed=1, existing=599, waiting_keyframes=51
[action] start split=val, total=160
[action] done split=val, processed=0, existing=145, waiting_keyframes=15
[action][watch] round=1483 processed=1, total_processed=583, waiting_keyframes=66
[action][watch] scan round=1484
[action] start split=train, total=651
[action] done split=train, processed=0, existing=600, waiting_keyframes=51
[action] start split=val, total=160
[action] done split=val, processed=0, existing=145, waiting_keyframes=15
[action][watch] waiting for new keyframe outputs: pending=66, idle=1s/600s, sleep=30s
[action][watch] scan round=1485
[action] start split=train, total=651
[action] done split=train, processed=0, existing=600, waiting_keyframes=51
[action] start split=val, total=160
[action] done split=val, processed=0, existing=145, waiting_keyframes=15
[action][watch] waiting for new keyframe outputs: pending=66, idle=31s/600s, sleep=30s
[action][watch] scan round=1486
[action] start split=train, total=651
[action] 2019_WC_MF_Kevin: using keyframes from keyframe_selector/outputs/fs1000_all_frame_indices/2019_WC_MF_Kevin/selected_frame_indices.csv (121 rows)
[action] saved ../FS1000 Dataset/static_resnet50_keyframe_cache/static_resnet50_keyframe_2019_WC_MF_Kevin_T121.npy, shape=(121, 2048)
[action] done split=train, processed=1, existing=600, waiting_keyframes=50
[action] start split=val, total=160
[action] done split=val, processed=0, existing=145, waiting_keyframes=15
[action][watch] round=1486 processed=1, total_processed=584, waiting_keyframes=65
[action][watch] scan round=1487
[action] start split=train, total=651
[action] done split=train, processed=0, existing=601, waiting_keyframes=50
[action] start split=val, total=160
[action] done split=val, processed=0, existing=145, waiting_keyframes=15
[action][watch] waiting for new keyframe outputs: pending=65, idle=1s/600s, sleep=30s
[action][watch] scan round=1488
[action] start split=train, total=651
[action] done split=train, processed=0, existing=601, waiting_keyframes=50
[action] start split=val, total=160
[action] done split=val, processed=0, existing=145, waiting_keyframes=15
[action][watch] waiting for new keyframe outputs: pending=65, idle=31s/600s, sleep=30s
[action][watch] scan round=1489
[action] start split=train, total=651
[action] 2019_WC_MF_Matteo: using keyframes from keyframe_selector/outputs/fs1000_all_frame_indices/2019_WC_MF_Matteo/selected_frame_indices.csv (122 rows)
[action] saved ../FS1000 Dataset/static_resnet50_keyframe_cache/static_resnet50_keyframe_2019_WC_MF_Matteo_T122.npy, shape=(122, 2048)
[action] done split=train, processed=1, existing=601, waiting_keyframes=49
[action] start split=val, total=160
[action] done split=val, processed=0, existing=145, waiting_keyframes=15
[action][watch] round=1489 processed=1, total_processed=585, waiting_keyframes=64
[action][watch] scan round=1490
[action] start split=train, total=651
[action] done split=train, processed=0, existing=602, waiting_keyframes=49
[action] start split=val, total=160
[action] done split=val, processed=0, existing=145, waiting_keyframes=15
[action][watch] waiting for new keyframe outputs: pending=64, idle=1s/600s, sleep=30s
[action][watch] scan round=1491
[action] start split=train, total=651
[action] done split=train, processed=0, existing=602, waiting_keyframes=49
[action] start split=val, total=160
[action] done split=val, processed=0, existing=145, waiting_keyframes=15
[action][watch] waiting for new keyframe outputs: pending=64, idle=31s/600s, sleep=30s
[action][watch] scan round=1492
[action] start split=train, total=651
[action] 2019_WC_MF_Michal: using keyframes from keyframe_selector/outputs/fs1000_all_frame_indices/2019_WC_MF_Michal/selected_frame_indices.csv (120 rows)
[action] saved ../FS1000 Dataset/static_resnet50_keyframe_cache/static_resnet50_keyframe_2019_WC_MF_Michal_T120.npy, shape=(120, 2048)
[action] done split=train, processed=1, existing=602, waiting_keyframes=48
[action] start split=val, total=160
[action] done split=val, processed=0, existing=145, waiting_keyframes=15
[action][watch] round=1492 processed=1, total_processed=586, waiting_keyframes=63
[action][watch] scan round=1493
[action] start split=train, total=651
[action] done split=train, processed=0, existing=603, waiting_keyframes=48
[action] start split=val, total=160
[action] done split=val, processed=0, existing=145, waiting_keyframes=15
[action][watch] waiting for new keyframe outputs: pending=63, idle=1s/600s, sleep=30s
[action][watch] scan round=1494
[action] start split=train, total=651
[action] done split=train, processed=0, existing=603, waiting_keyframes=48
[action] start split=val, total=160
[action] done split=val, processed=0, existing=145, waiting_keyframes=15
[action][watch] waiting for new keyframe outputs: pending=63, idle=31s/600s, sleep=30s
[action][watch] scan round=1495
[action] start split=train, total=651
[action] 2019_WC_MF_Mikhail: using keyframes from keyframe_selector/outputs/fs1000_all_frame_indices/2019_WC_MF_Mikhail/selected_frame_indices.csv (119 rows)
[action] saved ../FS1000 Dataset/static_resnet50_keyframe_cache/static_resnet50_keyframe_2019_WC_MF_Mikhail_T119.npy, shape=(119, 2048)
[action] done split=train, processed=1, existing=603, waiting_keyframes=47
[action] start split=val, total=160
[action] done split=val, processed=0, existing=145, waiting_keyframes=15
[action][watch] round=1495 processed=1, total_processed=587, waiting_keyframes=62
[action][watch] scan round=1496
[action] start split=train, total=651
[action] done split=train, processed=0, existing=604, waiting_keyframes=47
[action] start split=val, total=160
[action] done split=val, processed=0, existing=145, waiting_keyframes=15
[action][watch] waiting for new keyframe outputs: pending=62, idle=1s/600s, sleep=30s
[action][watch] scan round=1497
[action] start split=train, total=651
[action] done split=train, processed=0, existing=604, waiting_keyframes=47
[action] start split=val, total=160
[action] done split=val, processed=0, existing=145, waiting_keyframes=15
[action][watch] waiting for new keyframe outputs: pending=62, idle=31s/600s, sleep=30s
[action][watch] scan round=1498
[action] start split=train, total=651
[action] done split=train, processed=0, existing=604, waiting_keyframes=47
[action] start split=val, total=160
[action] 2019_WC_MF_Morisi: using keyframes from keyframe_selector/outputs/fs1000_all_frame_indices/2019_WC_MF_Morisi/selected_frame_indices.csv (121 rows)
[action] saved ../FS1000 Dataset/static_resnet50_keyframe_cache/static_resnet50_keyframe_2019_WC_MF_Morisi_T121.npy, shape=(121, 2048)
[action] val: 100/160
[action] done split=val, processed=1, existing=145, waiting_keyframes=14
[action][watch] round=1498 processed=1, total_processed=588, waiting_keyframes=61
[action][watch] scan round=1499
[action] start split=train, total=651
[action] done split=train, processed=0, existing=604, waiting_keyframes=47
[action] start split=val, total=160
[action] done split=val, processed=0, existing=146, waiting_keyframes=14
[action][watch] waiting for new keyframe outputs: pending=61, idle=1s/600s, sleep=30s
[action][watch] scan round=1500
[action] start split=train, total=651
[action] done split=train, processed=0, existing=604, waiting_keyframes=47
[action] start split=val, total=160
[action] done split=val, processed=0, existing=146, waiting_keyframes=14
[action][watch] waiting for new keyframe outputs: pending=61, idle=31s/600s, sleep=30s
[action][watch] scan round=1501
[action] start split=train, total=651
[action] 2019_WC_MF_Nam: using keyframes from keyframe_selector/outputs/fs1000_all_frame_indices/2019_WC_MF_Nam/selected_frame_indices.csv (118 rows)
[action] saved ../FS1000 Dataset/static_resnet50_keyframe_cache/static_resnet50_keyframe_2019_WC_MF_Nam_T118.npy, shape=(118, 2048)
[action] done split=train, processed=1, existing=604, waiting_keyframes=46
[action] start split=val, total=160
[action] done split=val, processed=0, existing=146, waiting_keyframes=14
[action][watch] round=1501 processed=1, total_processed=589, waiting_keyframes=60
[action][watch] scan round=1502
[action] start split=train, total=651
[action] done split=train, processed=0, existing=605, waiting_keyframes=46
[action] start split=val, total=160
[action] done split=val, processed=0, existing=146, waiting_keyframes=14
[action][watch] waiting for new keyframe outputs: pending=60, idle=1s/600s, sleep=30s
[action][watch] scan round=1503
[action] start split=train, total=651
[action] done split=train, processed=0, existing=605, waiting_keyframes=46
[action] start split=val, total=160
[action] done split=val, processed=0, existing=146, waiting_keyframes=14
[action][watch] waiting for new keyframe outputs: pending=60, idle=31s/600s, sleep=30s
[action][watch] scan round=1504
[action] start split=train, total=651
[action] done split=train, processed=0, existing=605, waiting_keyframes=46
[action] start split=val, total=160
[action] 2019_WC_MF_Nathan: using keyframes from keyframe_selector/outputs/fs1000_all_frame_indices/2019_WC_MF_Nathan/selected_frame_indices.csv (120 rows)
[action] saved ../FS1000 Dataset/static_resnet50_keyframe_cache/static_resnet50_keyframe_2019_WC_MF_Nathan_T120.npy, shape=(120, 2048)
[action] done split=val, processed=1, existing=146, waiting_keyframes=13
[action][watch] round=1504 processed=1, total_processed=590, waiting_keyframes=59
[action][watch] scan round=1505
[action] start split=train, total=651
[action] done split=train, processed=0, existing=605, waiting_keyframes=46
[action] start split=val, total=160
[action] done split=val, processed=0, existing=147, waiting_keyframes=13
[action][watch] waiting for new keyframe outputs: pending=59, idle=1s/600s, sleep=30s
[action][watch] scan round=1506
[action] start split=train, total=651
[action] done split=train, processed=0, existing=605, waiting_keyframes=46
[action] start split=val, total=160
[action] done split=val, processed=0, existing=147, waiting_keyframes=13
[action][watch] waiting for new keyframe outputs: pending=59, idle=31s/600s, sleep=30s
[action][watch] scan round=1507
[action] start split=train, total=651
[action] 2019_WC_MF_Shoma: using keyframes from keyframe_selector/outputs/fs1000_all_frame_indices/2019_WC_MF_Shoma/selected_frame_indices.csv (122 rows)
[action] saved ../FS1000 Dataset/static_resnet50_keyframe_cache/static_resnet50_keyframe_2019_WC_MF_Shoma_T122.npy, shape=(122, 2048)
[action] done split=train, processed=1, existing=605, waiting_keyframes=45
[action] start split=val, total=160
[action] done split=val, processed=0, existing=147, waiting_keyframes=13
[action][watch] round=1507 processed=1, total_processed=591, waiting_keyframes=58
[action][watch] scan round=1508
[action] start split=train, total=651
[action] done split=train, processed=0, existing=606, waiting_keyframes=45
[action] start split=val, total=160
[action] done split=val, processed=0, existing=147, waiting_keyframes=13
[action][watch] waiting for new keyframe outputs: pending=58, idle=1s/600s, sleep=30s
[action][watch] scan round=1509
[action] start split=train, total=651
[action] done split=train, processed=0, existing=606, waiting_keyframes=45
[action] start split=val, total=160
[action] done split=val, processed=0, existing=147, waiting_keyframes=13
[action][watch] waiting for new keyframe outputs: pending=58, idle=31s/600s, sleep=30s
[action][watch] scan round=1510
[action] start split=train, total=651
[action] 2019_WC_MF_Vincent: using keyframes from keyframe_selector/outputs/fs1000_all_frame_indices/2019_WC_MF_Vincent/selected_frame_indices.csv (121 rows)
[action] saved ../FS1000 Dataset/static_resnet50_keyframe_cache/static_resnet50_keyframe_2019_WC_MF_Vincent_T121.npy, shape=(121, 2048)
[action] done split=train, processed=1, existing=606, waiting_keyframes=44
[action] start split=val, total=160
[action] done split=val, processed=0, existing=147, waiting_keyframes=13
[action][watch] round=1510 processed=1, total_processed=592, waiting_keyframes=57
[action][watch] scan round=1511
[action] start split=train, total=651
[action] done split=train, processed=0, existing=607, waiting_keyframes=44
[action] start split=val, total=160
[action] done split=val, processed=0, existing=147, waiting_keyframes=13
[action][watch] waiting for new keyframe outputs: pending=57, idle=1s/600s, sleep=30s
[action][watch] scan round=1512
[action] start split=train, total=651
[action] done split=train, processed=0, existing=607, waiting_keyframes=44
[action] start split=val, total=160
[action] done split=val, processed=0, existing=147, waiting_keyframes=13
[action][watch] waiting for new keyframe outputs: pending=57, idle=31s/600s, sleep=30s
[action][watch] scan round=1513
[action] start split=train, total=651
[action] 2019_WC_MF_Vladimir: using keyframes from keyframe_selector/outputs/fs1000_all_frame_indices/2019_WC_MF_Vladimir/selected_frame_indices.csv (121 rows)
[action] saved ../FS1000 Dataset/static_resnet50_keyframe_cache/static_resnet50_keyframe_2019_WC_MF_Vladimir_T121.npy, shape=(121, 2048)
[action] done split=train, processed=1, existing=607, waiting_keyframes=43
[action] start split=val, total=160
[action] done split=val, processed=0, existing=147, waiting_keyframes=13
[action][watch] round=1513 processed=1, total_processed=593, waiting_keyframes=56
[action][watch] scan round=1514
[action] start split=train, total=651
[action] done split=train, processed=0, existing=608, waiting_keyframes=43
[action] start split=val, total=160
[action] done split=val, processed=0, existing=147, waiting_keyframes=13
[action][watch] waiting for new keyframe outputs: pending=56, idle=1s/600s, sleep=30s
[action][watch] scan round=1515
[action] start split=train, total=651
[action] 2019_WC_MF_Yuzuru: using keyframes from keyframe_selector/outputs/fs1000_all_frame_indices/2019_WC_MF_Yuzuru/selected_frame_indices.csv (122 rows)
[action] saved ../FS1000 Dataset/static_resnet50_keyframe_cache/static_resnet50_keyframe_2019_WC_MF_Yuzuru_T122.npy, shape=(122, 2048)
[action] done split=train, processed=1, existing=608, waiting_keyframes=42
[action] start split=val, total=160
[action] done split=val, processed=0, existing=147, waiting_keyframes=13
[action][watch] round=1515 processed=1, total_processed=594, waiting_keyframes=55
[action][watch] scan round=1516
[action] start split=train, total=651
[action] done split=train, processed=0, existing=609, waiting_keyframes=42
[action] start split=val, total=160
[action] done split=val, processed=0, existing=147, waiting_keyframes=13
[action][watch] waiting for new keyframe outputs: pending=55, idle=1s/600s, sleep=30s
[action][watch] scan round=1517
[action] start split=train, total=651
[action] done split=train, processed=0, existing=609, waiting_keyframes=42
[action] start split=val, total=160
[action] done split=val, processed=0, existing=147, waiting_keyframes=13
[action][watch] waiting for new keyframe outputs: pending=55, idle=32s/600s, sleep=30s
[action][watch] scan round=1518
[action] start split=train, total=651
[action] done split=train, processed=0, existing=609, waiting_keyframes=42
[action] start split=val, total=160
[action] 2019_WC_MS_Aleksandr: using keyframes from keyframe_selector/outputs/fs1000_all_frame_indices/2019_WC_MS_Aleksandr/selected_frame_indices.csv (83 rows)
[action] saved ../FS1000 Dataset/static_resnet50_keyframe_cache/static_resnet50_keyframe_2019_WC_MS_Aleksandr_T83.npy, shape=(83, 2048)
[action] done split=val, processed=1, existing=147, waiting_keyframes=12
[action][watch] round=1518 processed=1, total_processed=595, waiting_keyframes=54
[action][watch] scan round=1519
[action] start split=train, total=651
[action] done split=train, processed=0, existing=609, waiting_keyframes=42
[action] start split=val, total=160
[action] done split=val, processed=0, existing=148, waiting_keyframes=12
[action][watch] waiting for new keyframe outputs: pending=54, idle=1s/600s, sleep=30s
[action][watch] scan round=1520
[action] start split=train, total=651
[action] done split=train, processed=0, existing=609, waiting_keyframes=42
[action] start split=val, total=160
[action] done split=val, processed=0, existing=148, waiting_keyframes=12
[action][watch] waiting for new keyframe outputs: pending=54, idle=31s/600s, sleep=30s
[action][watch] scan round=1521
[action] start split=train, total=651
[action] 2019_WC_MS_AlexanderM: using keyframes from keyframe_selector/outputs/fs1000_all_frame_indices/2019_WC_MS_AlexanderM/selected_frame_indices.csv (82 rows)
[action] saved ../FS1000 Dataset/static_resnet50_keyframe_cache/static_resnet50_keyframe_2019_WC_MS_AlexanderM_T82.npy, shape=(82, 2048)
[action] done split=train, processed=1, existing=609, waiting_keyframes=41
[action] start split=val, total=160
[action] done split=val, processed=0, existing=148, waiting_keyframes=12
[action][watch] round=1521 processed=1, total_processed=596, waiting_keyframes=53
[action][watch] scan round=1522
[action] start split=train, total=651
[action] done split=train, processed=0, existing=610, waiting_keyframes=41
[action] start split=val, total=160
[action] done split=val, processed=0, existing=148, waiting_keyframes=12
[action][watch] waiting for new keyframe outputs: pending=53, idle=1s/600s, sleep=30s
[action][watch] scan round=1523
[action] start split=train, total=651
[action] done split=train, processed=0, existing=610, waiting_keyframes=41
[action] start split=val, total=160
[action] 2019_WC_MS_AlexanderS: using keyframes from keyframe_selector/outputs/fs1000_all_frame_indices/2019_WC_MS_AlexanderS/selected_frame_indices.csv (82 rows)
[action] saved ../FS1000 Dataset/static_resnet50_keyframe_cache/static_resnet50_keyframe_2019_WC_MS_AlexanderS_T82.npy, shape=(82, 2048)
[action] done split=val, processed=1, existing=148, waiting_keyframes=11
[action][watch] round=1523 processed=1, total_processed=597, waiting_keyframes=52
[action][watch] scan round=1524
[action] start split=train, total=651
[action] done split=train, processed=0, existing=610, waiting_keyframes=41
[action] start split=val, total=160
[action] done split=val, processed=0, existing=149, waiting_keyframes=11
[action][watch] waiting for new keyframe outputs: pending=52, idle=1s/600s, sleep=30s
[action][watch] scan round=1525
[action] start split=train, total=651
[action] done split=train, processed=0, existing=610, waiting_keyframes=41
[action] start split=val, total=160
[action] done split=val, processed=0, existing=149, waiting_keyframes=11
[action][watch] waiting for new keyframe outputs: pending=52, idle=31s/600s, sleep=30s
[action][watch] scan round=1526
[action] start split=train, total=651
[action] 2019_WC_MS_Alexei: using keyframes from keyframe_selector/outputs/fs1000_all_frame_indices/2019_WC_MS_Alexei/selected_frame_indices.csv (82 rows)
[action] saved ../FS1000 Dataset/static_resnet50_keyframe_cache/static_resnet50_keyframe_2019_WC_MS_Alexei_T82.npy, shape=(82, 2048)
[action] done split=train, processed=1, existing=610, waiting_keyframes=40
[action] start split=val, total=160
[action] done split=val, processed=0, existing=149, waiting_keyframes=11
[action][watch] round=1526 processed=1, total_processed=598, waiting_keyframes=51
[action][watch] scan round=1527
[action] start split=train, total=651
[action] done split=train, processed=0, existing=611, waiting_keyframes=40
[action] start split=val, total=160
[action] done split=val, processed=0, existing=149, waiting_keyframes=11
[action][watch] waiting for new keyframe outputs: pending=51, idle=1s/600s, sleep=30s
[action][watch] scan round=1528
[action] start split=train, total=651
[action] done split=train, processed=0, existing=611, waiting_keyframes=40
[action] start split=val, total=160
[action] done split=val, processed=0, existing=149, waiting_keyframes=11
[action][watch] waiting for new keyframe outputs: pending=51, idle=31s/600s, sleep=30s
[action][watch] scan round=1529
[action] start split=train, total=651
[action] 2019_WC_MS_Andrei: using keyframes from keyframe_selector/outputs/fs1000_all_frame_indices/2019_WC_MS_Andrei/selected_frame_indices.csv (81 rows)
[action] saved ../FS1000 Dataset/static_resnet50_keyframe_cache/static_resnet50_keyframe_2019_WC_MS_Andrei_T81.npy, shape=(81, 2048)
[action] done split=train, processed=1, existing=611, waiting_keyframes=39
[action] start split=val, total=160
[action] done split=val, processed=0, existing=149, waiting_keyframes=11
[action][watch] round=1529 processed=1, total_processed=599, waiting_keyframes=50
[action][watch] scan round=1530
[action] start split=train, total=651
[action] done split=train, processed=0, existing=612, waiting_keyframes=39
[action] start split=val, total=160
[action] done split=val, processed=0, existing=149, waiting_keyframes=11
[action][watch] waiting for new keyframe outputs: pending=50, idle=1s/600s, sleep=30s
[action][watch] scan round=1531
[action] start split=train, total=651
[action] 2019_WC_MS_Boyang: using keyframes from keyframe_selector/outputs/fs1000_all_frame_indices/2019_WC_MS_Boyang/selected_frame_indices.csv (81 rows)
[action] saved ../FS1000 Dataset/static_resnet50_keyframe_cache/static_resnet50_keyframe_2019_WC_MS_Boyang_T81.npy, shape=(81, 2048)
[action] done split=train, processed=1, existing=612, waiting_keyframes=38
[action] start split=val, total=160
[action] done split=val, processed=0, existing=149, waiting_keyframes=11
[action][watch] round=1531 processed=1, total_processed=600, waiting_keyframes=49
[action][watch] scan round=1532
[action] start split=train, total=651
[action] done split=train, processed=0, existing=613, waiting_keyframes=38
[action] start split=val, total=160
[action] done split=val, processed=0, existing=149, waiting_keyframes=11
[action][watch] waiting for new keyframe outputs: pending=49, idle=1s/600s, sleep=30s
[action][watch] scan round=1533
[action] start split=train, total=651
[action] done split=train, processed=0, existing=613, waiting_keyframes=38
[action] start split=val, total=160
[action] done split=val, processed=0, existing=149, waiting_keyframes=11
[action][watch] waiting for new keyframe outputs: pending=49, idle=31s/600s, sleep=30s
[action][watch] scan round=1534
[action] start split=train, total=651
[action] 2019_WC_MS_Brendan: using keyframes from keyframe_selector/outputs/fs1000_all_frame_indices/2019_WC_MS_Brendan/selected_frame_indices.csv (81 rows)
[action] saved ../FS1000 Dataset/static_resnet50_keyframe_cache/static_resnet50_keyframe_2019_WC_MS_Brendan_T81.npy, shape=(81, 2048)
[action] done split=train, processed=1, existing=613, waiting_keyframes=37
[action] start split=val, total=160
[action] done split=val, processed=0, existing=149, waiting_keyframes=11
[action][watch] round=1534 processed=1, total_processed=601, waiting_keyframes=48
[action][watch] scan round=1535
[action] start split=train, total=651
[action] done split=train, processed=0, existing=614, waiting_keyframes=37
[action] start split=val, total=160
[action] done split=val, processed=0, existing=149, waiting_keyframes=11
[action][watch] waiting for new keyframe outputs: pending=48, idle=1s/600s, sleep=30s
[action][watch] scan round=1536
[action] start split=train, total=651
[action] done split=train, processed=0, existing=614, waiting_keyframes=37
[action] start split=val, total=160
[action] done split=val, processed=0, existing=149, waiting_keyframes=11
[action][watch] waiting for new keyframe outputs: pending=48, idle=31s/600s, sleep=30s
[action][watch] scan round=1537
[action] start split=train, total=651
[action] 2019_WC_MS_Burak: using keyframes from keyframe_selector/outputs/fs1000_all_frame_indices/2019_WC_MS_Burak/selected_frame_indices.csv (81 rows)
[action] saved ../FS1000 Dataset/static_resnet50_keyframe_cache/static_resnet50_keyframe_2019_WC_MS_Burak_T81.npy, shape=(81, 2048)
[action] done split=train, processed=1, existing=614, waiting_keyframes=36
[action] start split=val, total=160
[action] done split=val, processed=0, existing=149, waiting_keyframes=11
[action][watch] round=1537 processed=1, total_processed=602, waiting_keyframes=47
[action][watch] scan round=1538
[action] start split=train, total=651
[action] done split=train, processed=0, existing=615, waiting_keyframes=36
[action] start split=val, total=160
[action] done split=val, processed=0, existing=149, waiting_keyframes=11
[action][watch] waiting for new keyframe outputs: pending=47, idle=1s/600s, sleep=30s
[action][watch] scan round=1539
[action] start split=train, total=651
[action] 2019_WC_MS_Daniel: using keyframes from keyframe_selector/outputs/fs1000_all_frame_indices/2019_WC_MS_Daniel/selected_frame_indices.csv (83 rows)
[action] saved ../FS1000 Dataset/static_resnet50_keyframe_cache/static_resnet50_keyframe_2019_WC_MS_Daniel_T83.npy, shape=(83, 2048)
[action] done split=train, processed=1, existing=615, waiting_keyframes=35
[action] start split=val, total=160
[action] done split=val, processed=0, existing=149, waiting_keyframes=11
[action][watch] round=1539 processed=1, total_processed=603, waiting_keyframes=46
[action][watch] scan round=1540
[action] start split=train, total=651
[action] done split=train, processed=0, existing=616, waiting_keyframes=35
[action] start split=val, total=160
[action] done split=val, processed=0, existing=149, waiting_keyframes=11
[action][watch] waiting for new keyframe outputs: pending=46, idle=1s/600s, sleep=30s
[action][watch] scan round=1541
[action] start split=train, total=651
[action] done split=train, processed=0, existing=616, waiting_keyframes=35
[action] start split=val, total=160
[action] done split=val, processed=0, existing=149, waiting_keyframes=11
[action][watch] waiting for new keyframe outputs: pending=46, idle=31s/600s, sleep=30s
[action][watch] scan round=1542
[action] start split=train, total=651
[action] 2019_WC_MS_Deniss: using keyframes from keyframe_selector/outputs/fs1000_all_frame_indices/2019_WC_MS_Deniss/selected_frame_indices.csv (80 rows)
[action] saved ../FS1000 Dataset/static_resnet50_keyframe_cache/static_resnet50_keyframe_2019_WC_MS_Deniss_T80.npy, shape=(80, 2048)
[action] done split=train, processed=1, existing=616, waiting_keyframes=34
[action] start split=val, total=160
[action] done split=val, processed=0, existing=149, waiting_keyframes=11
[action][watch] round=1542 processed=1, total_processed=604, waiting_keyframes=45
[action][watch] scan round=1543
[action] start split=train, total=651
[action] done split=train, processed=0, existing=617, waiting_keyframes=34
[action] start split=val, total=160
[action] done split=val, processed=0, existing=149, waiting_keyframes=11
[action][watch] waiting for new keyframe outputs: pending=45, idle=1s/600s, sleep=30s
[action][watch] scan round=1544
[action] start split=train, total=651
[action] 2019_WC_MS_Donovan: using keyframes from keyframe_selector/outputs/fs1000_all_frame_indices/2019_WC_MS_Donovan/selected_frame_indices.csv (82 rows)
[action] saved ../FS1000 Dataset/static_resnet50_keyframe_cache/static_resnet50_keyframe_2019_WC_MS_Donovan_T82.npy, shape=(82, 2048)
[action] done split=train, processed=1, existing=617, waiting_keyframes=33
[action] start split=val, total=160
[action] done split=val, processed=0, existing=149, waiting_keyframes=11
[action][watch] round=1544 processed=1, total_processed=605, waiting_keyframes=44
[action][watch] scan round=1545
[action] start split=train, total=651
[action] done split=train, processed=0, existing=618, waiting_keyframes=33
[action] start split=val, total=160
[action] done split=val, processed=0, existing=149, waiting_keyframes=11
[action][watch] waiting for new keyframe outputs: pending=44, idle=1s/600s, sleep=30s
[action][watch] scan round=1546
[action] start split=train, total=651
[action] done split=train, processed=0, existing=618, waiting_keyframes=33
[action] start split=val, total=160
[action] done split=val, processed=0, existing=149, waiting_keyframes=11
[action][watch] waiting for new keyframe outputs: pending=44, idle=31s/600s, sleep=30s
[action][watch] scan round=1547
[action] start split=train, total=651
[action] 2019_WC_MS_Igor: using keyframes from keyframe_selector/outputs/fs1000_all_frame_indices/2019_WC_MS_Igor/selected_frame_indices.csv (83 rows)
[action] saved ../FS1000 Dataset/static_resnet50_keyframe_cache/static_resnet50_keyframe_2019_WC_MS_Igor_T83.npy, shape=(83, 2048)
[action] done split=train, processed=1, existing=618, waiting_keyframes=32
[action] start split=val, total=160
[action] done split=val, processed=0, existing=149, waiting_keyframes=11
[action][watch] round=1547 processed=1, total_processed=606, waiting_keyframes=43
[action][watch] scan round=1548
[action] start split=train, total=651
[action] done split=train, processed=0, existing=619, waiting_keyframes=32
[action] start split=val, total=160
[action] done split=val, processed=0, existing=149, waiting_keyframes=11
[action][watch] waiting for new keyframe outputs: pending=43, idle=1s/600s, sleep=30s
[action][watch] scan round=1549
[action] start split=train, total=651
[action] done split=train, processed=0, existing=619, waiting_keyframes=32
[action] start split=val, total=160
[action] done split=val, processed=0, existing=149, waiting_keyframes=11
[action][watch] waiting for new keyframe outputs: pending=43, idle=31s/600s, sleep=30s
[action][watch] scan round=1550
[action] start split=train, total=651
[action] 2019_WC_MS_Ivan: using keyframes from keyframe_selector/outputs/fs1000_all_frame_indices/2019_WC_MS_Ivan/selected_frame_indices.csv (81 rows)
[action] saved ../FS1000 Dataset/static_resnet50_keyframe_cache/static_resnet50_keyframe_2019_WC_MS_Ivan_T81.npy, shape=(81, 2048)
[action] done split=train, processed=1, existing=619, waiting_keyframes=31
[action] start split=val, total=160
[action] done split=val, processed=0, existing=149, waiting_keyframes=11
[action][watch] round=1550 processed=1, total_processed=607, waiting_keyframes=42
[action][watch] scan round=1551
[action] start split=train, total=651
[action] done split=train, processed=0, existing=620, waiting_keyframes=31
[action] start split=val, total=160
[action] done split=val, processed=0, existing=149, waiting_keyframes=11
[action][watch] waiting for new keyframe outputs: pending=42, idle=1s/600s, sleep=30s
[action][watch] scan round=1552
[action] start split=train, total=651
[action] 2019_WC_MS_Jason: using keyframes from keyframe_selector/outputs/fs1000_all_frame_indices/2019_WC_MS_Jason/selected_frame_indices.csv (82 rows)
[action] saved ../FS1000 Dataset/static_resnet50_keyframe_cache/static_resnet50_keyframe_2019_WC_MS_Jason_T82.npy, shape=(82, 2048)
[action] done split=train, processed=1, existing=620, waiting_keyframes=30
[action] start split=val, total=160
[action] done split=val, processed=0, existing=149, waiting_keyframes=11
[action][watch] round=1552 processed=1, total_processed=608, waiting_keyframes=41
[action][watch] scan round=1553
[action] start split=train, total=651
[action] done split=train, processed=0, existing=621, waiting_keyframes=30
[action] start split=val, total=160
[action] done split=val, processed=0, existing=149, waiting_keyframes=11
[action][watch] waiting for new keyframe outputs: pending=41, idle=1s/600s, sleep=30s
[action][watch] scan round=1554
[action] start split=train, total=651
[action] done split=train, processed=0, existing=621, waiting_keyframes=30
[action] start split=val, total=160
[action] done split=val, processed=0, existing=149, waiting_keyframes=11
[action][watch] waiting for new keyframe outputs: pending=41, idle=31s/600s, sleep=30s
[action][watch] scan round=1555
[action] start split=train, total=651
[action] 2019_WC_MS_Julian: using keyframes from keyframe_selector/outputs/fs1000_all_frame_indices/2019_WC_MS_Julian/selected_frame_indices.csv (82 rows)
[action] saved ../FS1000 Dataset/static_resnet50_keyframe_cache/static_resnet50_keyframe_2019_WC_MS_Julian_T82.npy, shape=(82, 2048)
[action] done split=train, processed=1, existing=621, waiting_keyframes=29
[action] start split=val, total=160
[action] done split=val, processed=0, existing=149, waiting_keyframes=11
[action][watch] round=1555 processed=1, total_processed=609, waiting_keyframes=40
[action][watch] scan round=1556
[action] start split=train, total=651
[action] done split=train, processed=0, existing=622, waiting_keyframes=29
[action] start split=val, total=160
[action] done split=val, processed=0, existing=149, waiting_keyframes=11
[action][watch] waiting for new keyframe outputs: pending=40, idle=1s/600s, sleep=30s
[action][watch] scan round=1557
[action] start split=train, total=651
[action] done split=train, processed=0, existing=622, waiting_keyframes=29
[action] start split=val, total=160
[action] 2019_WC_MS_Junhwan: using keyframes from keyframe_selector/outputs/fs1000_all_frame_indices/2019_WC_MS_Junhwan/selected_frame_indices.csv (82 rows)
[action] saved ../FS1000 Dataset/static_resnet50_keyframe_cache/static_resnet50_keyframe_2019_WC_MS_Junhwan_T82.npy, shape=(82, 2048)
[action] done split=val, processed=1, existing=149, waiting_keyframes=10
[action][watch] round=1557 processed=1, total_processed=610, waiting_keyframes=39
[action][watch] scan round=1558
[action] start split=train, total=651
[action] done split=train, processed=0, existing=622, waiting_keyframes=29
[action] start split=val, total=160
[action] done split=val, processed=0, existing=150, waiting_keyframes=10
[action][watch] waiting for new keyframe outputs: pending=39, idle=1s/600s, sleep=30s
[action][watch] scan round=1559
[action] start split=train, total=651
[action] done split=train, processed=0, existing=622, waiting_keyframes=29
[action] start split=val, total=160
[action] done split=val, processed=0, existing=150, waiting_keyframes=10
[action][watch] waiting for new keyframe outputs: pending=39, idle=31s/600s, sleep=30s
[action][watch] scan round=1560
[action] start split=train, total=651
[action] 2019_WC_MS_Keegan: using keyframes from keyframe_selector/outputs/fs1000_all_frame_indices/2019_WC_MS_Keegan/selected_frame_indices.csv (81 rows)
[action] saved ../FS1000 Dataset/static_resnet50_keyframe_cache/static_resnet50_keyframe_2019_WC_MS_Keegan_T81.npy, shape=(81, 2048)
[action] done split=train, processed=1, existing=622, waiting_keyframes=28
[action] start split=val, total=160
[action] done split=val, processed=0, existing=150, waiting_keyframes=10
[action][watch] round=1560 processed=1, total_processed=611, waiting_keyframes=38
[action][watch] scan round=1561
[action] start split=train, total=651
[action] done split=train, processed=0, existing=623, waiting_keyframes=28
[action] start split=val, total=160
[action] done split=val, processed=0, existing=150, waiting_keyframes=10
[action][watch] waiting for new keyframe outputs: pending=38, idle=1s/600s, sleep=30s
[action][watch] scan round=1562
[action] start split=train, total=651
[action] 2019_WC_MS_Keiji: using keyframes from keyframe_selector/outputs/fs1000_all_frame_indices/2019_WC_MS_Keiji/selected_frame_indices.csv (81 rows)
[action] saved ../FS1000 Dataset/static_resnet50_keyframe_cache/static_resnet50_keyframe_2019_WC_MS_Keiji_T81.npy, shape=(81, 2048)
[action] done split=train, processed=1, existing=623, waiting_keyframes=27
[action] start split=val, total=160
[action] done split=val, processed=0, existing=150, waiting_keyframes=10
[action][watch] round=1562 processed=1, total_processed=612, waiting_keyframes=37
[action][watch] scan round=1563
[action] start split=train, total=651
[action] done split=train, processed=0, existing=624, waiting_keyframes=27
[action] start split=val, total=160
[action] done split=val, processed=0, existing=150, waiting_keyframes=10
[action][watch] waiting for new keyframe outputs: pending=37, idle=1s/600s, sleep=30s
[action][watch] scan round=1564
[action] start split=train, total=651
[action] done split=train, processed=0, existing=624, waiting_keyframes=27
[action] start split=val, total=160
[action] done split=val, processed=0, existing=150, waiting_keyframes=10
[action][watch] waiting for new keyframe outputs: pending=37, idle=31s/600s, sleep=30s
[action][watch] scan round=1565
[action] start split=train, total=651
[action] done split=train, processed=0, existing=624, waiting_keyframes=27
[action] start split=val, total=160
[action] 2019_WC_MS_Kevin: using keyframes from keyframe_selector/outputs/fs1000_all_frame_indices/2019_WC_MS_Kevin/selected_frame_indices.csv (81 rows)
[action] saved ../FS1000 Dataset/static_resnet50_keyframe_cache/static_resnet50_keyframe_2019_WC_MS_Kevin_T81.npy, shape=(81, 2048)
[action] done split=val, processed=1, existing=150, waiting_keyframes=9
[action][watch] round=1565 processed=1, total_processed=613, waiting_keyframes=36
[action][watch] scan round=1566
[action] start split=train, total=651
[action] done split=train, processed=0, existing=624, waiting_keyframes=27
[action] start split=val, total=160
[action] done split=val, processed=0, existing=151, waiting_keyframes=9
[action][watch] waiting for new keyframe outputs: pending=36, idle=1s/600s, sleep=30s
[action][watch] scan round=1567
[action] start split=train, total=651
[action] 2019_WC_MS_Luc: using keyframes from keyframe_selector/outputs/fs1000_all_frame_indices/2019_WC_MS_Luc/selected_frame_indices.csv (82 rows)
[action] saved ../FS1000 Dataset/static_resnet50_keyframe_cache/static_resnet50_keyframe_2019_WC_MS_Luc_T82.npy, shape=(82, 2048)
[action] done split=train, processed=1, existing=624, waiting_keyframes=26
[action] start split=val, total=160
[action] done split=val, processed=0, existing=151, waiting_keyframes=9
[action][watch] round=1567 processed=1, total_processed=614, waiting_keyframes=35
[action][watch] scan round=1568
[action] start split=train, total=651
[action] done split=train, processed=0, existing=625, waiting_keyframes=26
[action] start split=val, total=160
[action] done split=val, processed=0, existing=151, waiting_keyframes=9
[action][watch] waiting for new keyframe outputs: pending=35, idle=1s/600s, sleep=30s
[action][watch] scan round=1569
[action] start split=train, total=651
[action] done split=train, processed=0, existing=625, waiting_keyframes=26
[action] start split=val, total=160
[action] done split=val, processed=0, existing=151, waiting_keyframes=9
[action][watch] waiting for new keyframe outputs: pending=35, idle=31s/600s, sleep=30s
[action][watch] scan round=1570
[action] start split=train, total=651
[action] done split=train, processed=0, existing=625, waiting_keyframes=26
[action] start split=val, total=160
[action] 2019_WC_MS_Lukas: using keyframes from keyframe_selector/outputs/fs1000_all_frame_indices/2019_WC_MS_Lukas/selected_frame_indices.csv (81 rows)
[action] saved ../FS1000 Dataset/static_resnet50_keyframe_cache/static_resnet50_keyframe_2019_WC_MS_Lukas_T81.npy, shape=(81, 2048)
[action] done split=val, processed=1, existing=151, waiting_keyframes=8
[action][watch] round=1570 processed=1, total_processed=615, waiting_keyframes=34
[action][watch] scan round=1571
[action] start split=train, total=651
[action] done split=train, processed=0, existing=625, waiting_keyframes=26
[action] start split=val, total=160
[action] done split=val, processed=0, existing=152, waiting_keyframes=8
[action][watch] waiting for new keyframe outputs: pending=34, idle=1s/600s, sleep=30s
[action][watch] scan round=1572
[action] start split=train, total=651
[action] 2019_WC_MS_Matteo: using keyframes from keyframe_selector/outputs/fs1000_all_frame_indices/2019_WC_MS_Matteo/selected_frame_indices.csv (82 rows)
[action] saved ../FS1000 Dataset/static_resnet50_keyframe_cache/static_resnet50_keyframe_2019_WC_MS_Matteo_T82.npy, shape=(82, 2048)
[action] done split=train, processed=1, existing=625, waiting_keyframes=25
[action] start split=val, total=160
[action] done split=val, processed=0, existing=152, waiting_keyframes=8
[action][watch] round=1572 processed=1, total_processed=616, waiting_keyframes=33
[action][watch] scan round=1573
[action] start split=train, total=651
[action] done split=train, processed=0, existing=626, waiting_keyframes=25
[action] start split=val, total=160
[action] done split=val, processed=0, existing=152, waiting_keyframes=8
[action][watch] waiting for new keyframe outputs: pending=33, idle=1s/600s, sleep=30s
[action][watch] scan round=1574
[action] start split=train, total=651
[action] done split=train, processed=0, existing=626, waiting_keyframes=25
[action] start split=val, total=160
[action] done split=val, processed=0, existing=152, waiting_keyframes=8
[action][watch] waiting for new keyframe outputs: pending=33, idle=31s/600s, sleep=30s
[action][watch] scan round=1575
[action] start split=train, total=651
[action] 2019_WC_MS_Michal: using keyframes from keyframe_selector/outputs/fs1000_all_frame_indices/2019_WC_MS_Michal/selected_frame_indices.csv (82 rows)
[action] saved ../FS1000 Dataset/static_resnet50_keyframe_cache/static_resnet50_keyframe_2019_WC_MS_Michal_T82.npy, shape=(82, 2048)
[action] done split=train, processed=1, existing=626, waiting_keyframes=24
[action] start split=val, total=160
[action] done split=val, processed=0, existing=152, waiting_keyframes=8
[action][watch] round=1575 processed=1, total_processed=617, waiting_keyframes=32
[action][watch] scan round=1576
[action] start split=train, total=651
[action] done split=train, processed=0, existing=627, waiting_keyframes=24
[action] start split=val, total=160
[action] done split=val, processed=0, existing=152, waiting_keyframes=8
[action][watch] waiting for new keyframe outputs: pending=32, idle=1s/600s, sleep=30s
[action][watch] scan round=1577
[action] start split=train, total=651
[action] done split=train, processed=0, existing=627, waiting_keyframes=24
[action] start split=val, total=160
[action] 2019_WC_MS_Mikhail: using keyframes from keyframe_selector/outputs/fs1000_all_frame_indices/2019_WC_MS_Mikhail/selected_frame_indices.csv (79 rows)
[action] saved ../FS1000 Dataset/static_resnet50_keyframe_cache/static_resnet50_keyframe_2019_WC_MS_Mikhail_T79.npy, shape=(79, 2048)
[action] done split=val, processed=1, existing=152, waiting_keyframes=7
[action][watch] round=1577 processed=1, total_processed=618, waiting_keyframes=31
[action][watch] scan round=1578
[action] start split=train, total=651
[action] done split=train, processed=0, existing=627, waiting_keyframes=24
[action] start split=val, total=160
[action] done split=val, processed=0, existing=153, waiting_keyframes=7
[action][watch] waiting for new keyframe outputs: pending=31, idle=1s/600s, sleep=30s
[action][watch] scan round=1579
[action] start split=train, total=651
[action] done split=train, processed=0, existing=627, waiting_keyframes=24
[action] start split=val, total=160
[action] done split=val, processed=0, existing=153, waiting_keyframes=7
[action][watch] waiting for new keyframe outputs: pending=31, idle=31s/600s, sleep=30s
[action][watch] scan round=1580
[action] start split=train, total=651
[action] 2019_WC_MS_Morisi: using keyframes from keyframe_selector/outputs/fs1000_all_frame_indices/2019_WC_MS_Morisi/selected_frame_indices.csv (82 rows)
[action] saved ../FS1000 Dataset/static_resnet50_keyframe_cache/static_resnet50_keyframe_2019_WC_MS_Morisi_T82.npy, shape=(82, 2048)
[action] done split=train, processed=1, existing=627, waiting_keyframes=23
[action] start split=val, total=160
[action] done split=val, processed=0, existing=153, waiting_keyframes=7
[action][watch] round=1580 processed=1, total_processed=619, waiting_keyframes=30
[action][watch] scan round=1581
[action] start split=train, total=651
[action] done split=train, processed=0, existing=628, waiting_keyframes=23
[action] start split=val, total=160
[action] done split=val, processed=0, existing=153, waiting_keyframes=7
[action][watch] waiting for new keyframe outputs: pending=30, idle=1s/600s, sleep=30s
[action][watch] scan round=1582
[action] start split=train, total=651
[action] done split=train, processed=0, existing=628, waiting_keyframes=23
[action] start split=val, total=160
[action] done split=val, processed=0, existing=153, waiting_keyframes=7
[action][watch] waiting for new keyframe outputs: pending=30, idle=31s/600s, sleep=30s
[action][watch] scan round=1583
[action] start split=train, total=651
[action] done split=train, processed=0, existing=628, waiting_keyframes=23
[action] start split=val, total=160
[action] 2019_WC_MS_Nam: using keyframes from keyframe_selector/outputs/fs1000_all_frame_indices/2019_WC_MS_Nam/selected_frame_indices.csv (82 rows)
[action] saved ../FS1000 Dataset/static_resnet50_keyframe_cache/static_resnet50_keyframe_2019_WC_MS_Nam_T82.npy, shape=(82, 2048)
[action] done split=val, processed=1, existing=153, waiting_keyframes=6
[action][watch] round=1583 processed=1, total_processed=620, waiting_keyframes=29
[action][watch] scan round=1584
[action] start split=train, total=651
[action] done split=train, processed=0, existing=628, waiting_keyframes=23
[action] start split=val, total=160
[action] done split=val, processed=0, existing=154, waiting_keyframes=6
[action][watch] waiting for new keyframe outputs: pending=29, idle=1s/600s, sleep=30s
[action][watch] scan round=1585
[action] start split=train, total=651
[action] 2019_WC_MS_Nathan: using keyframes from keyframe_selector/outputs/fs1000_all_frame_indices/2019_WC_MS_Nathan/selected_frame_indices.csv (83 rows)
[action] saved ../FS1000 Dataset/static_resnet50_keyframe_cache/static_resnet50_keyframe_2019_WC_MS_Nathan_T83.npy, shape=(83, 2048)
[action] done split=train, processed=1, existing=628, waiting_keyframes=22
[action] start split=val, total=160
[action] done split=val, processed=0, existing=154, waiting_keyframes=6
[action][watch] round=1585 processed=1, total_processed=621, waiting_keyframes=28
[action][watch] scan round=1586
[action] start split=train, total=651
[action] done split=train, processed=0, existing=629, waiting_keyframes=22
[action] start split=val, total=160
[action] done split=val, processed=0, existing=154, waiting_keyframes=6
[action][watch] waiting for new keyframe outputs: pending=28, idle=1s/600s, sleep=30s
[action][watch] scan round=1587
[action] start split=train, total=651
[action] done split=train, processed=0, existing=629, waiting_keyframes=22
[action] start split=val, total=160
[action] done split=val, processed=0, existing=154, waiting_keyframes=6
[action][watch] waiting for new keyframe outputs: pending=28, idle=31s/600s, sleep=30s
[action][watch] scan round=1588
[action] start split=train, total=651
[action] 2019_WC_MS_Paul: using keyframes from keyframe_selector/outputs/fs1000_all_frame_indices/2019_WC_MS_Paul/selected_frame_indices.csv (83 rows)
[action] saved ../FS1000 Dataset/static_resnet50_keyframe_cache/static_resnet50_keyframe_2019_WC_MS_Paul_T83.npy, shape=(83, 2048)
[action] done split=train, processed=1, existing=629, waiting_keyframes=21
[action] start split=val, total=160
[action] done split=val, processed=0, existing=154, waiting_keyframes=6
[action][watch] round=1588 processed=1, total_processed=622, waiting_keyframes=27
[action][watch] scan round=1589
[action] start split=train, total=651
[action] done split=train, processed=0, existing=630, waiting_keyframes=21
[action] start split=val, total=160
[action] done split=val, processed=0, existing=154, waiting_keyframes=6
[action][watch] waiting for new keyframe outputs: pending=27, idle=1s/600s, sleep=30s
[action][watch] scan round=1590
[action] start split=train, total=651
[action] done split=train, processed=0, existing=630, waiting_keyframes=21
[action] start split=val, total=160
[action] 2019_WC_MS_Peter: using keyframes from keyframe_selector/outputs/fs1000_all_frame_indices/2019_WC_MS_Peter/selected_frame_indices.csv (81 rows)
[action] saved ../FS1000 Dataset/static_resnet50_keyframe_cache/static_resnet50_keyframe_2019_WC_MS_Peter_T81.npy, shape=(81, 2048)
[action] done split=val, processed=1, existing=154, waiting_keyframes=5
[action][watch] round=1590 processed=1, total_processed=623, waiting_keyframes=26
[action][watch] scan round=1591
[action] start split=train, total=651
[action] done split=train, processed=0, existing=630, waiting_keyframes=21
[action] start split=val, total=160
[action] done split=val, processed=0, existing=155, waiting_keyframes=5
[action][watch] waiting for new keyframe outputs: pending=26, idle=1s/600s, sleep=30s
[action][watch] scan round=1592
[action] start split=train, total=651
[action] done split=train, processed=0, existing=630, waiting_keyframes=21
[action] start split=val, total=160
[action] done split=val, processed=0, existing=155, waiting_keyframes=5
[action][watch] waiting for new keyframe outputs: pending=26, idle=31s/600s, sleep=30s
[action][watch] scan round=1593
[action] start split=train, total=651
[action] 2019_WC_MS_Shoma: using keyframes from keyframe_selector/outputs/fs1000_all_frame_indices/2019_WC_MS_Shoma/selected_frame_indices.csv (80 rows)
[action] saved ../FS1000 Dataset/static_resnet50_keyframe_cache/static_resnet50_keyframe_2019_WC_MS_Shoma_T80.npy, shape=(80, 2048)
[action] done split=train, processed=1, existing=630, waiting_keyframes=20
[action] start split=val, total=160
[action] done split=val, processed=0, existing=155, waiting_keyframes=5
[action][watch] round=1593 processed=1, total_processed=624, waiting_keyframes=25
[action][watch] scan round=1594
[action] start split=train, total=651
[action] done split=train, processed=0, existing=631, waiting_keyframes=20
[action] start split=val, total=160
[action] done split=val, processed=0, existing=155, waiting_keyframes=5
[action][watch] waiting for new keyframe outputs: pending=25, idle=1s/600s, sleep=30s
[action][watch] scan round=1595
[action] start split=train, total=651
[action] 2019_WC_MS_Slavik: using keyframes from keyframe_selector/outputs/fs1000_all_frame_indices/2019_WC_MS_Slavik/selected_frame_indices.csv (81 rows)
[action] saved ../FS1000 Dataset/static_resnet50_keyframe_cache/static_resnet50_keyframe_2019_WC_MS_Slavik_T81.npy, shape=(81, 2048)
[action] done split=train, processed=1, existing=631, waiting_keyframes=19
[action] start split=val, total=160
[action] done split=val, processed=0, existing=155, waiting_keyframes=5
[action][watch] round=1595 processed=1, total_processed=625, waiting_keyframes=24
[action][watch] scan round=1596
[action] start split=train, total=651
[action] done split=train, processed=0, existing=632, waiting_keyframes=19
[action] start split=val, total=160
[action] done split=val, processed=0, existing=155, waiting_keyframes=5
[action][watch] waiting for new keyframe outputs: pending=24, idle=1s/600s, sleep=30s
[action][watch] scan round=1597
[action] start split=train, total=651
[action] done split=train, processed=0, existing=632, waiting_keyframes=19
[action] start split=val, total=160
[action] done split=val, processed=0, existing=155, waiting_keyframes=5
[action][watch] waiting for new keyframe outputs: pending=24, idle=31s/600s, sleep=30s
[action][watch] scan round=1598
[action] start split=train, total=651
[action] done split=train, processed=0, existing=632, waiting_keyframes=19
[action] start split=val, total=160
[action] 2019_WC_MS_Valtter: using keyframes from keyframe_selector/outputs/fs1000_all_frame_indices/2019_WC_MS_Valtter/selected_frame_indices.csv (82 rows)
[action] saved ../FS1000 Dataset/static_resnet50_keyframe_cache/static_resnet50_keyframe_2019_WC_MS_Valtter_T82.npy, shape=(82, 2048)
[action] done split=val, processed=1, existing=155, waiting_keyframes=4
[action][watch] round=1598 processed=1, total_processed=626, waiting_keyframes=23
[action][watch] scan round=1599
[action] start split=train, total=651
[action] done split=train, processed=0, existing=632, waiting_keyframes=19
[action] start split=val, total=160
[action] done split=val, processed=0, existing=156, waiting_keyframes=4
[action][watch] waiting for new keyframe outputs: pending=23, idle=2s/600s, sleep=30s
[action][watch] scan round=1600
[action] start split=train, total=651
[action] 2019_WC_MS_Vincent: using keyframes from keyframe_selector/outputs/fs1000_all_frame_indices/2019_WC_MS_Vincent/selected_frame_indices.csv (82 rows)
[action] saved ../FS1000 Dataset/static_resnet50_keyframe_cache/static_resnet50_keyframe_2019_WC_MS_Vincent_T82.npy, shape=(82, 2048)
[action] done split=train, processed=1, existing=632, waiting_keyframes=18
[action] start split=val, total=160
[action] done split=val, processed=0, existing=156, waiting_keyframes=4
[action][watch] round=1600 processed=1, total_processed=627, waiting_keyframes=22
[action][watch] scan round=1601
[action] start split=train, total=651
[action] done split=train, processed=0, existing=633, waiting_keyframes=18
[action] start split=val, total=160
[action] done split=val, processed=0, existing=156, waiting_keyframes=4
[action][watch] waiting for new keyframe outputs: pending=22, idle=1s/600s, sleep=30s
[action][watch] scan round=1602
[action] start split=train, total=651
[action] done split=train, processed=0, existing=633, waiting_keyframes=18
[action] start split=val, total=160
[action] done split=val, processed=0, existing=156, waiting_keyframes=4
[action][watch] waiting for new keyframe outputs: pending=22, idle=31s/600s, sleep=30s
[action][watch] scan round=1603
[action] start split=train, total=651
[action] 2019_WC_MS_Vladimir: using keyframes from keyframe_selector/outputs/fs1000_all_frame_indices/2019_WC_MS_Vladimir/selected_frame_indices.csv (81 rows)
[action] saved ../FS1000 Dataset/static_resnet50_keyframe_cache/static_resnet50_keyframe_2019_WC_MS_Vladimir_T81.npy, shape=(81, 2048)
[action] done split=train, processed=1, existing=633, waiting_keyframes=17
[action] start split=val, total=160
[action] done split=val, processed=0, existing=156, waiting_keyframes=4
[action][watch] round=1603 processed=1, total_processed=628, waiting_keyframes=21
[action][watch] scan round=1604
[action] start split=train, total=651
[action] done split=train, processed=0, existing=634, waiting_keyframes=17
[action] start split=val, total=160
[action] done split=val, processed=0, existing=156, waiting_keyframes=4
[action][watch] waiting for new keyframe outputs: pending=21, idle=1s/600s, sleep=30s
[action][watch] scan round=1605
[action] start split=train, total=651
[action] done split=train, processed=0, existing=634, waiting_keyframes=17
[action] start split=val, total=160
[action] 2019_WC_MS_Yuzuru: using keyframes from keyframe_selector/outputs/fs1000_all_frame_indices/2019_WC_MS_Yuzuru/selected_frame_indices.csv (82 rows)
[action] saved ../FS1000 Dataset/static_resnet50_keyframe_cache/static_resnet50_keyframe_2019_WC_MS_Yuzuru_T82.npy, shape=(82, 2048)
[action] done split=val, processed=1, existing=156, waiting_keyframes=3
[action][watch] round=1605 processed=1, total_processed=629, waiting_keyframes=20
[action][watch] scan round=1606
[action] start split=train, total=651
[action] done split=train, processed=0, existing=634, waiting_keyframes=17
[action] start split=val, total=160
[action] done split=val, processed=0, existing=157, waiting_keyframes=3
[action][watch] waiting for new keyframe outputs: pending=20, idle=1s/600s, sleep=30s
[action][watch] scan round=1607
[action] start split=train, total=651
[action] done split=train, processed=0, existing=634, waiting_keyframes=17
[action] start split=val, total=160
[action] done split=val, processed=0, existing=157, waiting_keyframes=3
[action][watch] waiting for new keyframe outputs: pending=20, idle=31s/600s, sleep=30s
[action][watch] scan round=1608
[action] start split=train, total=651
[action] done split=train, processed=0, existing=634, waiting_keyframes=17
[action] start split=val, total=160
[action] 2019_WJC_IF_Alicia: using keyframes from keyframe_selector/outputs/fs1000_all_frame_indices/2019_WJC_IF_Alicia/selected_frame_indices.csv (106 rows)
[action] saved ../FS1000 Dataset/static_resnet50_keyframe_cache/static_resnet50_keyframe_2019_WJC_IF_Alicia_T106.npy, shape=(106, 2048)
[action] done split=val, processed=1, existing=157, waiting_keyframes=2
[action][watch] round=1608 processed=1, total_processed=630, waiting_keyframes=19
[action][watch] scan round=1609
[action] start split=train, total=651
[action] done split=train, processed=0, existing=634, waiting_keyframes=17
[action] start split=val, total=160
[action] done split=val, processed=0, existing=158, waiting_keyframes=2
[action][watch] waiting for new keyframe outputs: pending=19, idle=1s/600s, sleep=30s
[action][watch] scan round=1610
[action] start split=train, total=651
[action] done split=train, processed=0, existing=634, waiting_keyframes=17
[action] start split=val, total=160
[action] done split=val, processed=0, existing=158, waiting_keyframes=2
[action][watch] waiting for new keyframe outputs: pending=19, idle=31s/600s, sleep=30s
[action][watch] scan round=1611
[action] start split=train, total=651
[action] 2019_WJC_IF_Arina: using keyframes from keyframe_selector/outputs/fs1000_all_frame_indices/2019_WJC_IF_Arina/selected_frame_indices.csv (106 rows)
[action] saved ../FS1000 Dataset/static_resnet50_keyframe_cache/static_resnet50_keyframe_2019_WJC_IF_Arina_T106.npy, shape=(106, 2048)
[action] done split=train, processed=1, existing=634, waiting_keyframes=16
[action] start split=val, total=160
[action] done split=val, processed=0, existing=158, waiting_keyframes=2
[action][watch] round=1611 processed=1, total_processed=631, waiting_keyframes=18
[action][watch] scan round=1612
[action] start split=train, total=651
[action] done split=train, processed=0, existing=635, waiting_keyframes=16
[action] start split=val, total=160
[action] done split=val, processed=0, existing=158, waiting_keyframes=2
[action][watch] waiting for new keyframe outputs: pending=18, idle=1s/600s, sleep=30s
[action][watch] scan round=1613
[action] start split=train, total=651
[action] done split=train, processed=0, existing=635, waiting_keyframes=16
[action] start split=val, total=160
[action] done split=val, processed=0, existing=158, waiting_keyframes=2
[action][watch] waiting for new keyframe outputs: pending=18, idle=31s/600s, sleep=30s
[action][watch] scan round=1614
[action] start split=train, total=651
[action] 2019_WJC_IF_Avonley: using keyframes from keyframe_selector/outputs/fs1000_all_frame_indices/2019_WJC_IF_Avonley/selected_frame_indices.csv (106 rows)
[action] saved ../FS1000 Dataset/static_resnet50_keyframe_cache/static_resnet50_keyframe_2019_WJC_IF_Avonley_T106.npy, shape=(106, 2048)
[action] done split=train, processed=1, existing=635, waiting_keyframes=15
[action] start split=val, total=160
[action] done split=val, processed=0, existing=158, waiting_keyframes=2
[action][watch] round=1614 processed=1, total_processed=632, waiting_keyframes=17
[action][watch] scan round=1615
[action] start split=train, total=651
[action] done split=train, processed=0, existing=636, waiting_keyframes=15
[action] start split=val, total=160
[action] done split=val, processed=0, existing=158, waiting_keyframes=2
[action][watch] waiting for new keyframe outputs: pending=17, idle=1s/600s, sleep=30s
[action][watch] scan round=1616
[action] start split=train, total=651
[action] done split=train, processed=0, existing=636, waiting_keyframes=15
[action] start split=val, total=160
[action] done split=val, processed=0, existing=158, waiting_keyframes=2
[action][watch] waiting for new keyframe outputs: pending=17, idle=31s/600s, sleep=30s
[action][watch] scan round=1617
[action] start split=train, total=651
[action] 2019_WJC_IF_Caroline: using keyframes from keyframe_selector/outputs/fs1000_all_frame_indices/2019_WJC_IF_Caroline/selected_frame_indices.csv (104 rows)
[action] saved ../FS1000 Dataset/static_resnet50_keyframe_cache/static_resnet50_keyframe_2019_WJC_IF_Caroline_T104.npy, shape=(104, 2048)
[action] done split=train, processed=1, existing=636, waiting_keyframes=14
[action] start split=val, total=160
[action] done split=val, processed=0, existing=158, waiting_keyframes=2
[action][watch] round=1617 processed=1, total_processed=633, waiting_keyframes=16
[action][watch] scan round=1618
[action] start split=train, total=651
[action] done split=train, processed=0, existing=637, waiting_keyframes=14
[action] start split=val, total=160
[action] done split=val, processed=0, existing=158, waiting_keyframes=2
[action][watch] waiting for new keyframe outputs: pending=16, idle=1s/600s, sleep=30s
[action][watch] scan round=1619
[action] start split=train, total=651
[action] done split=train, processed=0, existing=637, waiting_keyframes=14
[action] start split=val, total=160
[action] done split=val, processed=0, existing=158, waiting_keyframes=2
[action][watch] waiting for new keyframe outputs: pending=16, idle=31s/600s, sleep=30s
[action][watch] scan round=1620
[action] start split=train, total=651
[action] 2019_WJC_IF_Charise: using keyframes from keyframe_selector/outputs/fs1000_all_frame_indices/2019_WJC_IF_Charise/selected_frame_indices.csv (105 rows)
[action] saved ../FS1000 Dataset/static_resnet50_keyframe_cache/static_resnet50_keyframe_2019_WJC_IF_Charise_T105.npy, shape=(105, 2048)
[action] done split=train, processed=1, existing=637, waiting_keyframes=13
[action] start split=val, total=160
[action] done split=val, processed=0, existing=158, waiting_keyframes=2
[action][watch] round=1620 processed=1, total_processed=634, waiting_keyframes=15
[action][watch] scan round=1621
[action] start split=train, total=651
[action] done split=train, processed=0, existing=638, waiting_keyframes=13
[action] start split=val, total=160
[action] done split=val, processed=0, existing=158, waiting_keyframes=2
[action][watch] waiting for new keyframe outputs: pending=15, idle=1s/600s, sleep=30s
[action][watch] scan round=1622
[action] start split=train, total=651
[action] done split=train, processed=0, existing=638, waiting_keyframes=13
[action] start split=val, total=160
[action] done split=val, processed=0, existing=158, waiting_keyframes=2
[action][watch] waiting for new keyframe outputs: pending=15, idle=31s/600s, sleep=30s
[action][watch] scan round=1623
[action] start split=train, total=651
[action] 2019_WJC_IF_Darya: using keyframes from keyframe_selector/outputs/fs1000_all_frame_indices/2019_WJC_IF_Darya/selected_frame_indices.csv (105 rows)
[action] saved ../FS1000 Dataset/static_resnet50_keyframe_cache/static_resnet50_keyframe_2019_WJC_IF_Darya_T105.npy, shape=(105, 2048)
[action] done split=train, processed=1, existing=638, waiting_keyframes=12
[action] start split=val, total=160
[action] done split=val, processed=0, existing=158, waiting_keyframes=2
[action][watch] round=1623 processed=1, total_processed=635, waiting_keyframes=14
[action][watch] scan round=1624
[action] start split=train, total=651
[action] done split=train, processed=0, existing=639, waiting_keyframes=12
[action] start split=val, total=160
[action] done split=val, processed=0, existing=158, waiting_keyframes=2
[action][watch] waiting for new keyframe outputs: pending=14, idle=1s/600s, sleep=30s
[action][watch] scan round=1625
[action] start split=train, total=651
[action] done split=train, processed=0, existing=639, waiting_keyframes=12
[action] start split=val, total=160
[action] done split=val, processed=0, existing=158, waiting_keyframes=2
[action][watch] waiting for new keyframe outputs: pending=14, idle=31s/600s, sleep=30s
[action][watch] scan round=1626
[action] start split=train, total=651
[action] 2019_WJC_IF_Eliana: using keyframes from keyframe_selector/outputs/fs1000_all_frame_indices/2019_WJC_IF_Eliana/selected_frame_indices.csv (101 rows)
[action] saved ../FS1000 Dataset/static_resnet50_keyframe_cache/static_resnet50_keyframe_2019_WJC_IF_Eliana_T101.npy, shape=(101, 2048)
[action] done split=train, processed=1, existing=639, waiting_keyframes=11
[action] start split=val, total=160
[action] done split=val, processed=0, existing=158, waiting_keyframes=2
[action][watch] round=1626 processed=1, total_processed=636, waiting_keyframes=13
[action][watch] scan round=1627
[action] start split=train, total=651
[action] done split=train, processed=0, existing=640, waiting_keyframes=11
[action] start split=val, total=160
[action] done split=val, processed=0, existing=158, waiting_keyframes=2
[action][watch] waiting for new keyframe outputs: pending=13, idle=2s/600s, sleep=30s
[action][watch] scan round=1628
[action] start split=train, total=651
[action] done split=train, processed=0, existing=640, waiting_keyframes=11
[action] start split=val, total=160
[action] done split=val, processed=0, existing=158, waiting_keyframes=2
[action][watch] waiting for new keyframe outputs: pending=13, idle=32s/600s, sleep=30s
[action][watch] scan round=1629
[action] start split=train, total=651
[action] 2019_WJC_IF_Elizaveta: using keyframes from keyframe_selector/outputs/fs1000_all_frame_indices/2019_WJC_IF_Elizaveta/selected_frame_indices.csv (107 rows)
[action] saved ../FS1000 Dataset/static_resnet50_keyframe_cache/static_resnet50_keyframe_2019_WJC_IF_Elizaveta_T107.npy, shape=(107, 2048)
[action] done split=train, processed=1, existing=640, waiting_keyframes=10
[action] start split=val, total=160
[action] done split=val, processed=0, existing=158, waiting_keyframes=2
[action][watch] round=1629 processed=1, total_processed=637, waiting_keyframes=12
[action][watch] scan round=1630
[action] start split=train, total=651
[action] done split=train, processed=0, existing=641, waiting_keyframes=10
[action] start split=val, total=160
[action] done split=val, processed=0, existing=158, waiting_keyframes=2
[action][watch] waiting for new keyframe outputs: pending=12, idle=1s/600s, sleep=30s
[action][watch] scan round=1631
[action] start split=train, total=651
[action] 2019_WJC_IF_Emiliya: using keyframes from keyframe_selector/outputs/fs1000_all_frame_indices/2019_WJC_IF_Emiliya/selected_frame_indices.csv (98 rows)
[action] saved ../FS1000 Dataset/static_resnet50_keyframe_cache/static_resnet50_keyframe_2019_WJC_IF_Emiliya_T98.npy, shape=(98, 2048)
[action] done split=train, processed=1, existing=641, waiting_keyframes=9
[action] start split=val, total=160
[action] done split=val, processed=0, existing=158, waiting_keyframes=2
[action][watch] round=1631 processed=1, total_processed=638, waiting_keyframes=11
[action][watch] scan round=1632
[action] start split=train, total=651
[action] done split=train, processed=0, existing=642, waiting_keyframes=9
[action] start split=val, total=160
[action] done split=val, processed=0, existing=158, waiting_keyframes=2
[action][watch] waiting for new keyframe outputs: pending=11, idle=1s/600s, sleep=30s
[action][watch] scan round=1633
[action] start split=train, total=651
[action] done split=train, processed=0, existing=642, waiting_keyframes=9
[action] start split=val, total=160
[action] done split=val, processed=0, existing=158, waiting_keyframes=2
[action][watch] waiting for new keyframe outputs: pending=11, idle=31s/600s, sleep=30s
[action][watch] scan round=1634
[action] start split=train, total=651
[action] done split=train, processed=0, existing=642, waiting_keyframes=9
[action] start split=val, total=160
[action] 2019_WJC_IF_Evgeniia: using keyframes from keyframe_selector/outputs/fs1000_all_frame_indices/2019_WJC_IF_Evgeniia/selected_frame_indices.csv (106 rows)
[action] saved ../FS1000 Dataset/static_resnet50_keyframe_cache/static_resnet50_keyframe_2019_WJC_IF_Evgeniia_T106.npy, shape=(106, 2048)
[action] done split=val, processed=1, existing=158, waiting_keyframes=1
[action][watch] round=1634 processed=1, total_processed=639, waiting_keyframes=10
[action][watch] scan round=1635
[action] start split=train, total=651
[action] done split=train, processed=0, existing=642, waiting_keyframes=9
[action] start split=val, total=160
[action] done split=val, processed=0, existing=159, waiting_keyframes=1
[action][watch] waiting for new keyframe outputs: pending=10, idle=1s/600s, sleep=30s
[action][watch] scan round=1636
[action] start split=train, total=651
[action] done split=train, processed=0, existing=642, waiting_keyframes=9
[action] start split=val, total=160
[action] done split=val, processed=0, existing=159, waiting_keyframes=1
[action][watch] waiting for new keyframe outputs: pending=10, idle=31s/600s, sleep=30s
[action][watch] scan round=1637
[action] start split=train, total=651
[action] 2019_WJC_IF_Francesca: using keyframes from keyframe_selector/outputs/fs1000_all_frame_indices/2019_WJC_IF_Francesca/selected_frame_indices.csv (106 rows)
[action] saved ../FS1000 Dataset/static_resnet50_keyframe_cache/static_resnet50_keyframe_2019_WJC_IF_Francesca_T106.npy, shape=(106, 2048)
[action] done split=train, processed=1, existing=642, waiting_keyframes=8
[action] start split=val, total=160
[action] done split=val, processed=0, existing=159, waiting_keyframes=1
[action][watch] round=1637 processed=1, total_processed=640, waiting_keyframes=9
[action][watch] scan round=1638
[action] start split=train, total=651
[action] done split=train, processed=0, existing=643, waiting_keyframes=8
[action] start split=val, total=160
[action] done split=val, processed=0, existing=159, waiting_keyframes=1
[action][watch] waiting for new keyframe outputs: pending=9, idle=1s/600s, sleep=30s
[action][watch] scan round=1639
[action] start split=train, total=651
[action] done split=train, processed=0, existing=643, waiting_keyframes=8
[action] start split=val, total=160
[action] done split=val, processed=0, existing=159, waiting_keyframes=1
[action][watch] waiting for new keyframe outputs: pending=9, idle=31s/600s, sleep=30s
[action][watch] scan round=1640
[action] start split=train, total=651
[action] 2019_WJC_IF_Loicia: using keyframes from keyframe_selector/outputs/fs1000_all_frame_indices/2019_WJC_IF_Loicia/selected_frame_indices.csv (107 rows)
[action] saved ../FS1000 Dataset/static_resnet50_keyframe_cache/static_resnet50_keyframe_2019_WJC_IF_Loicia_T107.npy, shape=(107, 2048)
[action] done split=train, processed=1, existing=643, waiting_keyframes=7
[action] start split=val, total=160
[action] done split=val, processed=0, existing=159, waiting_keyframes=1
[action][watch] round=1640 processed=1, total_processed=641, waiting_keyframes=8
[action][watch] scan round=1641
[action] start split=train, total=651
[action] done split=train, processed=0, existing=644, waiting_keyframes=7
[action] start split=val, total=160
[action] done split=val, processed=0, existing=159, waiting_keyframes=1
[action][watch] waiting for new keyframe outputs: pending=8, idle=1s/600s, sleep=30s
[action][watch] scan round=1642
[action] start split=train, total=651
[action] done split=train, processed=0, existing=644, waiting_keyframes=7
[action] start split=val, total=160
[action] done split=val, processed=0, existing=159, waiting_keyframes=1
[action][watch] waiting for new keyframe outputs: pending=8, idle=31s/600s, sleep=30s
[action][watch] scan round=1643
[action] start split=train, total=651
[action] 2019_WJC_IF_Maria: using keyframes from keyframe_selector/outputs/fs1000_all_frame_indices/2019_WJC_IF_Maria/selected_frame_indices.csv (103 rows)
[action] saved ../FS1000 Dataset/static_resnet50_keyframe_cache/static_resnet50_keyframe_2019_WJC_IF_Maria_T103.npy, shape=(103, 2048)
[action] done split=train, processed=1, existing=644, waiting_keyframes=6
[action] start split=val, total=160
[action] done split=val, processed=0, existing=159, waiting_keyframes=1
[action][watch] round=1643 processed=1, total_processed=642, waiting_keyframes=7
[action][watch] scan round=1644
[action] start split=train, total=651
[action] done split=train, processed=0, existing=645, waiting_keyframes=6
[action] start split=val, total=160
[action] done split=val, processed=0, existing=159, waiting_keyframes=1
[action][watch] waiting for new keyframe outputs: pending=7, idle=1s/600s, sleep=30s
[action][watch] scan round=1645
[action] start split=train, total=651
[action] done split=train, processed=0, existing=645, waiting_keyframes=6
[action] start split=val, total=160
[action] done split=val, processed=0, existing=159, waiting_keyframes=1
[action][watch] waiting for new keyframe outputs: pending=7, idle=31s/600s, sleep=30s
[action][watch] scan round=1646
[action] start split=train, total=651
[action] 2019_WJC_IF_Marjorie: using keyframes from keyframe_selector/outputs/fs1000_all_frame_indices/2019_WJC_IF_Marjorie/selected_frame_indices.csv (106 rows)
[action] saved ../FS1000 Dataset/static_resnet50_keyframe_cache/static_resnet50_keyframe_2019_WJC_IF_Marjorie_T106.npy, shape=(106, 2048)
[action] done split=train, processed=1, existing=645, waiting_keyframes=5
[action] start split=val, total=160
[action] done split=val, processed=0, existing=159, waiting_keyframes=1
[action][watch] round=1646 processed=1, total_processed=643, waiting_keyframes=6
[action][watch] scan round=1647
[action] start split=train, total=651
[action] done split=train, processed=0, existing=646, waiting_keyframes=5
[action] start split=val, total=160
[action] done split=val, processed=0, existing=159, waiting_keyframes=1
[action][watch] waiting for new keyframe outputs: pending=6, idle=1s/600s, sleep=30s
[action][watch] scan round=1648
[action] start split=train, total=651
[action] done split=train, processed=0, existing=646, waiting_keyframes=5
[action] start split=val, total=160
[action] done split=val, processed=0, existing=159, waiting_keyframes=1
[action][watch] waiting for new keyframe outputs: pending=6, idle=31s/600s, sleep=30s
[action][watch] scan round=1649
[action] start split=train, total=651
[action] done split=train, processed=0, existing=646, waiting_keyframes=5
[action] start split=val, total=160
[action] 2019_WJC_IF_Mira: using keyframes from keyframe_selector/outputs/fs1000_all_frame_indices/2019_WJC_IF_Mira/selected_frame_indices.csv (99 rows)
[action] saved ../FS1000 Dataset/static_resnet50_keyframe_cache/static_resnet50_keyframe_2019_WJC_IF_Mira_T99.npy, shape=(99, 2048)
[action] done split=val, processed=1, existing=159, waiting_keyframes=0
[action][watch] round=1649 processed=1, total_processed=644, waiting_keyframes=5
[action][watch] scan round=1650
[action] start split=train, total=651
[action] done split=train, processed=0, existing=646, waiting_keyframes=5
[action] start split=val, total=160
[action] done split=val, processed=0, existing=160, waiting_keyframes=0
[action][watch] waiting for new keyframe outputs: pending=5, idle=1s/600s, sleep=30s
[action][watch] scan round=1651
[action] start split=train, total=651
[action] done split=train, processed=0, existing=646, waiting_keyframes=5
[action] start split=val, total=160
[action] done split=val, processed=0, existing=160, waiting_keyframes=0
[action][watch] waiting for new keyframe outputs: pending=5, idle=31s/600s, sleep=30s
[action][watch] scan round=1652
[action] start split=train, total=651
[action] 2019_WJC_IF_Natalie: using keyframes from keyframe_selector/outputs/fs1000_all_frame_indices/2019_WJC_IF_Natalie/selected_frame_indices.csv (107 rows)
[action] saved ../FS1000 Dataset/static_resnet50_keyframe_cache/static_resnet50_keyframe_2019_WJC_IF_Natalie_T107.npy, shape=(107, 2048)
[action] done split=train, processed=1, existing=646, waiting_keyframes=4
[action] start split=val, total=160
[action] done split=val, processed=0, existing=160, waiting_keyframes=0
[action][watch] round=1652 processed=1, total_processed=645, waiting_keyframes=4
[action][watch] scan round=1653
[action] start split=train, total=651
[action] done split=train, processed=0, existing=647, waiting_keyframes=4
[action] start split=val, total=160
[action] done split=val, processed=0, existing=160, waiting_keyframes=0
[action][watch] waiting for new keyframe outputs: pending=4, idle=1s/600s, sleep=30s
[action][watch] scan round=1654
[action] start split=train, total=651
[action] done split=train, processed=0, existing=647, waiting_keyframes=4
[action] start split=val, total=160
[action] done split=val, processed=0, existing=160, waiting_keyframes=0
[action][watch] waiting for new keyframe outputs: pending=4, idle=31s/600s, sleep=30s
[action][watch] scan round=1655
[action] start split=train, total=651
[action] 2019_WJC_IF_Sasha: using keyframes from keyframe_selector/outputs/fs1000_all_frame_indices/2019_WJC_IF_Sasha/selected_frame_indices.csv (111 rows)
[action] saved ../FS1000 Dataset/static_resnet50_keyframe_cache/static_resnet50_keyframe_2019_WJC_IF_Sasha_T111.npy, shape=(111, 2048)
[action] done split=train, processed=1, existing=647, waiting_keyframes=3
[action] start split=val, total=160
[action] done split=val, processed=0, existing=160, waiting_keyframes=0
[action][watch] round=1655 processed=1, total_processed=646, waiting_keyframes=3
[action][watch] scan round=1656
[action] start split=train, total=651
[action] done split=train, processed=0, existing=648, waiting_keyframes=3
[action] start split=val, total=160
[action] done split=val, processed=0, existing=160, waiting_keyframes=0
[action][watch] waiting for new keyframe outputs: pending=3, idle=1s/600s, sleep=30s
[action][watch] scan round=1657
[action] start split=train, total=651
[action] done split=train, processed=0, existing=648, waiting_keyframes=3
[action] start split=val, total=160
[action] done split=val, processed=0, existing=160, waiting_keyframes=0
[action][watch] waiting for new keyframe outputs: pending=3, idle=31s/600s, sleep=30s
[action][watch] scan round=1658
[action] start split=train, total=651
[action] 2019_WJC_IF_Sofia: using keyframes from keyframe_selector/outputs/fs1000_all_frame_indices/2019_WJC_IF_Sofia/selected_frame_indices.csv (105 rows)
[action] saved ../FS1000 Dataset/static_resnet50_keyframe_cache/static_resnet50_keyframe_2019_WJC_IF_Sofia_T105.npy, shape=(105, 2048)
[action] done split=train, processed=1, existing=648, waiting_keyframes=2
[action] start split=val, total=160
[action] done split=val, processed=0, existing=160, waiting_keyframes=0
[action][watch] round=1658 processed=1, total_processed=647, waiting_keyframes=2
[action][watch] scan round=1659
[action] start split=train, total=651
[action] done split=train, processed=0, existing=649, waiting_keyframes=2
[action] start split=val, total=160
[action] done split=val, processed=0, existing=160, waiting_keyframes=0
[action][watch] waiting for new keyframe outputs: pending=2, idle=1s/600s, sleep=30s
[action][watch] scan round=1660
[action] start split=train, total=651
[action] done split=train, processed=0, existing=649, waiting_keyframes=2
[action] start split=val, total=160
[action] done split=val, processed=0, existing=160, waiting_keyframes=0
[action][watch] waiting for new keyframe outputs: pending=2, idle=31s/600s, sleep=30s
[action][watch] scan round=1661
[action] start split=train, total=651
[action] 2019_WJC_IF_Viktoria: using keyframes from keyframe_selector/outputs/fs1000_all_frame_indices/2019_WJC_IF_Viktoria/selected_frame_indices.csv (104 rows)
[action] saved ../FS1000 Dataset/static_resnet50_keyframe_cache/static_resnet50_keyframe_2019_WJC_IF_Viktoria_T104.npy, shape=(104, 2048)
[action] done split=train, processed=1, existing=649, waiting_keyframes=1
[action] start split=val, total=160
[action] done split=val, processed=0, existing=160, waiting_keyframes=0
[action][watch] round=1661 processed=1, total_processed=648, waiting_keyframes=1
[action][watch] scan round=1662
[action] start split=train, total=651
[action] done split=train, processed=0, existing=650, waiting_keyframes=1
[action] start split=val, total=160
[action] done split=val, processed=0, existing=160, waiting_keyframes=0
[action][watch] waiting for new keyframe outputs: pending=1, idle=1s/600s, sleep=30s
[action][watch] scan round=1663
[action] start split=train, total=651
[action] done split=train, processed=0, existing=650, waiting_keyframes=1
[action] start split=val, total=160
[action] done split=val, processed=0, existing=160, waiting_keyframes=0
[action][watch] waiting for new keyframe outputs: pending=1, idle=31s/600s, sleep=30s
[action][watch] scan round=1664
[action] start split=train, total=651
[action] 2019_WJC_IF_Viktoriia: using keyframes from keyframe_selector/outputs/fs1000_all_frame_indices/2019_WJC_IF_Viktoriia/selected_frame_indices.csv (104 rows)
[action] saved ../FS1000 Dataset/static_resnet50_keyframe_cache/static_resnet50_keyframe_2019_WJC_IF_Viktoriia_T104.npy, shape=(104, 2048)
[action] done split=train, processed=1, existing=650, waiting_keyframes=0
[action] start split=val, total=160
[action] done split=val, processed=0, existing=160, waiting_keyframes=0
[action][watch] round=1664 processed=1, total_processed=649, waiting_keyframes=0
[action][watch] scan round=1665
[action] start split=train, total=651
[action] done split=train, processed=0, existing=651, waiting_keyframes=0
[action] start split=val, total=160
[action] done split=val, processed=0, existing=160, waiting_keyframes=0
[action][watch] no pending videos without keyframes; total_processed=649. Exit.
[action] static feature precompute finished.
